DEBUG: Parsed projects from command line: ["ISP"]
DEBUG: Cleaned project list: ["ISP"]
Starting direct Jira import with modules for project(s): ISP (dry_run: false)
Discovering custom fields...
Found Module field: customfield_10232 - Imarisha Mobile Banking Modules
Found Submodule field: customfield_10233 - Imarisha Mobile Banking Modules/Sub-Modules
Found Module field: customfield_10064 - Modules(s) Affected
Found Submodule field: customfield_10464 - Imarisha  ERP Modules / Sub-Modules
Found Module field: customfield_10465 - Imarisha  ERP Modules
Found Module field: customfield_10103 - Module
Found Submodule field: customfield_10163 - KCBL Modules/Submodules
Found Module field: customfield_10164 - KCBL Modules
Found Submodule field: customfield_10397 - NCBA Modules / Sub-Modules
Found Module field: customfield_10430 - Rafiki Modules
Found Module field: customfield_10398 - NCBA Modules
Found Submodule field: customfield_10431 - Rafiki Modules /Sub Modules
Found Submodule field: customfield_10156 - Sofia Modules_Submodules
Found Module field: customfield_10140 - Module - AML
Found Banking Type field: customfield_10141 - BankingType
Found Module field: customfield_10265 - Imarisha Internet Banking Modules
Found Submodule field: customfield_10266 - Imarisha Internet Banking Modules/Sub-Modules
Found Module field: customfield_10267 - Imarisha Agency Banking Modules
Found Submodule field: customfield_10268 - Imarisha Agency Banking Modules/Sub-Modules
Found Module field: customfield_10137 - Module 2 - Admin Portal Features
Found Submodule field: customfield_10533 - Imarisha Audit Modules / Sub-Modules
Found Module field: customfield_10136 - Module  - SC Juza
Found Module field: customfield_10532 - Imarisha Audit Modules
Found Submodule field: customfield_10365 - Kenya Police Modules / Sub-Modules
Found Module field: customfield_10366 - Kenya Police Modules
Fetching Jira issues with JQL: project = ISP AND labels = QA AND issuetype = Bug AND status IN ("Awaiting Build", "Awaiting client API", "Awaiting Client Information", BLOCKED, Failed-QA, "In Progress", On-Hold, "QA Testing", Reopened, Resolved, "Support Testing", "To Do", Closed) AND cf[10141] = "ERP" ORDER BY created DESC
Projects: ISP
DEBUG: Project keys received: ["ISP"]
DEBUG: Full JQL: project = ISP AND labels = QA AND issuetype = Bug AND status IN ("Awaiting Build", "Awaiting client API", "Awaiting Client Information", BLOCKED, Failed-QA, "In Progress", On-Hold, "QA Testing", Reopened, Resolved, "Support Testing", "To Do", Closed) AND cf[10141] = "ERP" ORDER BY created DESC
Page 1: Requesting with nextPageToken=nil
✓ Page 1: Fetched 100 issues (total collected: 100) [isLast: false, hasNextToken: YES]
Page 2: Requesting with nextPageToken=Ck1jcmVhdGVkJmNyZWF0Z...
✓ Page 2: Fetched 100 issues (total collected: 200) [isLast: false, hasNextToken: YES]
Page 3: Requesting with nextPageToken=Ck1jcmVhdGVkJmNyZWF0Z...
✓ Page 3: Fetched 100 issues (total collected: 300) [isLast: false, hasNextToken: YES]
Page 4: Requesting with nextPageToken=Ck1jcmVhdGVkJmNyZWF0Z...
✓ Page 4: Fetched 100 issues (total collected: 400) [isLast: false, hasNextToken: YES]
Page 5: Requesting with nextPageToken=Ck1jcmVhdGVkJmNyZWF0Z...
✓ Page 5: Fetched 39 issues (total collected: 439) [isLast: true, hasNextToken: NO]
✓ Jira indicates last page (isLast: true) - pagination complete
📊 Total issues fetched from Jira: 439 (across 5 pages)
Successfully fetched 439 issues from Jira across 1 project(s)
Using custom fields - Module: customfield_10366, Submodule: customfield_10365, Banking Type: customfield_10141

Issues per project:
  - ISP: 439 issue(s)
Processing issue 1/439: ISP-1990
[DEBUG-LABELS] Total labels found for ISP-1990: 2
[USER-MATCH] Matched 'archana.verma' by parsed first+last: archana verma -> 7b5370b5-abcd-4ad2-908b-1791ca40d9c9
[USER-MATCH] Matched 'Robert Mbugua Kanyoro' by email: robert.mbugua@craftsilicon.com -> fb1e0a05-f047-4e22-a52b-b9b1fe4b4358
[STATUS-MATCH] Matched status 'To Do' by name: TO DO -> 26ce9725-f948-4e26-8bfd-5e353e685e59
[BANKING-MATCH] Found existing banking type 'ERP' -> d9a45733-9624-42c2-afcc-888ce998dbbe
📥 DOWNLOADING ISSUE-LEVEL ATTACHMENTS FOR ISP-1990
   Total files: 1 (17.83 MB)

   [1/1] ⏭️  SKIP: ISP-1990-Search and Show Entries.mp4 (already attached)

📊 Attachment Summary for ISP-1990:
   ✅ Uploaded: 0
   ⏭️  Skipped: 1
   ❌ Failed: 0

[LABEL] Processing 2 label(s) for ISP-1990
[LABEL-MATCH] Found existing label 'New_ERP' (stored as 'new_erp') -> a9f0bd31-9bc0-4a7b-90fc-2ed53a305e8d
[LABEL-SKIP] Label 'new_erp' already attached to ISP-1990
[LABEL-MATCH] Found existing label 'QA' (stored as 'qa') -> f66526ba-6a94-47b5-8239-f9fae5aa2248
[LABEL-SKIP] Label 'qa' already attached to ISP-1990
[LABEL] Completed processing labels for ISP-1990. Total attached: 2
[DESCRIPTION-VALIDATE] ISP-1990: new_len=371, existing_len=407
[DESCRIPTION-UPDATE] ISP-1990: Updated description (371 chars)
  Previous: <div class="trix-content">
  <p><strong>Actual Result-</strong>In full screen mode and when the side ...
  Updated: <p><strong>Actual Result-</strong>In full screen mode and when the side bar is restored back, on both...
Processing issue 2/439: ISP-1989
[DEBUG-LABELS] Total labels found for ISP-1989: 2
[USER-MATCH] Matched 'archana.verma' by parsed first+last: archana verma -> 7b5370b5-abcd-4ad2-908b-1791ca40d9c9
[USER-MATCH] Matched 'Robert Mbugua Kanyoro' by email: robert.mbugua@craftsilicon.com -> fb1e0a05-f047-4e22-a52b-b9b1fe4b4358
[STATUS-MATCH] Matched status 'To Do' by name: TO DO -> 26ce9725-f948-4e26-8bfd-5e353e685e59
[BANKING-MATCH] Found existing banking type 'ERP' -> d9a45733-9624-42c2-afcc-888ce998dbbe
📥 DOWNLOADING ISSUE-LEVEL ATTACHMENTS FOR ISP-1989
   Total files: 1 (9.47 MB)

   [1/1] ⏭️  SKIP: ISP-1989-PO for Tender.mp4 (already attached)

📊 Attachment Summary for ISP-1989:
   ✅ Uploaded: 0
   ⏭️  Skipped: 1
   ❌ Failed: 0

[LABEL] Processing 2 label(s) for ISP-1989
[LABEL-MATCH] Found existing label 'New_ERP' (stored as 'new_erp') -> a9f0bd31-9bc0-4a7b-90fc-2ed53a305e8d
[LABEL-SKIP] Label 'new_erp' already attached to ISP-1989
[LABEL-MATCH] Found existing label 'QA' (stored as 'qa') -> f66526ba-6a94-47b5-8239-f9fae5aa2248
[LABEL-SKIP] Label 'qa' already attached to ISP-1989
[LABEL] Completed processing labels for ISP-1989. Total attached: 2
[DESCRIPTION-VALIDATE] ISP-1989: new_len=354, existing_len=367
[DESCRIPTION-UPDATE] ISP-1989: Updated description (354 chars)
  Previous: <div class="trix-content">
  <p><strong>Actual Result-</strong><span>Tender no. dropdown is displayed...
  Updated: <p><strong>Actual Result-</strong><span style="color: #ff5630">Tender no. dropdown is displayed as bl...
Processing issue 3/439: ISP-1988
[DEBUG-LABELS] Total labels found for ISP-1988: 2
[USER-MATCH] Matched 'archana.verma' by parsed first+last: archana verma -> 7b5370b5-abcd-4ad2-908b-1791ca40d9c9
[USER-MATCH] Matched 'Robert Mbugua Kanyoro' by email: robert.mbugua@craftsilicon.com -> fb1e0a05-f047-4e22-a52b-b9b1fe4b4358
[STATUS-MATCH] Matched status 'In Progress' by name: In Progress -> c805a0e9-73fc-4726-a1ab-d28b9a36469e
[BANKING-MATCH] Found existing banking type 'ERP' -> d9a45733-9624-42c2-afcc-888ce998dbbe
📥 DOWNLOADING ISSUE-LEVEL ATTACHMENTS FOR ISP-1988
   Total files: 1 (21.9 MB)

   [1/1] ⏭️  SKIP: ISP-1988-Tender based on Proc plan.mp4 (already attached)

📊 Attachment Summary for ISP-1988:
   ✅ Uploaded: 0
   ⏭️  Skipped: 1
   ❌ Failed: 0

[LABEL] Processing 2 label(s) for ISP-1988
[LABEL-MATCH] Found existing label 'New_ERP' (stored as 'new_erp') -> a9f0bd31-9bc0-4a7b-90fc-2ed53a305e8d
[LABEL-SKIP] Label 'new_erp' already attached to ISP-1988
[LABEL-MATCH] Found existing label 'QA' (stored as 'qa') -> f66526ba-6a94-47b5-8239-f9fae5aa2248
[LABEL-SKIP] Label 'qa' already attached to ISP-1988
[LABEL] Completed processing labels for ISP-1988. Total attached: 2
[DESCRIPTION-VALIDATE] ISP-1988: new_len=79, existing_len=115
[DESCRIPTION-UPDATE] ISP-1988: Updated description (79 chars)
  Previous: <div class="trix-content">
  <p><strong>Actual Result-</strong></p>
<p><strong>Expected Result-</stro...
Processing issue 4/439: ISP-1979  Error on attempt 1/5: ActiveRecord::RecordNotUnique: PG::UniqueViolation: ERROR:  duplicate key value violates unique constraint "index_active_storage_attachments_uniqueness"
DETAIL:  Key (record_type, record_id, name, blob_id)=(Defect, 4f11e350-35a8-46bd-8a2b-0d1063bd0dde, attachments, fac265d9-b26d-4607-98b7-49ba5ac6a855) already exists.
  Backtrace: /home/robert/.rbenv/versions/3.3.5/lib/ruby/gems/3.3.0/gems/activerecord-7.2.2.2/lib/active_record/connection_adapters/postgresql_adapter.rb:894:in `exec_params'
           /home/robert/.rbenv/versions/3.3.5/lib/ruby/gems/3.3.0/gems/activerecord-7.2.2.2/lib/active_record/connection_adapters/postgresql_adapter.rb:894:in `block (2 levels) in exec_no_cache'
           /home/robert/.rbenv/versions/3.3.5/lib/ruby/gems/3.3.0/gems/activerecord-7.2.2.2/lib/active_record/connection_adapters/abstract_adapter.rb:1004:in `block in with_raw_connection'
  Error on attempt 2/5: ActiveRecord::RecordNotUnique: PG::UniqueViolation: ERROR:  duplicate key value violates unique constraint "index_active_storage_attachments_uniqueness"
DETAIL:  Key (record_type, record_id, name, blob_id)=(Defect, 4f11e350-35a8-46bd-8a2b-0d1063bd0dde, attachments, fac265d9-b26d-4607-98b7-49ba5ac6a855) already exists.
  Backtrace: /home/robert/.rbenv/versions/3.3.5/lib/ruby/gems/3.3.0/gems/activerecord-7.2.2.2/lib/active_record/connection_adapters/postgresql_adapter.rb:894:in `exec_params'
           /home/robert/.rbenv/versions/3.3.5/lib/ruby/gems/3.3.0/gems/activerecord-7.2.2.2/lib/active_record/connection_adapters/postgresql_adapter.rb:894:in `block (2 levels) in exec_no_cache'
           /home/robert/.rbenv/versions/3.3.5/lib/ruby/gems/3.3.0/gems/activerecord-7.2.2.2/lib/active_record/connection_adapters/abstract_adapter.rb:1004:in `block in with_raw_connection'

[DEBUG-LABELS] Total labels found for ISP-1979: 2
[USER-MATCH] Matched 'archana.verma' by parsed first+last: archana verma -> 7b5370b5-abcd-4ad2-908b-1791ca40d9c9
[USER-MATCH] Matched 'Robert Mbugua Kanyoro' by email: robert.mbugua@craftsilicon.com -> fb1e0a05-f047-4e22-a52b-b9b1fe4b4358
[STATUS-MATCH] Matched status 'In Progress' by name: In Progress -> c805a0e9-73fc-4726-a1ab-d28b9a36469e
[BANKING-MATCH] Found existing banking type 'ERP' -> d9a45733-9624-42c2-afcc-888ce998dbbe
📥 DOWNLOADING ISSUE-LEVEL ATTACHMENTS FOR ISP-1979
   Total files: 1 (21.34 MB)

   [1/1] ⏭️  SKIP: ISP-1979, 1978-Tender details.mp4 (already attached)

📊 Attachment Summary for ISP-1979:
   ✅ Uploaded: 0
   ⏭️  Skipped: 1
   ❌ Failed: 0

[LABEL] Processing 2 label(s) for ISP-1979
[LABEL-MATCH] Found existing label 'New_ERP' (stored as 'new_erp') -> a9f0bd31-9bc0-4a7b-90fc-2ed53a305e8d
[LABEL-SKIP] Label 'new_erp' already attached to ISP-1979
[LABEL-MATCH] Found existing label 'QA' (stored as 'qa') -> f66526ba-6a94-47b5-8239-f9fae5aa2248
[LABEL-SKIP] Label 'qa' already attached to ISP-1979
[LABEL] Completed processing labels for ISP-1979. Total attached: 2
[DESCRIPTION-VALIDATE] ISP-1979: new_len=332, existing_len=345
[DESCRIPTION-UPDATE] ISP-1979: Updated description (332 chars)
  Previous: <div class="trix-content">
  <p><strong>Actual Result-</strong><span>Items in this Tender section are...
  Updated: <p><strong>Actual Result-</strong><span style="color: #ff5630">Items in this Tender section are displ...
Processing issue 5/439: ISP-1978
[DEBUG-LABELS] Total labels found for ISP-1978: 2
[USER-MATCH] Matched 'archana.verma' by parsed first+last: archana verma -> 7b5370b5-abcd-4ad2-908b-1791ca40d9c9
[USER-MATCH] Matched 'Robert Mbugua Kanyoro' by email: robert.mbugua@craftsilicon.com -> fb1e0a05-f047-4e22-a52b-b9b1fe4b4358
[STATUS-MATCH] Matched status 'In Progress' by name: In Progress -> c805a0e9-73fc-4726-a1ab-d28b9a36469e
[BANKING-MATCH] Found existing banking type 'ERP' -> d9a45733-9624-42c2-afcc-888ce998dbbe
📥 DOWNLOADING ISSUE-LEVEL ATTACHMENTS FOR ISP-1978
   Total files: 1 (21.34 MB)

   [1/1] ⏭️  SKIP: ISP-1978-Tender details.mp4 (already attached)

📊 Attachment Summary for ISP-1978:
   ✅ Uploaded: 0
   ⏭️  Skipped: 1
   ❌ Failed: 0

[LABEL] Processing 2 label(s) for ISP-1978
[LABEL-MATCH] Found existing label 'New_ERP' (stored as 'new_erp') -> a9f0bd31-9bc0-4a7b-90fc-2ed53a305e8d
[LABEL-SKIP] Label 'new_erp' already attached to ISP-1978
[LABEL-MATCH] Found existing label 'QA' (stored as 'qa') -> f66526ba-6a94-47b5-8239-f9fae5aa2248
[LABEL-SKIP] Label 'qa' already attached to ISP-1978
[LABEL] Completed processing labels for ISP-1978. Total attached: 2
[DESCRIPTION-VALIDATE] ISP-1978: new_len=476, existing_len=489
[DESCRIPTION-UPDATE] ISP-1978: Updated description (476 chars)
  Previous: <div class="trix-content">
  <p><strong>Actual Result-</strong><span>Tender is saved successfully wit...
  Updated: <p><strong>Actual Result-</strong><span style="color: #ff5630">Tender is saved successfully with inco...
Processing issue 6/439: ISP-1975
[DEBUG-LABELS] Total labels found for ISP-1975: 3
[USER-MATCH] Matched 'archana.verma' by parsed first+last: archana verma -> 7b5370b5-abcd-4ad2-908b-1791ca40d9c9
[USER-MATCH] Matched 'Robert Mbugua Kanyoro' by email: robert.mbugua@craftsilicon.com -> fb1e0a05-f047-4e22-a52b-b9b1fe4b4358
[STATUS-MATCH] Matched status 'In Progress' by name: In Progress -> c805a0e9-73fc-4726-a1ab-d28b9a36469e
[BANKING-MATCH] Found existing banking type 'ERP' -> d9a45733-9624-42c2-afcc-888ce998dbbe
📥 DOWNLOADING ISSUE-LEVEL ATTACHMENTS FOR ISP-1975
   Total files: 1 (39.09 MB)

   [1/1] ⏭️  SKIP: ISP-1975,1974, ISP-1973-Bulk Responsive and Contract Issues.mp4 (already attached)

📊 Attachment Summary for ISP-1975:
   ✅ Uploaded: 0
   ⏭️  Skipped: 1
   ❌ Failed: 0

[LABEL] Processing 3 label(s) for ISP-1975
[LABEL-MATCH] Found existing label 'Blocker' (stored as 'blocker') -> 53446826-4aac-4ac5-bcac-9aadd9a0f375
[LABEL-SKIP] Label 'blocker' already attached to ISP-1975
[LABEL-MATCH] Found existing label 'New_ERP' (stored as 'new_erp') -> a9f0bd31-9bc0-4a7b-90fc-2ed53a305e8d
[LABEL-SKIP] Label 'new_erp' already attached to ISP-1975
[LABEL-MATCH] Found existing label 'QA' (stored as 'qa') -> f66526ba-6a94-47b5-8239-f9fae5aa2248
[LABEL-SKIP] Label 'qa' already attached to ISP-1975
[LABEL] Completed processing labels for ISP-1975. Total attached: 3
[DESCRIPTION-VALIDATE] ISP-1975: new_len=79, existing_len=115
[DESCRIPTION-UPDATE] ISP-1975: Updated description (79 chars)
  Previous: <div class="trix-content">
  <p><strong>Actual Result-</strong></p>
<p><strong>Expected Result-</stro...
Processing issue 7/439: ISP-1974
[DEBUG-LABELS] Total labels found for ISP-1974: 2
[USER-MATCH] Matched 'archana.verma' by parsed first+last: archana verma -> 7b5370b5-abcd-4ad2-908b-1791ca40d9c9
[USER-MATCH] Matched 'Robert Mbugua Kanyoro' by email: robert.mbugua@craftsilicon.com -> fb1e0a05-f047-4e22-a52b-b9b1fe4b4358
[STATUS-MATCH] Matched status 'In Progress' by name: In Progress -> c805a0e9-73fc-4726-a1ab-d28b9a36469e
[BANKING-MATCH] Found existing banking type 'ERP' -> d9a45733-9624-42c2-afcc-888ce998dbbe
📥 DOWNLOADING ISSUE-LEVEL ATTACHMENTS FOR ISP-1974
   Total files: 1 (39.09 MB)

   [1/1] ⏭️  SKIP: ISP-1974, ISP-1973-Bulk Responsive and Contract Issues.mp4 (already attached)

📊 Attachment Summary for ISP-1974:
   ✅ Uploaded: 0
   ⏭️  Skipped: 1
   ❌ Failed: 0

[LABEL] Processing 2 label(s) for ISP-1974
[LABEL-MATCH] Found existing label 'New_ERP' (stored as 'new_erp') -> a9f0bd31-9bc0-4a7b-90fc-2ed53a305e8d
[LABEL-SKIP] Label 'new_erp' already attached to ISP-1974
[LABEL-MATCH] Found existing label 'QA' (stored as 'qa') -> f66526ba-6a94-47b5-8239-f9fae5aa2248
[LABEL-SKIP] Label 'qa' already attached to ISP-1974
[LABEL] Completed processing labels for ISP-1974. Total attached: 2
[DESCRIPTION-VALIDATE] ISP-1974: new_len=79, existing_len=115
[DESCRIPTION-UPDATE] ISP-1974: Updated description (79 chars)
  Previous: <div class="trix-content">
  <p><strong>Actual Result-</strong></p>
<p><strong>Expected Result-</stro...
Processing issue 8/439: ISP-1973
[DEBUG-LABELS] Total labels found for ISP-1973: 2
[USER-MATCH] Matched 'archana.verma' by parsed first+last: archana verma -> 7b5370b5-abcd-4ad2-908b-1791ca40d9c9
[USER-MATCH] Matched 'Robert Mbugua Kanyoro' by email: robert.mbugua@craftsilicon.com -> fb1e0a05-f047-4e22-a52b-b9b1fe4b4358
[STATUS-MATCH] Matched status 'In Progress' by name: In Progress -> c805a0e9-73fc-4726-a1ab-d28b9a36469e
[BANKING-MATCH] Found existing banking type 'ERP' -> d9a45733-9624-42c2-afcc-888ce998dbbe
📥 DOWNLOADING ISSUE-LEVEL ATTACHMENTS FOR ISP-1973
   Total files: 2 (42.9 MB)

   [1/2] ⏭️  SKIP: ISP-1973-Bulk Non responsive.mp4 (already attached)
   [2/2] 📥 Downloading: ISP-1973-Bulk Responsive and Contract Issues.mp4 (39.09 MB)
  Attempt 1/5: Downloading from https://craftsilicon.atlassian.net/rest/api/3/attachment/content/130207...
  Following redirect 1/6 to: https://api.media.atlassian.com/file/0787234b-859e-4fb2-ab2f-a50311f8108c/binary?token=eyJhbGciOiJIUzI1NiJ9.eyJpc3MiOiJiN...
  Attempt 1/5: Downloading from https://api.media.atlassian.com/file/0787234b-859e-4fb2-ab2f-a50311f8108c/binary?token=eyJhbGciOiJIUzI1NiJ9.eyJpc3MiOiJiN...
  📊 Downloaded 10.0/39.09 MB...
  📊 Downloaded 20.0/39.09 MB...
  📊 Downloaded 30.0/39.09 MB...
  ✅ Downloaded 40992984 bytes successfully
  ⏳ Retrying in 2s...
  Attempt 2/5: Downloading from https://craftsilicon.atlassian.net/rest/api/3/attachment/content/130207...
  Following redirect 1/6 to: https://api.media.atlassian.com/file/0787234b-859e-4fb2-ab2f-a50311f8108c/binary?token=eyJhbGciOiJIUzI1NiJ9.eyJpc3MiOiJiN...
  Attempt 2/5: Downloading from https://api.media.atlassian.com/file/0787234b-859e-4fb2-ab2f-a50311f8108c/binary?token=eyJhbGciOiJIUzI1NiJ9.eyJpc3MiOiJiN...
  📊 Downloaded 10.0/39.09 MB...
  📊 Downloaded 20.0/39.09 MB...
  📊 Downloaded 30.0/39.09 MB...
  ✅ Downloaded 40992984 bytes successfully
  ⏳ Retrying in 4s...
  Attempt 3/5: Downloading from https://craftsilicon.atlassian.net/rest/api/3/attachment/content/130207...  Error on attempt 3/5: ActiveRecord::RecordNotUnique: PG::UniqueViolation: ERROR:  duplicate key value violates unique constraint "index_active_storage_attachments_uniqueness"
DETAIL:  Key (record_type, record_id, name, blob_id)=(Defect, 4f11e350-35a8-46bd-8a2b-0d1063bd0dde, attachments, fac265d9-b26d-4607-98b7-49ba5ac6a855) already exists.
  Backtrace: /home/robert/.rbenv/versions/3.3.5/lib/ruby/gems/3.3.0/gems/activerecord-7.2.2.2/lib/active_record/connection_adapters/postgresql_adapter.rb:894:in `exec_params'
           /home/robert/.rbenv/versions/3.3.5/lib/ruby/gems/3.3.0/gems/activerecord-7.2.2.2/lib/active_record/connection_adapters/postgresql_adapter.rb:894:in `block (2 levels) in exec_no_cache'
           /home/robert/.rbenv/versions/3.3.5/lib/ruby/gems/3.3.0/gems/activerecord-7.2.2.2/lib/active_record/connection_adapters/abstract_adapter.rb:1004:in `block in with_raw_connection'
  Error on attempt 4/5: ActiveRecord::RecordNotUnique: PG::UniqueViolation: ERROR:  duplicate key value violates unique constraint "index_active_storage_attachments_uniqueness"
DETAIL:  Key (record_type, record_id, name, blob_id)=(Defect, 4f11e350-35a8-46bd-8a2b-0d1063bd0dde, attachments, fac265d9-b26d-4607-98b7-49ba5ac6a855) already exists.
  Backtrace: /home/robert/.rbenv/versions/3.3.5/lib/ruby/gems/3.3.0/gems/activerecord-7.2.2.2/lib/active_record/connection_adapters/postgresql_adapter.rb:894:in `exec_params'
           /home/robert/.rbenv/versions/3.3.5/lib/ruby/gems/3.3.0/gems/activerecord-7.2.2.2/lib/active_record/connection_adapters/postgresql_adapter.rb:894:in `block (2 levels) in exec_no_cache'
           /home/robert/.rbenv/versions/3.3.5/lib/ruby/gems/3.3.0/gems/activerecord-7.2.2.2/lib/active_record/connection_adapters/abstract_adapter.rb:1004:in `block in with_raw_connection'
  Error on attempt 5/5: ActiveRecord::RecordNotUnique: PG::UniqueViolation: ERROR:  duplicate key value violates unique constraint "index_active_storage_attachments_uniqueness"
DETAIL:  Key (record_type, record_id, name, blob_id)=(Defect, 4f11e350-35a8-46bd-8a2b-0d1063bd0dde, attachments, fac265d9-b26d-4607-98b7-49ba5ac6a855) already exists.
  Backtrace: /home/robert/.rbenv/versions/3.3.5/lib/ruby/gems/3.3.0/gems/activerecord-7.2.2.2/lib/active_record/connection_adapters/postgresql_adapter.rb:894:in `exec_params'
           /home/robert/.rbenv/versions/3.3.5/lib/ruby/gems/3.3.0/gems/activerecord-7.2.2.2/lib/active_record/connection_adapters/postgresql_adapter.rb:894:in `block (2 levels) in exec_no_cache'
           /home/robert/.rbenv/versions/3.3.5/lib/ruby/gems/3.3.0/gems/activerecord-7.2.2.2/lib/active_record/connection_adapters/abstract_adapter.rb:1004:in `block in with_raw_connection'
  ❌ FAILED after 5 attempts

  Following redirect 1/6 to: https://api.media.atlassian.com/file/0787234b-859e-4fb2-ab2f-a50311f8108c/binary?token=eyJhbGciOiJIUzI1NiJ9.eyJpc3MiOiJiN...
  Attempt 3/5: Downloading from https://api.media.atlassian.com/file/0787234b-859e-4fb2-ab2f-a50311f8108c/binary?token=eyJhbGciOiJIUzI1NiJ9.eyJpc3MiOiJiN...
  📊 Downloaded 10.0/39.09 MB...
  📊 Downloaded 20.0/39.09 MB...
  📊 Downloaded 30.0/39.09 MB...
  ✅ Downloaded 40992984 bytes successfully
  ⏳ Retrying in 8s...
  Attempt 4/5: Downloading from https://craftsilicon.atlassian.net/rest/api/3/attachment/content/130207...
  Following redirect 1/6 to: https://api.media.atlassian.com/file/0787234b-859e-4fb2-ab2f-a50311f8108c/binary?token=eyJhbGciOiJIUzI1NiJ9.eyJpc3MiOiJiN...
  Attempt 4/5: Downloading from https://api.media.atlassian.com/file/0787234b-859e-4fb2-ab2f-a50311f8108c/binary?token=eyJhbGciOiJIUzI1NiJ9.eyJpc3MiOiJiN...
  📊 Downloaded 10.0/39.09 MB...
  📊 Downloaded 20.0/39.09 MB...
  📊 Downloaded 30.0/39.09 MB...
  ✅ Downloaded 40992984 bytes successfully
  ⏳ Retrying in 15s...
  Attempt 5/5: Downloading from https://craftsilicon.atlassian.net/rest/api/3/attachment/content/130207...
  Following redirect 1/6 to: https://api.media.atlassian.com/file/0787234b-859e-4fb2-ab2f-a50311f8108c/binary?token=eyJhbGciOiJIUzI1NiJ9.eyJpc3MiOiJiN...
  Attempt 5/5: Downloading from https://api.media.atlassian.com/file/0787234b-859e-4fb2-ab2f-a50311f8108c/binary?token=eyJhbGciOiJIUzI1NiJ9.eyJpc3MiOiJiN...
  📊 Downloaded 10.0/39.09 MB...
  📊 Downloaded 20.0/39.09 MB...
  📊 Downloaded 30.0/39.09 MB...
  ✅ Downloaded 40992984 bytes successfully

📊 Attachment Summary for ISP-1973:
   ✅ Uploaded: 0
   ⏭️  Skipped: 1
   ❌ Failed: 1

[LABEL] Processing 2 label(s) for ISP-1973
[LABEL-MATCH] Found existing label 'New_ERP' (stored as 'new_erp') -> a9f0bd31-9bc0-4a7b-90fc-2ed53a305e8d
[LABEL-SKIP] Label 'new_erp' already attached to ISP-1973
[LABEL-MATCH] Found existing label 'QA' (stored as 'qa') -> f66526ba-6a94-47b5-8239-f9fae5aa2248
[LABEL-SKIP] Label 'qa' already attached to ISP-1973
[LABEL] Completed processing labels for ISP-1973. Total attached: 2
[DESCRIPTION-VALIDATE] ISP-1973: new_len=79, existing_len=115
[DESCRIPTION-UPDATE] ISP-1973: Updated description (79 chars)
  Previous: <div class="trix-content">
  <p><strong>Actual Result-</strong></p>
<p><strong>Expected Result-</stro...
Processing issue 9/439: ISP-1972
[DEBUG-LABELS] Total labels found for ISP-1972: 2
[USER-MATCH] Matched 'archana.verma' by parsed first+last: archana verma -> 7b5370b5-abcd-4ad2-908b-1791ca40d9c9
[USER-MATCH] Matched 'Robert Mbugua Kanyoro' by email: robert.mbugua@craftsilicon.com -> fb1e0a05-f047-4e22-a52b-b9b1fe4b4358
[STATUS-MATCH] Matched status 'In Progress' by name: In Progress -> c805a0e9-73fc-4726-a1ab-d28b9a36469e
[BANKING-MATCH] Found existing banking type 'ERP' -> d9a45733-9624-42c2-afcc-888ce998dbbe
📥 DOWNLOADING ISSUE-LEVEL ATTACHMENTS FOR ISP-1972
   Total files: 1 (25.63 MB)

   [1/1] ⏭️  SKIP: ISP-1972-Update Respon Check after Award.mp4 (already attached)

📊 Attachment Summary for ISP-1972:
   ✅ Uploaded: 0
   ⏭️  Skipped: 1
   ❌ Failed: 0

[LABEL] Processing 2 label(s) for ISP-1972
[LABEL-MATCH] Found existing label 'New_ERP' (stored as 'new_erp') -> a9f0bd31-9bc0-4a7b-90fc-2ed53a305e8d
[LABEL-SKIP] Label 'new_erp' already attached to ISP-1972
[LABEL-MATCH] Found existing label 'QA' (stored as 'qa') -> f66526ba-6a94-47b5-8239-f9fae5aa2248
[LABEL-SKIP] Label 'qa' already attached to ISP-1972
[LABEL] Completed processing labels for ISP-1972. Total attached: 2
[DESCRIPTION-VALIDATE] ISP-1972: new_len=533, existing_len=546
[DESCRIPTION-UPDATE] ISP-1972: Updated description (533 chars)
  Previous: <div class="trix-content">
  <p><strong>Actual Result-</strong><span>Edit button is enabled and user ...
  Updated: <p><strong>Actual Result-</strong><span style="color: #ff5630">Edit button is enabled and user can mo...
Processing issue 10/439: ISP-1971
[DEBUG-LABELS] Total labels found for ISP-1971: 2
[USER-MATCH] Matched 'archana.verma' by parsed first+last: archana verma -> 7b5370b5-abcd-4ad2-908b-1791ca40d9c9
[USER-MATCH] Matched 'Robert Mbugua Kanyoro' by email: robert.mbugua@craftsilicon.com -> fb1e0a05-f047-4e22-a52b-b9b1fe4b4358
[STATUS-MATCH] Matched status 'In Progress' by name: In Progress -> c805a0e9-73fc-4726-a1ab-d28b9a36469e
[BANKING-MATCH] Found existing banking type 'ERP' -> d9a45733-9624-42c2-afcc-888ce998dbbe
📥 DOWNLOADING ISSUE-LEVEL ATTACHMENTS FOR ISP-1971
   Total files: 1 (23.56 MB)

   [1/1] ⏭️  SKIP: ISP-1971-Edit mode.mp4 (already attached)

📊 Attachment Summary for ISP-1971:
   ✅ Uploaded: 0
   ⏭️  Skipped: 1
   ❌ Failed: 0

[LABEL] Processing 2 label(s) for ISP-1971
[LABEL-MATCH] Found existing label 'New_ERP' (stored as 'new_erp') -> a9f0bd31-9bc0-4a7b-90fc-2ed53a305e8d
[LABEL-SKIP] Label 'new_erp' already attached to ISP-1971
[LABEL-MATCH] Found existing label 'QA' (stored as 'qa') -> f66526ba-6a94-47b5-8239-f9fae5aa2248
[LABEL-SKIP] Label 'qa' already attached to ISP-1971
[LABEL] Completed processing labels for ISP-1971. Total attached: 2
[DESCRIPTION-VALIDATE] ISP-1971: new_len=40, existing_len=76
[DESCRIPTION-UPDATE] ISP-1971: Updated description (40 chars)
Processing issue 11/439: ISP-1970
[DEBUG-LABELS] Total labels found for ISP-1970: 2
[USER-FALLBACK] Using default user for 'Kiriba Delphine' -> b3613172-fc54-4742-b2ba-c10b97d15bf4
[USER-MATCH] Matched 'Robert Mbugua Kanyoro' by email: robert.mbugua@craftsilicon.com -> fb1e0a05-f047-4e22-a52b-b9b1fe4b4358
[STATUS-MATCH] Matched status 'In Progress' by name: In Progress -> c805a0e9-73fc-4726-a1ab-d28b9a36469e
[BANKING-MATCH] Found existing banking type 'ERP' -> d9a45733-9624-42c2-afcc-888ce998dbbe
📥 DOWNLOADING ISSUE-LEVEL ATTACHMENTS FOR ISP-1970
   Total files: 1 (0.78 MB)

   [1/1] ⏭️  SKIP: addstckItm.mp4 (already attached)

📊 Attachment Summary for ISP-1970:
   ✅ Uploaded: 0
   ⏭️  Skipped: 1
   ❌ Failed: 0

[LABEL] Processing 2 label(s) for ISP-1970
[LABEL-MATCH] Found existing label 'New_ERP' (stored as 'new_erp') -> a9f0bd31-9bc0-4a7b-90fc-2ed53a305e8d
[LABEL-SKIP] Label 'new_erp' already attached to ISP-1970
[LABEL-MATCH] Found existing label 'QA' (stored as 'qa') -> f66526ba-6a94-47b5-8239-f9fae5aa2248
[LABEL-SKIP] Label 'qa' already attached to ISP-1970
[LABEL] Completed processing labels for ISP-1970. Total attached: 2
[DESCRIPTION-VALIDATE] ISP-1970: new_len=114, existing_len=150
[DESCRIPTION-UPDATE] ISP-1970: Updated description (114 chars)
  Previous: <div class="trix-content">
  <p><strong>Repro Steps:</strong></p>
<p><strong>Actual Result</strong></...
  Updated: <p><strong>Repro Steps:</strong></p>
<p><strong>Actual Result</strong></p>
<p><strong>Expected Result...
Processing issue 12/439: ISP-1969
[DEBUG-LABELS] Total labels found for ISP-1969: 2
[USER-FALLBACK] Using default user for 'Kiriba Delphine' -> b3613172-fc54-4742-b2ba-c10b97d15bf4
[USER-MATCH] Matched 'Robert Mbugua Kanyoro' by email: robert.mbugua@craftsilicon.com -> fb1e0a05-f047-4e22-a52b-b9b1fe4b4358
[STATUS-MATCH] Matched status 'In Progress' by name: In Progress -> c805a0e9-73fc-4726-a1ab-d28b9a36469e
[BANKING-MATCH] Found existing banking type 'ERP' -> d9a45733-9624-42c2-afcc-888ce998dbbe
📥 DOWNLOADING ISSUE-LEVEL ATTACHMENTS FOR ISP-1969
   Total files: 1 (15.57 MB)

   [1/1] ⏭️  SKIP: stckAdjstmntFtureDte.mp4 (already attached)

📊 Attachment Summary for ISP-1969:
   ✅ Uploaded: 0
   ⏭️  Skipped: 1
   ❌ Failed: 0

[LABEL] Processing 2 label(s) for ISP-1969
[LABEL-MATCH] Found existing label 'New_ERP' (stored as 'new_erp') -> a9f0bd31-9bc0-4a7b-90fc-2ed53a305e8d
[LABEL-SKIP] Label 'new_erp' already attached to ISP-1969
[LABEL-MATCH] Found existing label 'QA' (stored as 'qa') -> f66526ba-6a94-47b5-8239-f9fae5aa2248
[LABEL-SKIP] Label 'qa' already attached to ISP-1969
[LABEL] Completed processing labels for ISP-1969. Total attached: 2
[DESCRIPTION-VALIDATE] ISP-1969: new_len=455, existing_len=491
[DESCRIPTION-UPDATE] ISP-1969: Updated description (455 chars)
  Previous: <div class="trix-content">
  <p><strong>Repro Steps:</strong></p>
<p><strong>Actual Result</strong></...  Error on attempt 1/5: ActiveRecord::RecordNotUnique: PG::UniqueViolation: ERROR:  duplicate key value violates unique constraint "index_active_storage_attachments_uniqueness"
DETAIL:  Key (record_type, record_id, name, blob_id)=(Defect, 8fb83ec8-6fc4-429f-8ab9-38df9d8cbef1, attachments, 21124656-f84e-425c-943c-509cd0911a97) already exists.
  Backtrace: /home/robert/.rbenv/versions/3.3.5/lib/ruby/gems/3.3.0/gems/activerecord-7.2.2.2/lib/active_record/connection_adapters/postgresql_adapter.rb:894:in `exec_params'
           /home/robert/.rbenv/versions/3.3.5/lib/ruby/gems/3.3.0/gems/activerecord-7.2.2.2/lib/active_record/connection_adapters/postgresql_adapter.rb:894:in `block (2 levels) in exec_no_cache'
           /home/robert/.rbenv/versions/3.3.5/lib/ruby/gems/3.3.0/gems/activerecord-7.2.2.2/lib/active_record/connection_adapters/abstract_adapter.rb:1004:in `block in with_raw_connection'
  Error on attempt 2/5: ActiveRecord::RecordNotUnique: PG::UniqueViolation: ERROR:  duplicate key value violates unique constraint "index_active_storage_attachments_uniqueness"
DETAIL:  Key (record_type, record_id, name, blob_id)=(Defect, 8fb83ec8-6fc4-429f-8ab9-38df9d8cbef1, attachments, 21124656-f84e-425c-943c-509cd0911a97) already exists.
  Backtrace: /home/robert/.rbenv/versions/3.3.5/lib/ruby/gems/3.3.0/gems/activerecord-7.2.2.2/lib/active_record/connection_adapters/postgresql_adapter.rb:894:in `exec_params'
           /home/robert/.rbenv/versions/3.3.5/lib/ruby/gems/3.3.0/gems/activerecord-7.2.2.2/lib/active_record/connection_adapters/postgresql_adapter.rb:894:in `block (2 levels) in exec_no_cache'
           /home/robert/.rbenv/versions/3.3.5/lib/ruby/gems/3.3.0/gems/activerecord-7.2.2.2/lib/active_record/connection_adapters/abstract_adapter.rb:1004:in `block in with_raw_connection'
  Error on attempt 3/5: ActiveRecord::RecordNotUnique: PG::UniqueViolation: ERROR:  duplicate key value violates unique constraint "index_active_storage_attachments_uniqueness"
DETAIL:  Key (record_type, record_id, name, blob_id)=(Defect, 8fb83ec8-6fc4-429f-8ab9-38df9d8cbef1, attachments, 21124656-f84e-425c-943c-509cd0911a97) already exists.
  Backtrace: /home/robert/.rbenv/versions/3.3.5/lib/ruby/gems/3.3.0/gems/activerecord-7.2.2.2/lib/active_record/connection_adapters/postgresql_adapter.rb:894:in `exec_params'
           /home/robert/.rbenv/versions/3.3.5/lib/ruby/gems/3.3.0/gems/activerecord-7.2.2.2/lib/active_record/connection_adapters/postgresql_adapter.rb:894:in `block (2 levels) in exec_no_cache'
           /home/robert/.rbenv/versions/3.3.5/lib/ruby/gems/3.3.0/gems/activerecord-7.2.2.2/lib/active_record/connection_adapters/abstract_adapter.rb:1004:in `block in with_raw_connection'
  Error on attempt 4/5: ActiveRecord::RecordNotUnique: PG::UniqueViolation: ERROR:  duplicate key value violates unique constraint "index_active_storage_attachments_uniqueness"
DETAIL:  Key (record_type, record_id, name, blob_id)=(Defect, 8fb83ec8-6fc4-429f-8ab9-38df9d8cbef1, attachments, 21124656-f84e-425c-943c-509cd0911a97) already exists.
  Backtrace: /home/robert/.rbenv/versions/3.3.5/lib/ruby/gems/3.3.0/gems/activerecord-7.2.2.2/lib/active_record/connection_adapters/postgresql_adapter.rb:894:in `exec_params'
           /home/robert/.rbenv/versions/3.3.5/lib/ruby/gems/3.3.0/gems/activerecord-7.2.2.2/lib/active_record/connection_adapters/postgresql_adapter.rb:894:in `block (2 levels) in exec_no_cache'
           /home/robert/.rbenv/versions/3.3.5/lib/ruby/gems/3.3.0/gems/activerecord-7.2.2.2/lib/active_record/connection_adapters/abstract_adapter.rb:1004:in `block in with_raw_connection'
  Error on attempt 5/5: ActiveRecord::RecordNotUnique: PG::UniqueViolation: ERROR:  duplicate key value violates unique constraint "index_active_storage_attachments_uniqueness"
DETAIL:  Key (record_type, record_id, name, blob_id)=(Defect, 8fb83ec8-6fc4-429f-8ab9-38df9d8cbef1, attachments, 21124656-f84e-425c-943c-509cd0911a97) already exists.
  Backtrace: /home/robert/.rbenv/versions/3.3.5/lib/ruby/gems/3.3.0/gems/activerecord-7.2.2.2/lib/active_record/connection_adapters/postgresql_adapter.rb:894:in `exec_params'
           /home/robert/.rbenv/versions/3.3.5/lib/ruby/gems/3.3.0/gems/activerecord-7.2.2.2/lib/active_record/connection_adapters/postgresql_adapter.rb:894:in `block (2 levels) in exec_no_cache'
           /home/robert/.rbenv/versions/3.3.5/lib/ruby/gems/3.3.0/gems/activerecord-7.2.2.2/lib/active_record/connection_adapters/abstract_adapter.rb:1004:in `block in with_raw_connection'
  ❌ FAILED after 5 attempts

  Updated: <p><strong>Repro Steps:</strong></p>
<p><strong>Actual Result</strong></p>
<p>The system allows users...
Processing issue 13/439: ISP-1968
[DEBUG-LABELS] Total labels found for ISP-1968: 2
[USER-FALLBACK] Using default user for 'Kiriba Delphine' -> b3613172-fc54-4742-b2ba-c10b97d15bf4
[USER-MATCH] Matched 'Robert Mbugua Kanyoro' by email: robert.mbugua@craftsilicon.com -> fb1e0a05-f047-4e22-a52b-b9b1fe4b4358
[STATUS-MATCH] Matched status 'In Progress' by name: In Progress -> c805a0e9-73fc-4726-a1ab-d28b9a36469e
[BANKING-MATCH] Found existing banking type 'ERP' -> d9a45733-9624-42c2-afcc-888ce998dbbe
📥 DOWNLOADING ISSUE-LEVEL ATTACHMENTS FOR ISP-1968
   Total files: 1 (1.4 MB)

   [1/1] ⏭️  SKIP: stckAdjstmnt.mp4 (already attached)

📊 Attachment Summary for ISP-1968:
   ✅ Uploaded: 0
   ⏭️  Skipped: 1
   ❌ Failed: 0

[LABEL] Processing 2 label(s) for ISP-1968
[LABEL-MATCH] Found existing label 'New_ERP' (stored as 'new_erp') -> a9f0bd31-9bc0-4a7b-90fc-2ed53a305e8d
[LABEL-SKIP] Label 'new_erp' already attached to ISP-1968
[LABEL-MATCH] Found existing label 'QA' (stored as 'qa') -> f66526ba-6a94-47b5-8239-f9fae5aa2248
[LABEL-SKIP] Label 'qa' already attached to ISP-1968
[LABEL] Completed processing labels for ISP-1968. Total attached: 2
[DESCRIPTION-VALIDATE] ISP-1968: new_len=413, existing_len=449
[DESCRIPTION-UPDATE] ISP-1968: Updated description (413 chars)
  Previous: <div class="trix-content">
  <p><strong>Repro Steps:</strong></p>
<p><strong>Actual Result</strong></...
  Updated: <p><strong>Repro Steps:</strong></p>
<p><strong>Actual Result</strong></p>
<p><strong>Expected Result...
Processing issue 14/439: ISP-1967
[DEBUG-LABELS] Total labels found for ISP-1967: 2
[USER-FALLBACK] Using default user for 'Kiriba Delphine' -> b3613172-fc54-4742-b2ba-c10b97d15bf4
[USER-MATCH] Matched 'Robert Mbugua Kanyoro' by email: robert.mbugua@craftsilicon.com -> fb1e0a05-f047-4e22-a52b-b9b1fe4b4358
[STATUS-MATCH] Matched status 'In Progress' by name: In Progress -> c805a0e9-73fc-4726-a1ab-d28b9a36469e
[BANKING-MATCH] Found existing banking type 'ERP' -> d9a45733-9624-42c2-afcc-888ce998dbbe
📥 DOWNLOADING ISSUE-LEVEL ATTACHMENTS FOR ISP-1967
   Total files: 1 (0.47 MB)

   [1/1] ⏭️  SKIP: fromBrnchFld.mp4 (already attached)

📊 Attachment Summary for ISP-1967:
   ✅ Uploaded: 0
   ⏭️  Skipped: 1
   ❌ Failed: 0

[LABEL] Processing 2 label(s) for ISP-1967
[LABEL-MATCH] Found existing label 'New_ERP' (stored as 'new_erp') -> a9f0bd31-9bc0-4a7b-90fc-2ed53a305e8d
[LABEL-SKIP] Label 'new_erp' already attached to ISP-1967
[LABEL-MATCH] Found existing label 'QA' (stored as 'qa') -> f66526ba-6a94-47b5-8239-f9fae5aa2248
[LABEL-SKIP] Label 'qa' already attached to ISP-1967
[LABEL] Completed processing labels for ISP-1967. Total attached: 2
[DESCRIPTION-VALIDATE] ISP-1967: new_len=353, existing_len=389
[DESCRIPTION-UPDATE] ISP-1967: Updated description (353 chars)
  Previous: <div class="trix-content">
  <p><strong>Repro Steps:</strong></p>
<p><strong>Actual Result</strong></...
  Updated: <p><strong>Repro Steps:</strong></p>
<p><strong>Actual Result</strong></p>
<p><strong>Expected Result...
Processing issue 15/439: ISP-1966
[DEBUG-LABELS] Total labels found for ISP-1966: 2
[USER-MATCH] Matched 'archana.verma' by parsed first+last: archana verma -> 7b5370b5-abcd-4ad2-908b-1791ca40d9c9
[USER-MATCH] Matched 'Robert Mbugua Kanyoro' by email: robert.mbugua@craftsilicon.com -> fb1e0a05-f047-4e22-a52b-b9b1fe4b4358
[STATUS-MATCH] Matched status 'In Progress' by name: In Progress -> c805a0e9-73fc-4726-a1ab-d28b9a36469e
[BANKING-MATCH] Found existing banking type 'ERP' -> d9a45733-9624-42c2-afcc-888ce998dbbe
📥 DOWNLOADING ISSUE-LEVEL ATTACHMENTS FOR ISP-1966
   Total files: 1 (28.85 MB)

   [1/1] ⏭️  SKIP: ISP-1966,1962-Bid opening.mp4 (already attached)

📊 Attachment Summary for ISP-1966:
   ✅ Uploaded: 0
   ⏭️  Skipped: 1
   ❌ Failed: 0

[LABEL] Processing 2 label(s) for ISP-1966
[LABEL-MATCH] Found existing label 'New_ERP' (stored as 'new_erp') -> a9f0bd31-9bc0-4a7b-90fc-2ed53a305e8d
[LABEL-SKIP] Label 'new_erp' already attached to ISP-1966
[LABEL-MATCH] Found existing label 'QA' (stored as 'qa') -> f66526ba-6a94-47b5-8239-f9fae5aa2248
[LABEL-SKIP] Label 'qa' already attached to ISP-1966
[LABEL] Completed processing labels for ISP-1966. Total attached: 2
[DESCRIPTION-VALIDATE] ISP-1966: new_len=183, existing_len=219
[DESCRIPTION-UPDATE] ISP-1966: Updated description (183 chars)
  Previous: <div class="trix-content">
  <p><strong>Actual Result-</strong></p>
<p><strong>Expected Result-</stro...
  Updated: <p><strong>Actual Result-</strong></p>
<p><strong>Expected Result-</strong>Instruction for Ready for ...
Processing issue 16/439: ISP-1965
[DEBUG-LABELS] Total labels found for ISP-1965: 2
[USER-MATCH] Matched 'archana.verma' by parsed first+last: archana verma -> 7b5370b5-abcd-4ad2-908b-1791ca40d9c9
[USER-MATCH] Matched 'Robert Mbugua Kanyoro' by email: robert.mbugua@craftsilicon.com -> fb1e0a05-f047-4e22-a52b-b9b1fe4b4358
[STATUS-MATCH] Matched status 'In Progress' by name: In Progress -> c805a0e9-73fc-4726-a1ab-d28b9a36469e
[BANKING-MATCH] Found existing banking type 'ERP' -> d9a45733-9624-42c2-afcc-888ce998dbbe
📥 DOWNLOADING ISSUE-LEVEL ATTACHMENTS FOR ISP-1965
   Total files: 1 (21.69 MB)

   [1/1] 📥 Downloading: ISP-1965, 1964,1963-Tender docs and timing.mp4 (21.69 MB)
  Attempt 1/5: Downloading from https://craftsilicon.atlassian.net/rest/api/3/attachment/content/130156...
  Following redirect 1/6 to: https://api.media.atlassian.com/file/0f143343-75bf-4b01-ac3b-05d032fa1409/binary?token=eyJhbGciOiJIUzI1NiJ9.eyJpc3MiOiJiN...
  Attempt 1/5: Downloading from https://api.media.atlassian.com/file/0f143343-75bf-4b01-ac3b-05d032fa1409/binary?token=eyJhbGciOiJIUzI1NiJ9.eyJpc3MiOiJiN...
  📊 Downloaded 10.0/21.69 MB...
  📊 Downloaded 20.0/21.69 MB...
  ✅ Downloaded 22744712 bytes successfully
  ⏳ Retrying in 2s...
  Attempt 2/5: Downloading from https://craftsilicon.atlassian.net/rest/api/3/attachment/content/130156...
  Following redirect 1/6 to: https://api.media.atlassian.com/file/0f143343-75bf-4b01-ac3b-05d032fa1409/binary?token=eyJhbGciOiJIUzI1NiJ9.eyJpc3MiOiJiN...
  Attempt 2/5: Downloading from https://api.media.atlassian.com/file/0f143343-75bf-4b01-ac3b-05d032fa1409/binary?token=eyJhbGciOiJIUzI1NiJ9.eyJpc3MiOiJiN...
  📊 Downloaded 10.0/21.69 MB...
  📊 Downloaded 20.0/21.69 MB...
  ✅ Downloaded 22744712 bytes successfully
  ⏳ Retrying in 4s...
  Attempt 3/5: Downloading from https://craftsilicon.atlassian.net/rest/api/3/attachment/content/130156...
  Following redirect 1/6 to: https://api.media.atlassian.com/file/0f143343-75bf-4b01-ac3b-05d032fa1409/binary?token=eyJhbGciOiJIUzI1NiJ9.eyJpc3MiOiJiN...
  Attempt 3/5: Downloading from https://api.media.atlassian.com/file/0f143343-75bf-4b01-ac3b-05d032fa1409/binary?token=eyJhbGciOiJIUzI1NiJ9.eyJpc3MiOiJiN...
  📊 Downloaded 10.0/21.69 MB...
  📊 Downloaded 20.0/21.69 MB...
  ✅ Downloaded 22744712 bytes successfully
  ⏳ Retrying in 8s...
  Attempt 4/5: Downloading from https://craftsilicon.atlassian.net/rest/api/3/attachment/content/130156...
  Following redirect 1/6 to: https://api.media.atlassian.com/file/0f143343-75bf-4b01-ac3b-05d032fa1409/binary?token=eyJhbGciOiJIUzI1NiJ9.eyJpc3MiOiJiN...
  Attempt 4/5: Downloading from https://api.media.atlassian.com/file/0f143343-75bf-4b01-ac3b-05d032fa1409/binary?token=eyJhbGciOiJIUzI1NiJ9.eyJpc3MiOiJiN...
  📊 Downloaded 10.0/21.69 MB...
  📊 Downloaded 20.0/21.69 MB...
  ✅ Downloaded 22744712 bytes successfully
  ⏳ Retrying in 15s...
  Attempt 5/5: Downloading from https://craftsilicon.atlassian.net/rest/api/3/attachment/content/130156...
  Following redirect 1/6 to: https://api.media.atlassian.com/file/0f143343-75bf-4b01-ac3b-05d032fa1409/binary?token=eyJhbGciOiJIUzI1NiJ9.eyJpc3MiOiJiN...
  Attempt 5/5: Downloading from https://api.media.atlassian.com/file/0f143343-75bf-4b01-ac3b-05d032fa1409/binary?token=eyJhbGciOiJIUzI1NiJ9.eyJpc3MiOiJiN...
  📊 Downloaded 10.0/21.69 MB...
  📊 Downloaded 20.0/21.69 MB...
  ✅ Downloaded 22744712 bytes successfully

📊 Attachment Summary for ISP-1965:
   ✅ Uploaded: 0
   ⏭️  Skipped: 0
   ❌ Failed: 1

[LABEL] Processing 2 label(s) for ISP-1965
[LABEL-MATCH] Found existing label 'New_ERP' (stored as 'new_erp') -> a9f0bd31-9bc0-4a7b-90fc-2ed53a305e8d
[LABEL-SKIP] Label 'new_erp' already attached to ISP-1965
[LABEL-MATCH] Found existing label 'QA' (stored as 'qa') -> f66526ba-6a94-47b5-8239-f9fae5aa2248
[LABEL-SKIP] Label 'qa' already attached to ISP-1965
[LABEL] Completed processing labels for ISP-1965. Total attached: 2
[DESCRIPTION-VALIDATE] ISP-1965: new_len=336, existing_len=349
[DESCRIPTION-UPDATE] ISP-1965: Updated description (336 chars)
  Previous: <div class="trix-content">
  <p><strong>Actual Result-</strong><span>Documents cannot be viewed and I...
  Updated: <p><strong>Actual Result-</strong><span style="color: #ff5630">Documents cannot be viewed and I am ge...
Processing issue 17/439: ISP-1964
[DEBUG-LABELS] Total labels found for ISP-1964: 2
[USER-MATCH] Matched 'archana.verma' by parsed first+last: archana verma -> 7b5370b5-abcd-4ad2-908b-1791ca40d9c9
[USER-MATCH] Matched 'Robert Mbugua Kanyoro' by email: robert.mbugua@craftsilicon.com -> fb1e0a05-f047-4e22-a52b-b9b1fe4b4358
[STATUS-MATCH] Matched status 'In Progress' by name: In Progress -> c805a0e9-73fc-4726-a1ab-d28b9a36469e
[BANKING-MATCH] Found existing banking type 'ERP' -> d9a45733-9624-42c2-afcc-888ce998dbbe
📥 DOWNLOADING ISSUE-LEVEL ATTACHMENTS FOR ISP-1964
   Total files: 1 (21.69 MB)

   [1/1] ⏭️  SKIP: ISP-1964,1963-Tender docs and timing.mp4 (already attached)

📊 Attachment Summary for ISP-1964:
   ✅ Uploaded: 0
   ⏭️  Skipped: 1
   ❌ Failed: 0

[LABEL] Processing 2 label(s) for ISP-1964
[LABEL-MATCH] Found existing label 'New_ERP' (stored as 'new_erp') -> a9f0bd31-9bc0-4a7b-90fc-2ed53a305e8d
[LABEL-SKIP] Label 'new_erp' already attached to ISP-1964
[LABEL-MATCH] Found existing label 'QA' (stored as 'qa') -> f66526ba-6a94-47b5-8239-f9fae5aa2248
[LABEL-SKIP] Label 'qa' already attached to ISP-1964
[LABEL] Completed processing labels for ISP-1964. Total attached: 2
[DESCRIPTION-VALIDATE] ISP-1964: new_len=79, existing_len=115
[DESCRIPTION-UPDATE] ISP-1964: Updated description (79 chars)
  Previous: <div class="trix-content">
  <p><strong>Actual Result-</strong></p>
<p><strong>Expected Result-</stro...
Processing issue 18/439: ISP-1962
[DEBUG-LABELS] Total labels found for ISP-1962: 2
[USER-MATCH] Matched 'archana.verma' by parsed first+last: archana verma -> 7b5370b5-abcd-4ad2-908b-1791ca40d9c9
[USER-MATCH] Matched 'Robert Mbugua Kanyoro' by email: robert.mbugua@craftsilicon.com -> fb1e0a05-f047-4e22-a52b-b9b1fe4b4358
[STATUS-MATCH] Matched status 'In Progress' by name: In Progress -> c805a0e9-73fc-4726-a1ab-d28b9a36469e
[BANKING-MATCH] Found existing banking type 'ERP' -> d9a45733-9624-42c2-afcc-888ce998dbbe
📥 DOWNLOADING ISSUE-LEVEL ATTACHMENTS FOR ISP-1962
   Total files: 1 (28.85 MB)

   [1/1] ⏭️  SKIP: ISP-1962-Bid opening.mp4 (already attached)

📊 Attachment Summary for ISP-1962:
   ✅ Uploaded: 0
   ⏭️  Skipped: 1
   ❌ Failed: 0

[LABEL] Processing 2 label(s) for ISP-1962
[LABEL-MATCH] Found existing label 'New_ERP' (stored as 'new_erp') -> a9f0bd31-9bc0-4a7b-90fc-2ed53a305e8d
[LABEL-SKIP] Label 'new_erp' already attached to ISP-1962
[LABEL-MATCH] Found existing label 'QA' (stored as 'qa') -> f66526ba-6a94-47b5-8239-f9fae5aa2248
[LABEL-SKIP] Label 'qa' already attached to ISP-1962
[LABEL] Completed processing labels for ISP-1962. Total attached: 2
[DESCRIPTION-VALIDATE] ISP-1962: new_len=374, existing_len=410
[DESCRIPTION-UPDATE] ISP-1962: Updated description (374 chars)
  Previous: <div class="trix-content">
  <p><strong>Actual Result-</strong></p>
<p><strong>Expected Result-</stro...
  Updated: <p><strong>Actual Result-</strong></p>
<p><strong>Expected Result-</strong>On the listing on Tender B...
Processing issue 19/439: ISP-1961
[DEBUG-LABELS] Total labels found for ISP-1961: 2
[USER-FALLBACK] Using default user for 'Stephen Mungai' -> b3613172-fc54-4742-b2ba-c10b97d15bf4
[USER-MATCH] Matched 'Robert Mbugua Kanyoro' by email: robert.mbugua@craftsilicon.com -> fb1e0a05-f047-4e22-a52b-b9b1fe4b4358
[STATUS-MATCH] Matched status 'In Progress' by name: In Progress -> c805a0e9-73fc-4726-a1ab-d28b9a36469e
[BANKING-MATCH] Found existing banking type 'ERP' -> d9a45733-9624-42c2-afcc-888ce998dbbe
📥 DOWNLOADING ISSUE-LEVEL ATTACHMENTS FOR ISP-1961
   Total files: 1 (3.97 MB)

   [1/1] ⏭️  SKIP: Price ID Error 25.11.2025.mp4 (already attached)

📊 Attachment Summary for ISP-1961:
   ✅ Uploaded: 0
   ⏭️  Skipped: 1
   ❌ Failed: 0

[LABEL] Processing 2 label(s) for ISP-1961
[LABEL-MATCH] Found existing label 'New_ERP' (stored as 'new_erp') -> a9f0bd31-9bc0-4a7b-90fc-2ed53a305e8d
[LABEL-SKIP] Label 'new_erp' already attached to ISP-1961
[LABEL-MATCH] Found existing label 'QA' (stored as 'qa') -> f66526ba-6a94-47b5-8239-f9fae5aa2248
[LABEL-SKIP] Label 'qa' already attached to ISP-1961
[LABEL] Completed processing labels for ISP-1961. Total attached: 2
[DESCRIPTION-VALIDATE] ISP-1961: new_len=115, existing_len=151
[DESCRIPTION-UPDATE] ISP-1961: Updated description (115 chars)
  Previous: <div class="trix-content">
  <p><strong>Repro Steps</strong></p>
<p><strong>Actual Results</strong></...
  Updated: <p><strong>Repro Steps</strong></p>
<p><strong>Actual Results</strong></p>
<p><strong>Expected Result...
Processing issue 20/439: ISP-1960
[DEBUG-LABELS] Total labels found for ISP-1960: 2
[USER-FALLBACK] Using default user for 'Stephen Mungai' -> b3613172-fc54-4742-b2ba-c10b97d15bf4
[USER-MATCH] Matched 'Robert Mbugua Kanyoro' by email: robert.mbugua@craftsilicon.com -> fb1e0a05-f047-4e22-a52b-b9b1fe4b4358
[STATUS-MATCH] Matched status 'In Progress' by name: In Progress -> c805a0e9-73fc-4726-a1ab-d28b9a36469e
[BANKING-MATCH] Found existing banking type 'ERP' -> d9a45733-9624-42c2-afcc-888ce998dbbe
📥 DOWNLOADING ISSUE-LEVEL ATTACHMENTS FOR ISP-1960
   Total files: 1 (1.67 MB)

   [1/1] ⏭️  SKIP: Add Price Currency &Amount.mp4 (already attached)

📊 Attachment Summary for ISP-1960:
   ✅ Uploaded: 0
   ⏭️  Skipped: 1
   ❌ Failed: 0

[LABEL] Processing 2 label(s) for ISP-1960
[LABEL-MATCH] Found existing label 'New_ERP' (stored as 'new_erp') -> a9f0bd31-9bc0-4a7b-90fc-2ed53a305e8d
[LABEL-SKIP] Label 'new_erp' already attached to ISP-1960
[LABEL-MATCH] Found existing label 'QA' (stored as 'qa') -> f66526ba-6a94-47b5-8239-f9fae5aa2248
[LABEL-SKIP] Label 'qa' already attached to ISP-1960
[LABEL] Completed processing labels for ISP-1960. Total attached: 2
[DESCRIPTION-VALIDATE] ISP-1960: new_len=388, existing_len=424
[DESCRIPTION-UPDATE] ISP-1960: Updated description (388 chars)
  Previous: <div class="trix-content">
  <p><strong>Repro Steps</strong></p>
<p><strong>Actual Results</strong></...
  Updated: <p><strong>Repro Steps</strong></p>
<p><strong>Actual Results</strong></p>
<p>When a large numeric am...
Processing issue 21/439: ISP-1959
[DEBUG-LABELS] Total labels found for ISP-1959: 2
[USER-FALLBACK] Using default user for 'Stephen Mungai' -> b3613172-fc54-4742-b2ba-c10b97d15bf4
[USER-MATCH] Matched 'Robert Mbugua Kanyoro' by email: robert.mbugua@craftsilicon.com -> fb1e0a05-f047-4e22-a52b-b9b1fe4b4358
[STATUS-MATCH] Matched status 'In Progress' by name: In Progress -> c805a0e9-73fc-4726-a1ab-d28b9a36469e
[BANKING-MATCH] Found existing banking type 'ERP' -> d9a45733-9624-42c2-afcc-888ce998dbbe
📥 DOWNLOADING ISSUE-LEVEL ATTACHMENTS FOR ISP-1959
   Total files: 1 (1.67 MB)

   [1/1] ⏭️  SKIP: Add Price Currency &Amount.mp4 (already attached)

📊 Attachment Summary for ISP-1959:
   ✅ Uploaded: 0
   ⏭️  Skipped: 1
   ❌ Failed: 0

[LABEL] Processing 2 label(s) for ISP-1959
[LABEL-MATCH] Found existing label 'New_ERP' (stored as 'new_erp') -> a9f0bd31-9bc0-4a7b-90fc-2ed53a305e8d
[LABEL-SKIP] Label 'new_erp' already attached to ISP-1959
[LABEL-MATCH] Found existing label 'QA' (stored as 'qa') -> f66526ba-6a94-47b5-8239-f9fae5aa2248
[LABEL-SKIP] Label 'qa' already attached to ISP-1959
[LABEL] Completed processing labels for ISP-1959. Total attached: 2
[DESCRIPTION-VALIDATE] ISP-1959: new_len=225, existing_len=261
[DESCRIPTION-UPDATE] ISP-1959: Updated description (225 chars)  Error on attempt 1/3: ActiveRecord::RecordNotUnique: PG::UniqueViolation: ERROR:  duplicate key value violates unique constraint "index_active_storage_attachments_uniqueness"
DETAIL:  Key (record_type, record_id, name, blob_id)=(Defect, 00055137-b9ea-46b1-bb87-464ef8038066, attachments, 01037408-471a-4301-92a3-302c31ffb865) already exists.
  Backtrace: /home/robert/.rbenv/versions/3.3.5/lib/ruby/gems/3.3.0/gems/activerecord-7.2.2.2/lib/active_record/connection_adapters/postgresql_adapter.rb:894:in `exec_params'
           /home/robert/.rbenv/versions/3.3.5/lib/ruby/gems/3.3.0/gems/activerecord-7.2.2.2/lib/active_record/connection_adapters/postgresql_adapter.rb:894:in `block (2 levels) in exec_no_cache'
           /home/robert/.rbenv/versions/3.3.5/lib/ruby/gems/3.3.0/gems/activerecord-7.2.2.2/lib/active_record/connection_adapters/abstract_adapter.rb:1004:in `block in with_raw_connection'
  Error on attempt 2/3: ActiveRecord::RecordNotUnique: PG::UniqueViolation: ERROR:  duplicate key value violates unique constraint "index_active_storage_attachments_uniqueness"
DETAIL:  Key (record_type, record_id, name, blob_id)=(Defect, 00055137-b9ea-46b1-bb87-464ef8038066, attachments, 01037408-471a-4301-92a3-302c31ffb865) already exists.
  Backtrace: /home/robert/.rbenv/versions/3.3.5/lib/ruby/gems/3.3.0/gems/activerecord-7.2.2.2/lib/active_record/connection_adapters/postgresql_adapter.rb:894:in `exec_params'
           /home/robert/.rbenv/versions/3.3.5/lib/ruby/gems/3.3.0/gems/activerecord-7.2.2.2/lib/active_record/connection_adapters/postgresql_adapter.rb:894:in `block (2 levels) in exec_no_cache'
           /home/robert/.rbenv/versions/3.3.5/lib/ruby/gems/3.3.0/gems/activerecord-7.2.2.2/lib/active_record/connection_adapters/abstract_adapter.rb:1004:in `block in with_raw_connection'
  Error on attempt 3/3: ActiveRecord::RecordNotUnique: PG::UniqueViolation: ERROR:  duplicate key value violates unique constraint "index_active_storage_attachments_uniqueness"
DETAIL:  Key (record_type, record_id, name, blob_id)=(Defect, 00055137-b9ea-46b1-bb87-464ef8038066, attachments, 01037408-471a-4301-92a3-302c31ffb865) already exists.
  Backtrace: /home/robert/.rbenv/versions/3.3.5/lib/ruby/gems/3.3.0/gems/activerecord-7.2.2.2/lib/active_record/connection_adapters/postgresql_adapter.rb:894:in `exec_params'
           /home/robert/.rbenv/versions/3.3.5/lib/ruby/gems/3.3.0/gems/activerecord-7.2.2.2/lib/active_record/connection_adapters/postgresql_adapter.rb:894:in `block (2 levels) in exec_no_cache'
           /home/robert/.rbenv/versions/3.3.5/lib/ruby/gems/3.3.0/gems/activerecord-7.2.2.2/lib/active_record/connection_adapters/abstract_adapter.rb:1004:in `block in with_raw_connection'
  ❌ FAILED after 3 attempts
  Error on attempt 1/5: ActiveRecord::RecordNotUnique: PG::UniqueViolation: ERROR:  duplicate key value violates unique constraint "index_active_storage_attachments_uniqueness"
DETAIL:  Key (record_type, record_id, name, blob_id)=(Defect, 76ad1b7a-6902-4104-88f8-9b0ab4ea8e14, attachments, fd43d945-b0f8-4950-92a1-dd53eb1a7027) already exists.
  Backtrace: /home/robert/.rbenv/versions/3.3.5/lib/ruby/gems/3.3.0/gems/activerecord-7.2.2.2/lib/active_record/connection_adapters/postgresql_adapter.rb:894:in `exec_params'
           /home/robert/.rbenv/versions/3.3.5/lib/ruby/gems/3.3.0/gems/activerecord-7.2.2.2/lib/active_record/connection_adapters/postgresql_adapter.rb:894:in `block (2 levels) in exec_no_cache'
           /home/robert/.rbenv/versions/3.3.5/lib/ruby/gems/3.3.0/gems/activerecord-7.2.2.2/lib/active_record/connection_adapters/abstract_adapter.rb:1004:in `block in with_raw_connection'
  Error on attempt 2/5: ActiveRecord::RecordNotUnique: PG::UniqueViolation: ERROR:  duplicate key value violates unique constraint "index_active_storage_attachments_uniqueness"
DETAIL:  Key (record_type, record_id, name, blob_id)=(Defect, 76ad1b7a-6902-4104-88f8-9b0ab4ea8e14, attachments, fd43d945-b0f8-4950-92a1-dd53eb1a7027) already exists.
  Backtrace: /home/robert/.rbenv/versions/3.3.5/lib/ruby/gems/3.3.0/gems/activerecord-7.2.2.2/lib/active_record/connection_adapters/postgresql_adapter.rb:894:in `exec_params'
           /home/robert/.rbenv/versions/3.3.5/lib/ruby/gems/3.3.0/gems/activerecord-7.2.2.2/lib/active_record/connection_adapters/postgresql_adapter.rb:894:in `block (2 levels) in exec_no_cache'
           /home/robert/.rbenv/versions/3.3.5/lib/ruby/gems/3.3.0/gems/activerecord-7.2.2.2/lib/active_record/connection_adapters/abstract_adapter.rb:1004:in `block in with_raw_connection'
  Error on attempt 3/5: ActiveRecord::RecordNotUnique: PG::UniqueViolation: ERROR:  duplicate key value violates unique constraint "index_active_storage_attachments_uniqueness"
DETAIL:  Key (record_type, record_id, name, blob_id)=(Defect, 76ad1b7a-6902-4104-88f8-9b0ab4ea8e14, attachments, fd43d945-b0f8-4950-92a1-dd53eb1a7027) already exists.
  Backtrace: /home/robert/.rbenv/versions/3.3.5/lib/ruby/gems/3.3.0/gems/activerecord-7.2.2.2/lib/active_record/connection_adapters/postgresql_adapter.rb:894:in `exec_params'
           /home/robert/.rbenv/versions/3.3.5/lib/ruby/gems/3.3.0/gems/activerecord-7.2.2.2/lib/active_record/connection_adapters/postgresql_adapter.rb:894:in `block (2 levels) in exec_no_cache'
           /home/robert/.rbenv/versions/3.3.5/lib/ruby/gems/3.3.0/gems/activerecord-7.2.2.2/lib/active_record/connection_adapters/abstract_adapter.rb:1004:in `block in with_raw_connection'

  Previous: <div class="trix-content">
  <p><strong>Repro Steps</strong></p>
<p><strong>Actual Results</strong></...
  Updated: <p><strong>Repro Steps</strong></p>
<p><strong>Actual Results</strong></p>
<p><strong>Expected Result...
Processing issue 22/439: ISP-1956
[DEBUG-LABELS] Total labels found for ISP-1956: 2
[USER-MATCH] Matched 'archana.verma' by parsed first+last: archana verma -> 7b5370b5-abcd-4ad2-908b-1791ca40d9c9
[USER-MATCH] Matched 'Robert Mbugua Kanyoro' by email: robert.mbugua@craftsilicon.com -> fb1e0a05-f047-4e22-a52b-b9b1fe4b4358
[STATUS-MATCH] Matched status 'In Progress' by name: In Progress -> c805a0e9-73fc-4726-a1ab-d28b9a36469e
[BANKING-MATCH] Found existing banking type 'ERP' -> d9a45733-9624-42c2-afcc-888ce998dbbe
📥 DOWNLOADING ISSUE-LEVEL ATTACHMENTS FOR ISP-1956
   Total files: 1 (14.1 MB)

   [1/1] 📥 Downloading: ISP-1956-Missing details.mp4 (14.1 MB)
  Attempt 1/3: Downloading from https://craftsilicon.atlassian.net/rest/api/3/attachment/content/129980...
  Following redirect 1/6 to: https://api.media.atlassian.com/file/cddb1591-80b1-443b-af22-f84c0e988550/binary?token=eyJhbGciOiJIUzI1NiJ9.eyJpc3MiOiJiN...
  Attempt 1/3: Downloading from https://api.media.atlassian.com/file/cddb1591-80b1-443b-af22-f84c0e988550/binary?token=eyJhbGciOiJIUzI1NiJ9.eyJpc3MiOiJiN...
  📊 Downloaded 10.0/14.1 MB...
  ✅ Downloaded 14784904 bytes successfully
  ⏳ Retrying in 2s...
  Attempt 2/3: Downloading from https://craftsilicon.atlassian.net/rest/api/3/attachment/content/129980...
  Following redirect 1/6 to: https://api.media.atlassian.com/file/cddb1591-80b1-443b-af22-f84c0e988550/binary?token=eyJhbGciOiJIUzI1NiJ9.eyJpc3MiOiJiN...
  Attempt 2/3: Downloading from https://api.media.atlassian.com/file/cddb1591-80b1-443b-af22-f84c0e988550/binary?token=eyJhbGciOiJIUzI1NiJ9.eyJpc3MiOiJiN...
  📊 Downloaded 10.0/14.1 MB...
  ✅ Downloaded 14784904 bytes successfully
  ⏳ Retrying in 4s...
  Attempt 3/3: Downloading from https://craftsilicon.atlassian.net/rest/api/3/attachment/content/129980...
  Following redirect 1/6 to: https://api.media.atlassian.com/file/cddb1591-80b1-443b-af22-f84c0e988550/binary?token=eyJhbGciOiJIUzI1NiJ9.eyJpc3MiOiJiN...
  Attempt 3/3: Downloading from https://api.media.atlassian.com/file/cddb1591-80b1-443b-af22-f84c0e988550/binary?token=eyJhbGciOiJIUzI1NiJ9.eyJpc3MiOiJiN...
  📊 Downloaded 10.0/14.1 MB...
  ✅ Downloaded 14784904 bytes successfully

📊 Attachment Summary for ISP-1956:
   ✅ Uploaded: 0
   ⏭️  Skipped: 0
   ❌ Failed: 1

[LABEL] Processing 2 label(s) for ISP-1956
[LABEL-MATCH] Found existing label 'New_ERP' (stored as 'new_erp') -> a9f0bd31-9bc0-4a7b-90fc-2ed53a305e8d
[LABEL-SKIP] Label 'new_erp' already attached to ISP-1956
[LABEL-MATCH] Found existing label 'QA' (stored as 'qa') -> f66526ba-6a94-47b5-8239-f9fae5aa2248
[LABEL-SKIP] Label 'qa' already attached to ISP-1956
[LABEL] Completed processing labels for ISP-1956. Total attached: 2
[DESCRIPTION-VALIDATE] ISP-1956: new_len=430, existing_len=455
[DESCRIPTION-UPDATE] ISP-1956: Updated description (430 chars)
  Previous: <div class="trix-content">
  <p><strong>Actual Result-</strong><span>For all the Suppliers, Contact P...
  Updated: <p><strong>Actual Result-</strong><span style="color: #ff5630">For all the Suppliers, Contact Person,...
Processing issue 23/439: ISP-1955
[DEBUG-LABELS] Total labels found for ISP-1955: 3
[USER-MATCH] Matched 'archana.verma' by parsed first+last: archana verma -> 7b5370b5-abcd-4ad2-908b-1791ca40d9c9
[USER-MATCH] Matched 'Robert Mbugua Kanyoro' by email: robert.mbugua@craftsilicon.com -> fb1e0a05-f047-4e22-a52b-b9b1fe4b4358
[STATUS-MATCH] Matched status 'In Progress' by name: In Progress -> c805a0e9-73fc-4726-a1ab-d28b9a36469e
[BANKING-MATCH] Found existing banking type 'ERP' -> d9a45733-9624-42c2-afcc-888ce998dbbe
📥 DOWNLOADING ISSUE-LEVEL ATTACHMENTS FOR ISP-1955
   Total files: 1 (54.78 MB)

   [1/1] ⏭️  SKIP: ISP-1955,1954-Tender opening process.mp4 (already attached)

📊 Attachment Summary for ISP-1955:
   ✅ Uploaded: 0
   ⏭️  Skipped: 1
   ❌ Failed: 0

[LABEL] Processing 3 label(s) for ISP-1955
[LABEL-MATCH] Found existing label 'Blocker' (stored as 'blocker') -> 53446826-4aac-4ac5-bcac-9aadd9a0f375
[LABEL-SKIP] Label 'blocker' already attached to ISP-1955
[LABEL-MATCH] Found existing label 'New_ERP' (stored as 'new_erp') -> a9f0bd31-9bc0-4a7b-90fc-2ed53a305e8d
[LABEL-SKIP] Label 'new_erp' already attached to ISP-1955
[LABEL-MATCH] Found existing label 'QA' (stored as 'qa') -> f66526ba-6a94-47b5-8239-f9fae5aa2248
[LABEL-SKIP] Label 'qa' already attached to ISP-1955
[LABEL] Completed processing labels for ISP-1955. Total attached: 3
[DESCRIPTION-VALIDATE] ISP-1955: new_len=593, existing_len=647
[DESCRIPTION-UPDATE] ISP-1955: Updated description (593 chars)
  Previous: <div class="trix-content">
  <p><strong>Actual Result-</strong></p>
<p><strong>Expected Result-</stro...
  Updated: <p><strong>Actual Result-</strong></p>
<p><strong>Expected Result-</strong>O<strong>n the Procurement...
Processing issue 24/439: ISP-1954
[DEBUG-LABELS] Total labels found for ISP-1954: 2
[USER-MATCH] Matched 'archana.verma' by parsed first+last: archana verma -> 7b5370b5-abcd-4ad2-908b-1791ca40d9c9
[USER-MATCH] Matched 'Robert Mbugua Kanyoro' by email: robert.mbugua@craftsilicon.com -> fb1e0a05-f047-4e22-a52b-b9b1fe4b4358
[STATUS-MATCH] Matched status 'In Progress' by name: In Progress -> c805a0e9-73fc-4726-a1ab-d28b9a36469e
[BANKING-MATCH] Found existing banking type 'ERP' -> d9a45733-9624-42c2-afcc-888ce998dbbe
📥 DOWNLOADING ISSUE-LEVEL ATTACHMENTS FOR ISP-1954
   Total files: 1 (54.78 MB)

   [1/1] 📥 Downloading: ISP-1954-Tender opening process.mp4 (54.78 MB)
  Attempt 1/5: Downloading from https://craftsilicon.atlassian.net/rest/api/3/attachment/content/129946...
  Following redirect 1/6 to: https://api.media.atlassian.com/file/84b4a041-5310-480d-9032-bbced35ac75f/binary?token=eyJhbGciOiJIUzI1NiJ9.eyJpc3MiOiJiN...
  Attempt 1/5: Downloading from https://api.media.atlassian.com/file/84b4a041-5310-480d-9032-bbced35ac75f/binary?token=eyJhbGciOiJIUzI1NiJ9.eyJpc3MiOiJiN...
  📊 Downloaded 10.0/54.78 MB...
  📊 Downloaded 20.0/54.78 MB...
  📊 Downloaded 30.0/54.78 MB...
  📊 Downloaded 40.0/54.78 MB...
  📊 Downloaded 50.0/54.78 MB...
  ✅ Downloaded 57440120 bytes successfully
  ⏳ Retrying in 2s...
  Attempt 2/5: Downloading from https://craftsilicon.atlassian.net/rest/api/3/attachment/content/129946...
  Following redirect 1/6 to: https://api.media.atlassian.com/file/84b4a041-5310-480d-9032-bbced35ac75f/binary?token=eyJhbGciOiJIUzI1NiJ9.eyJpc3MiOiJiN...
  Attempt 2/5: Downloading from https://api.media.atlassian.com/file/84b4a041-5310-480d-9032-bbced35ac75f/binary?token=eyJhbGciOiJIUzI1NiJ9.eyJpc3MiOiJiN...
  📊 Downloaded 10.0/54.78 MB...
  📊 Downloaded 20.0/54.78 MB...
  📊 Downloaded 30.0/54.78 MB...
  📊 Downloaded 40.0/54.78 MB...
  📊 Downloaded 50.0/54.78 MB...
  ✅ Downloaded 57440120 bytes successfully
  ⏳ Retrying in 4s...
  Attempt 3/5: Downloading from https://craftsilicon.atlassian.net/rest/api/3/attachment/content/129946...
  Following redirect 1/6 to: https://api.media.atlassian.com/file/84b4a041-5310-480d-9032-bbced35ac75f/binary?token=eyJhbGciOiJIUzI1NiJ9.eyJpc3MiOiJiN...
  Attempt 3/5: Downloading from https://api.media.atlassian.com/file/84b4a041-5310-480d-9032-bbced35ac75f/binary?token=eyJhbGciOiJIUzI1NiJ9.eyJpc3MiOiJiN...
  📊 Downloaded 10.0/54.78 MB...
  📊 Downloaded 20.0/54.78 MB...
  📊 Downloaded 30.0/54.78 MB...
  📊 Downloaded 40.0/54.78 MB...
  📊 Downloaded 50.0/54.78 MB...
  ✅ Downloaded 57440120 bytes successfully
  ⏳ Retrying in 8s...
  Attempt 4/5: Downloading from https://craftsilicon.atlassian.net/rest/api/3/attachment/content/129946...
  Following redirect 1/6 to: https://api.media.atlassian.com/file/84b4a041-5310-480d-9032-bbced35ac75f/binary?token=eyJhbGciOiJIUzI1NiJ9.eyJpc3MiOiJiN...
  Attempt 4/5: Downloading from https://api.media.atlassian.com/file/84b4a041-5310-480d-9032-bbced35ac75f/binary?token=eyJhbGciOiJIUzI1NiJ9.eyJpc3MiOiJiN...
  📊 Downloaded 10.0/54.78 MB...
  📊 Downloaded 20.0/54.78 MB...  Error on attempt 4/5: ActiveRecord::RecordNotUnique: PG::UniqueViolation: ERROR:  duplicate key value violates unique constraint "index_active_storage_attachments_uniqueness"
DETAIL:  Key (record_type, record_id, name, blob_id)=(Defect, 76ad1b7a-6902-4104-88f8-9b0ab4ea8e14, attachments, fd43d945-b0f8-4950-92a1-dd53eb1a7027) already exists.
  Backtrace: /home/robert/.rbenv/versions/3.3.5/lib/ruby/gems/3.3.0/gems/activerecord-7.2.2.2/lib/active_record/connection_adapters/postgresql_adapter.rb:894:in `exec_params'
           /home/robert/.rbenv/versions/3.3.5/lib/ruby/gems/3.3.0/gems/activerecord-7.2.2.2/lib/active_record/connection_adapters/postgresql_adapter.rb:894:in `block (2 levels) in exec_no_cache'
           /home/robert/.rbenv/versions/3.3.5/lib/ruby/gems/3.3.0/gems/activerecord-7.2.2.2/lib/active_record/connection_adapters/abstract_adapter.rb:1004:in `block in with_raw_connection'
  Error on attempt 5/5: ActiveRecord::RecordNotUnique: PG::UniqueViolation: ERROR:  duplicate key value violates unique constraint "index_active_storage_attachments_uniqueness"
DETAIL:  Key (record_type, record_id, name, blob_id)=(Defect, 76ad1b7a-6902-4104-88f8-9b0ab4ea8e14, attachments, fd43d945-b0f8-4950-92a1-dd53eb1a7027) already exists.
  Backtrace: /home/robert/.rbenv/versions/3.3.5/lib/ruby/gems/3.3.0/gems/activerecord-7.2.2.2/lib/active_record/connection_adapters/postgresql_adapter.rb:894:in `exec_params'
           /home/robert/.rbenv/versions/3.3.5/lib/ruby/gems/3.3.0/gems/activerecord-7.2.2.2/lib/active_record/connection_adapters/postgresql_adapter.rb:894:in `block (2 levels) in exec_no_cache'
           /home/robert/.rbenv/versions/3.3.5/lib/ruby/gems/3.3.0/gems/activerecord-7.2.2.2/lib/active_record/connection_adapters/abstract_adapter.rb:1004:in `block in with_raw_connection'
  ❌ FAILED after 5 attempts

  📊 Downloaded 30.0/54.78 MB...
  📊 Downloaded 40.0/54.78 MB...
  📊 Downloaded 50.0/54.78 MB...
  ✅ Downloaded 57440120 bytes successfully
  ⏳ Retrying in 15s...
  Attempt 5/5: Downloading from https://craftsilicon.atlassian.net/rest/api/3/attachment/content/129946...
  Following redirect 1/6 to: https://api.media.atlassian.com/file/84b4a041-5310-480d-9032-bbced35ac75f/binary?token=eyJhbGciOiJIUzI1NiJ9.eyJpc3MiOiJiN...
  Attempt 5/5: Downloading from https://api.media.atlassian.com/file/84b4a041-5310-480d-9032-bbced35ac75f/binary?token=eyJhbGciOiJIUzI1NiJ9.eyJpc3MiOiJiN...
  📊 Downloaded 10.0/54.78 MB...
  📊 Downloaded 20.0/54.78 MB...
  📊 Downloaded 30.0/54.78 MB...
  📊 Downloaded 40.0/54.78 MB...
  📊 Downloaded 50.0/54.78 MB...
  ✅ Downloaded 57440120 bytes successfully

📊 Attachment Summary for ISP-1954:
   ✅ Uploaded: 0
   ⏭️  Skipped: 0
   ❌ Failed: 1

[LABEL] Processing 2 label(s) for ISP-1954
[LABEL-MATCH] Found existing label 'New_ERP' (stored as 'new_erp') -> a9f0bd31-9bc0-4a7b-90fc-2ed53a305e8d
[LABEL-SKIP] Label 'new_erp' already attached to ISP-1954
[LABEL-MATCH] Found existing label 'QA' (stored as 'qa') -> f66526ba-6a94-47b5-8239-f9fae5aa2248
[LABEL-SKIP] Label 'qa' already attached to ISP-1954
[LABEL] Completed processing labels for ISP-1954. Total attached: 2
[DESCRIPTION-VALIDATE] ISP-1954: new_len=393, existing_len=429
[DESCRIPTION-UPDATE] ISP-1954: Updated description (393 chars)
  Previous: <div class="trix-content">
  <p><strong>Actual Result-</strong>Rejected tender with Draft Status is a...
  Updated: <p><strong>Actual Result-</strong>Rejected tender with Draft Status is also listed in Select Tender d...
Processing issue 25/439: ISP-1953
[DEBUG-LABELS] Total labels found for ISP-1953: 2
[USER-MATCH] Matched 'archana.verma' by parsed first+last: archana verma -> 7b5370b5-abcd-4ad2-908b-1791ca40d9c9
[USER-MATCH] Matched 'Robert Mbugua Kanyoro' by email: robert.mbugua@craftsilicon.com -> fb1e0a05-f047-4e22-a52b-b9b1fe4b4358
[STATUS-MATCH] Matched status 'In Progress' by name: In Progress -> c805a0e9-73fc-4726-a1ab-d28b9a36469e
[BANKING-MATCH] Found existing banking type 'ERP' -> d9a45733-9624-42c2-afcc-888ce998dbbe
📥 DOWNLOADING ISSUE-LEVEL ATTACHMENTS FOR ISP-1953
   Total files: 1 (12.12 MB)

   [1/1] ⏭️  SKIP: ISP-1953-TPP-Tender Status.mp4 (already attached)

📊 Attachment Summary for ISP-1953:
   ✅ Uploaded: 0
   ⏭️  Skipped: 1
   ❌ Failed: 0

[LABEL] Processing 2 label(s) for ISP-1953
[LABEL-MATCH] Found existing label 'New_ERP' (stored as 'new_erp') -> a9f0bd31-9bc0-4a7b-90fc-2ed53a305e8d
[LABEL-SKIP] Label 'new_erp' already attached to ISP-1953
[LABEL-MATCH] Found existing label 'QA' (stored as 'qa') -> f66526ba-6a94-47b5-8239-f9fae5aa2248
[LABEL-SKIP] Label 'qa' already attached to ISP-1953
[LABEL] Completed processing labels for ISP-1953. Total attached: 2
[DESCRIPTION-VALIDATE] ISP-1953: new_len=801, existing_len=745
[DESCRIPTION-UPDATE] ISP-1953: Updated description (801 chars)
  Previous: <div class="trix-content">
  <p><strong>Actual Result-Tenders with status as “Opening in progress” on...
  Updated: <p><strong>Actual Result-Tenders with status as “Opening in progress” on ERP portal </strong><span st...
Processing issue 26/439: ISP-1952
[DEBUG-LABELS] Total labels found for ISP-1952: 2
[USER-MATCH] Matched 'archana.verma' by parsed first+last: archana verma -> 7b5370b5-abcd-4ad2-908b-1791ca40d9c9
[USER-MATCH] Matched 'Robert Mbugua Kanyoro' by email: robert.mbugua@craftsilicon.com -> fb1e0a05-f047-4e22-a52b-b9b1fe4b4358
[STATUS-MATCH] Matched status 'In Progress' by name: In Progress -> c805a0e9-73fc-4726-a1ab-d28b9a36469e
[BANKING-MATCH] Found existing banking type 'ERP' -> d9a45733-9624-42c2-afcc-888ce998dbbe
📥 DOWNLOADING ISSUE-LEVEL ATTACHMENTS FOR ISP-1952
   Total files: 1 (18.14 MB)

   [1/1] ⏭️  SKIP: ISP-1952-Suppliers listing-Search.mp4 (already attached)

📊 Attachment Summary for ISP-1952:
   ✅ Uploaded: 0
   ⏭️  Skipped: 1
   ❌ Failed: 0

[LABEL] Processing 2 label(s) for ISP-1952
[LABEL-MATCH] Found existing label 'New_ERP' (stored as 'new_erp') -> a9f0bd31-9bc0-4a7b-90fc-2ed53a305e8d
[LABEL-SKIP] Label 'new_erp' already attached to ISP-1952
[LABEL-MATCH] Found existing label 'QA' (stored as 'qa') -> f66526ba-6a94-47b5-8239-f9fae5aa2248
[LABEL-SKIP] Label 'qa' already attached to ISP-1952
[LABEL] Completed processing labels for ISP-1952. Total attached: 2
[DESCRIPTION-VALIDATE] ISP-1952: new_len=545, existing_len=535
[DESCRIPTION-UPDATE] ISP-1952: Updated description (545 chars)
  Previous: <div class="trix-content">
  <p><strong>Actual Result-</strong><span>System either displays the error...
  Updated: <p><strong>Actual Result-</strong><span style="color: #ff5630">System either displays the error-</spa...
Processing issue 27/439: ISP-1949
[DEBUG-LABELS] Total labels found for ISP-1949: 2
[USER-MATCH] Matched 'archana.verma' by parsed first+last: archana verma -> 7b5370b5-abcd-4ad2-908b-1791ca40d9c9
[USER-MATCH] Matched 'Robert Mbugua Kanyoro' by email: robert.mbugua@craftsilicon.com -> fb1e0a05-f047-4e22-a52b-b9b1fe4b4358
[STATUS-MATCH] Matched status 'In Progress' by name: In Progress -> c805a0e9-73fc-4726-a1ab-d28b9a36469e
[BANKING-MATCH] Found existing banking type 'ERP' -> d9a45733-9624-42c2-afcc-888ce998dbbe
📥 DOWNLOADING ISSUE-LEVEL ATTACHMENTS FOR ISP-1949
   Total files: 1 (21.13 MB)

   [1/1] ⏭️  SKIP: ISP-1949, 1947-Draft.mp4 (already attached)

📊 Attachment Summary for ISP-1949:
   ✅ Uploaded: 0
   ⏭️  Skipped: 1
   ❌ Failed: 0

[LABEL] Processing 2 label(s) for ISP-1949
[LABEL-MATCH] Found existing label 'New_ERP' (stored as 'new_erp') -> a9f0bd31-9bc0-4a7b-90fc-2ed53a305e8d
[LABEL-SKIP] Label 'new_erp' already attached to ISP-1949
[LABEL-MATCH] Found existing label 'QA' (stored as 'qa') -> f66526ba-6a94-47b5-8239-f9fae5aa2248
[LABEL-SKIP] Label 'qa' already attached to ISP-1949
[LABEL] Completed processing labels for ISP-1949. Total attached: 2
[DESCRIPTION-VALIDATE] ISP-1949: new_len=525, existing_len=538
[DESCRIPTION-UPDATE] ISP-1949: Updated description (525 chars)
  Previous: <div class="trix-content">
  <p><strong>Actual Result-</strong>In Draft mode, changes made by the use...
  Updated: <p><strong>Actual Result-</strong>In Draft mode, changes made by the user to Amount, Bid validity and...
Processing issue 28/439: ISP-1948
[DEBUG-LABELS] Total labels found for ISP-1948: 2
[USER-MATCH] Matched 'archana.verma' by parsed first+last: archana verma -> 7b5370b5-abcd-4ad2-908b-1791ca40d9c9
[USER-MATCH] Matched 'Robert Mbugua Kanyoro' by email: robert.mbugua@craftsilicon.com -> fb1e0a05-f047-4e22-a52b-b9b1fe4b4358
[STATUS-MATCH] Matched status 'In Progress' by name: In Progress -> c805a0e9-73fc-4726-a1ab-d28b9a36469e
[BANKING-MATCH] Found existing banking type 'ERP' -> d9a45733-9624-42c2-afcc-888ce998dbbe
📥 DOWNLOADING ISSUE-LEVEL ATTACHMENTS FOR ISP-1948
   Total files: 1 (8.41 MB)

   [1/1] ⏭️  SKIP: ISP-1948-Submit through TPP and manual.mp4 (already attached)

📊 Attachment Summary for ISP-1948:
   ✅ Uploaded: 0
   ⏭️  Skipped: 1
   ❌ Failed: 0

[LABEL] Processing 2 label(s) for ISP-1948
[LABEL-MATCH] Found existing label 'New_ERP' (stored as 'new_erp') -> a9f0bd31-9bc0-4a7b-90fc-2ed53a305e8d
[LABEL-SKIP] Label 'new_erp' already attached to ISP-1948
[LABEL-MATCH] Found existing label 'QA' (stored as 'qa') -> f66526ba-6a94-47b5-8239-f9fae5aa2248
[LABEL-SKIP] Label 'qa' already attached to ISP-1948
[LABEL] Completed processing labels for ISP-1948. Total attached: 2
[DESCRIPTION-VALIDATE] ISP-1948: new_len=128, existing_len=164
[DESCRIPTION-UPDATE] ISP-1948: Updated description (128 chars)
  Previous: <div class="trix-content">
  <p><strong>Actual Result-</strong>Bid is saved successfully. No error is...
  Updated: <p><strong>Actual Result-</strong>Bid is saved successfully. No error is displayed.</p>
<p><strong>Ex...
Processing issue 29/439: ISP-1947
[DEBUG-LABELS] Total labels found for ISP-1947: 2
[USER-MATCH] Matched 'archana.verma' by parsed first+last: archana verma -> 7b5370b5-abcd-4ad2-908b-1791ca40d9c9
[USER-MATCH] Matched 'Robert Mbugua Kanyoro' by email: robert.mbugua@craftsilicon.com -> fb1e0a05-f047-4e22-a52b-b9b1fe4b4358  Error on attempt 1/3: ActiveRecord::RecordNotUnique: PG::UniqueViolation: ERROR:  duplicate key value violates unique constraint "index_active_storage_attachments_uniqueness"
DETAIL:  Key (record_type, record_id, name, blob_id)=(Defect, 5e683277-410e-4dc3-92b2-9bbea4f158b2, attachments, e41fde2c-454a-462a-8cd2-79dd54b1b967) already exists.
  Backtrace: /home/robert/.rbenv/versions/3.3.5/lib/ruby/gems/3.3.0/gems/activerecord-7.2.2.2/lib/active_record/connection_adapters/postgresql_adapter.rb:894:in `exec_params'
           /home/robert/.rbenv/versions/3.3.5/lib/ruby/gems/3.3.0/gems/activerecord-7.2.2.2/lib/active_record/connection_adapters/postgresql_adapter.rb:894:in `block (2 levels) in exec_no_cache'
           /home/robert/.rbenv/versions/3.3.5/lib/ruby/gems/3.3.0/gems/activerecord-7.2.2.2/lib/active_record/connection_adapters/abstract_adapter.rb:1004:in `block in with_raw_connection'
  Error on attempt 2/3: ActiveRecord::RecordNotUnique: PG::UniqueViolation: ERROR:  duplicate key value violates unique constraint "index_active_storage_attachments_uniqueness"
DETAIL:  Key (record_type, record_id, name, blob_id)=(Defect, 5e683277-410e-4dc3-92b2-9bbea4f158b2, attachments, e41fde2c-454a-462a-8cd2-79dd54b1b967) already exists.
  Backtrace: /home/robert/.rbenv/versions/3.3.5/lib/ruby/gems/3.3.0/gems/activerecord-7.2.2.2/lib/active_record/connection_adapters/postgresql_adapter.rb:894:in `exec_params'
           /home/robert/.rbenv/versions/3.3.5/lib/ruby/gems/3.3.0/gems/activerecord-7.2.2.2/lib/active_record/connection_adapters/postgresql_adapter.rb:894:in `block (2 levels) in exec_no_cache'
           /home/robert/.rbenv/versions/3.3.5/lib/ruby/gems/3.3.0/gems/activerecord-7.2.2.2/lib/active_record/connection_adapters/abstract_adapter.rb:1004:in `block in with_raw_connection'
  Error on attempt 3/3: ActiveRecord::RecordNotUnique: PG::UniqueViolation: ERROR:  duplicate key value violates unique constraint "index_active_storage_attachments_uniqueness"
DETAIL:  Key (record_type, record_id, name, blob_id)=(Defect, 5e683277-410e-4dc3-92b2-9bbea4f158b2, attachments, e41fde2c-454a-462a-8cd2-79dd54b1b967) already exists.
  Backtrace: /home/robert/.rbenv/versions/3.3.5/lib/ruby/gems/3.3.0/gems/activerecord-7.2.2.2/lib/active_record/connection_adapters/postgresql_adapter.rb:894:in `exec_params'
           /home/robert/.rbenv/versions/3.3.5/lib/ruby/gems/3.3.0/gems/activerecord-7.2.2.2/lib/active_record/connection_adapters/postgresql_adapter.rb:894:in `block (2 levels) in exec_no_cache'
           /home/robert/.rbenv/versions/3.3.5/lib/ruby/gems/3.3.0/gems/activerecord-7.2.2.2/lib/active_record/connection_adapters/abstract_adapter.rb:1004:in `block in with_raw_connection'
  ❌ FAILED after 3 attempts

[STATUS-MATCH] Matched status 'In Progress' by name: In Progress -> c805a0e9-73fc-4726-a1ab-d28b9a36469e
[BANKING-MATCH] Found existing banking type 'ERP' -> d9a45733-9624-42c2-afcc-888ce998dbbe
📥 DOWNLOADING ISSUE-LEVEL ATTACHMENTS FOR ISP-1947
   Total files: 1 (21.13 MB)

   [1/1] ⏭️  SKIP: ISP-1947-Draft.mp4 (already attached)

📊 Attachment Summary for ISP-1947:
   ✅ Uploaded: 0
   ⏭️  Skipped: 1
   ❌ Failed: 0

[LABEL] Processing 2 label(s) for ISP-1947
[LABEL-MATCH] Found existing label 'New_ERP' (stored as 'new_erp') -> a9f0bd31-9bc0-4a7b-90fc-2ed53a305e8d
[LABEL-SKIP] Label 'new_erp' already attached to ISP-1947
[LABEL-MATCH] Found existing label 'QA' (stored as 'qa') -> f66526ba-6a94-47b5-8239-f9fae5aa2248
[LABEL-SKIP] Label 'qa' already attached to ISP-1947
[LABEL] Completed processing labels for ISP-1947. Total attached: 2
[DESCRIPTION-VALIDATE] ISP-1947: new_len=441, existing_len=454
[DESCRIPTION-UPDATE] ISP-1947: Updated description (441 chars)
  Previous: <div class="trix-content">
  <p><strong>Actual Result-</strong><span>Submit Final Bid button is not r...
  Updated: <p><strong>Actual Result-</strong><span style="color: #ff5630">Submit Final Bid button is not respons...
Processing issue 30/439: ISP-1944
[DEBUG-LABELS] Total labels found for ISP-1944: 2
[USER-MATCH] Matched 'archana.verma' by parsed first+last: archana verma -> 7b5370b5-abcd-4ad2-908b-1791ca40d9c9
[USER-MATCH] Matched 'Robert Mbugua Kanyoro' by email: robert.mbugua@craftsilicon.com -> fb1e0a05-f047-4e22-a52b-b9b1fe4b4358
[STATUS-MATCH] Matched status 'In Progress' by name: In Progress -> c805a0e9-73fc-4726-a1ab-d28b9a36469e
[BANKING-MATCH] Found existing banking type 'ERP' -> d9a45733-9624-42c2-afcc-888ce998dbbe
📥 DOWNLOADING ISSUE-LEVEL ATTACHMENTS FOR ISP-1944
   Total files: 1 (11.18 MB)

   [1/1] ⏭️  SKIP: ISP-1944-Bid submission past dates.mp4 (already attached)

📊 Attachment Summary for ISP-1944:
   ✅ Uploaded: 0
   ⏭️  Skipped: 1
   ❌ Failed: 0

[LABEL] Processing 2 label(s) for ISP-1944
[LABEL-MATCH] Found existing label 'New_ERP' (stored as 'new_erp') -> a9f0bd31-9bc0-4a7b-90fc-2ed53a305e8d
[LABEL-SKIP] Label 'new_erp' already attached to ISP-1944
[LABEL-MATCH] Found existing label 'QA' (stored as 'qa') -> f66526ba-6a94-47b5-8239-f9fae5aa2248
[LABEL-SKIP] Label 'qa' already attached to ISP-1944
[LABEL] Completed processing labels for ISP-1944. Total attached: 2
[DESCRIPTION-VALIDATE] ISP-1944: new_len=464, existing_len=477
[DESCRIPTION-UPDATE] ISP-1944: Updated description (464 chars)
  Previous: <div class="trix-content">
  <p><strong>Actual Result-</strong><span>System is allowing to save the M...
  Updated: <p><strong>Actual Result-</strong><span style="color: #ff5630">System is allowing to save the Manual ...
Processing issue 31/439: ISP-1943
[DEBUG-LABELS] Total labels found for ISP-1943: 2
[USER-MATCH] Matched 'archana.verma' by parsed first+last: archana verma -> 7b5370b5-abcd-4ad2-908b-1791ca40d9c9
[USER-MATCH] Matched 'Robert Mbugua Kanyoro' by email: robert.mbugua@craftsilicon.com -> fb1e0a05-f047-4e22-a52b-b9b1fe4b4358
[STATUS-MATCH] Matched status 'In Progress' by name: In Progress -> c805a0e9-73fc-4726-a1ab-d28b9a36469e
[BANKING-MATCH] Found existing banking type 'ERP' -> d9a45733-9624-42c2-afcc-888ce998dbbe
📥 DOWNLOADING ISSUE-LEVEL ATTACHMENTS FOR ISP-1943
   Total files: 1 (12.66 MB)

   [1/1] ⏭️  SKIP: ISP-1943, 1942-Tender-Time and multiple submissions.mp4 (already attached)

📊 Attachment Summary for ISP-1943:
   ✅ Uploaded: 0
   ⏭️  Skipped: 1
   ❌ Failed: 0

[LABEL] Processing 2 label(s) for ISP-1943
[LABEL-MATCH] Found existing label 'New_ERP' (stored as 'new_erp') -> a9f0bd31-9bc0-4a7b-90fc-2ed53a305e8d
[LABEL-SKIP] Label 'new_erp' already attached to ISP-1943
[LABEL-MATCH] Found existing label 'QA' (stored as 'qa') -> f66526ba-6a94-47b5-8239-f9fae5aa2248
[LABEL-SKIP] Label 'qa' already attached to ISP-1943
[LABEL] Completed processing labels for ISP-1943. Total attached: 2
[DESCRIPTION-VALIDATE] ISP-1943: new_len=475, existing_len=511
[DESCRIPTION-UPDATE] ISP-1943: Updated description (475 chars)
  Previous: <div class="trix-content">
  <p><strong>Actual Result-</strong>Submissions are saved successfully. No...
  Updated: <p><strong>Actual Result-</strong>Submissions are saved successfully. No error is displayed.</p>
<p><...
Processing issue 32/439: ISP-1942
[DEBUG-LABELS] Total labels found for ISP-1942: 2
[USER-MATCH] Matched 'archana.verma' by parsed first+last: archana verma -> 7b5370b5-abcd-4ad2-908b-1791ca40d9c9
[USER-MATCH] Matched 'Robert Mbugua Kanyoro' by email: robert.mbugua@craftsilicon.com -> fb1e0a05-f047-4e22-a52b-b9b1fe4b4358
[STATUS-MATCH] Matched status 'In Progress' by name: In Progress -> c805a0e9-73fc-4726-a1ab-d28b9a36469e
[BANKING-MATCH] Found existing banking type 'ERP' -> d9a45733-9624-42c2-afcc-888ce998dbbe
📥 DOWNLOADING ISSUE-LEVEL ATTACHMENTS FOR ISP-1942
   Total files: 1 (12.66 MB)

   [1/1] 📥 Downloading: ISP-1942-Tender-Time and multiple submissions.mp4 (12.66 MB)
  Attempt 1/3: Downloading from https://craftsilicon.atlassian.net/rest/api/3/attachment/content/129759...
  Following redirect 1/6 to: https://api.media.atlassian.com/file/62635bf9-03d5-4f49-8d95-7ba9286243cf/binary?token=eyJhbGciOiJIUzI1NiJ9.eyJpc3MiOiJiN...
  Attempt 1/3: Downloading from https://api.media.atlassian.com/file/62635bf9-03d5-4f49-8d95-7ba9286243cf/binary?token=eyJhbGciOiJIUzI1NiJ9.eyJpc3MiOiJiN...
  📊 Downloaded 10.0/12.66 MB...
  ✅ Downloaded 13270044 bytes successfully
  ⏳ Retrying in 2s...
  Attempt 2/3: Downloading from https://craftsilicon.atlassian.net/rest/api/3/attachment/content/129759...
  Following redirect 1/6 to: https://api.media.atlassian.com/file/62635bf9-03d5-4f49-8d95-7ba9286243cf/binary?token=eyJhbGciOiJIUzI1NiJ9.eyJpc3MiOiJiN...
  Attempt 2/3: Downloading from https://api.media.atlassian.com/file/62635bf9-03d5-4f49-8d95-7ba9286243cf/binary?token=eyJhbGciOiJIUzI1NiJ9.eyJpc3MiOiJiN...
  📊 Downloaded 10.0/12.66 MB...
  ✅ Downloaded 13270044 bytes successfully
  ⏳ Retrying in 4s...
  Attempt 3/3: Downloading from https://craftsilicon.atlassian.net/rest/api/3/attachment/content/129759...
  Following redirect 1/6 to: https://api.media.atlassian.com/file/62635bf9-03d5-4f49-8d95-7ba9286243cf/binary?token=eyJhbGciOiJIUzI1NiJ9.eyJpc3MiOiJiN...
  Attempt 3/3: Downloading from https://api.media.atlassian.com/file/62635bf9-03d5-4f49-8d95-7ba9286243cf/binary?token=eyJhbGciOiJIUzI1NiJ9.eyJpc3MiOiJiN...
  📊 Downloaded 10.0/12.66 MB...
  ✅ Downloaded 13270044 bytes successfully

📊 Attachment Summary for ISP-1942:
   ✅ Uploaded: 0
   ⏭️  Skipped: 0
   ❌ Failed: 1

[LABEL] Processing 2 label(s) for ISP-1942
[LABEL-MATCH] Found existing label 'New_ERP' (stored as 'new_erp') -> a9f0bd31-9bc0-4a7b-90fc-2ed53a305e8d
[LABEL-SKIP] Label 'new_erp' already attached to ISP-1942
[LABEL-MATCH] Found existing label 'QA' (stored as 'qa') -> f66526ba-6a94-47b5-8239-f9fae5aa2248
[LABEL-SKIP] Label 'qa' already attached to ISP-1942
[LABEL] Completed processing labels for ISP-1942. Total attached: 2
[DESCRIPTION-VALIDATE] ISP-1942: new_len=447, existing_len=460
[DESCRIPTION-UPDATE] ISP-1942: Updated description (447 chars)
  Previous: <div class="trix-content">
  <p><strong>Actual Result-</strong>On viewing the Submission using View b...
  Updated: <p><strong>Actual Result-</strong>On viewing the Submission using View button or the Manual Bid Submi...
Processing issue 33/439: ISP-1941
[DEBUG-LABELS] Total labels found for ISP-1941: 2
[USER-MATCH] Matched 'archana.verma' by parsed first+last: archana verma -> 7b5370b5-abcd-4ad2-908b-1791ca40d9c9
[USER-MATCH] Matched 'Robert Mbugua Kanyoro' by email: robert.mbugua@craftsilicon.com -> fb1e0a05-f047-4e22-a52b-b9b1fe4b4358
[STATUS-MATCH] Matched status 'In Progress' by name: In Progress -> c805a0e9-73fc-4726-a1ab-d28b9a36469e
[BANKING-MATCH] Found existing banking type 'ERP' -> d9a45733-9624-42c2-afcc-888ce998dbbe
📥 DOWNLOADING ISSUE-LEVEL ATTACHMENTS FOR ISP-1941
   Total files: 1 (5.63 MB)

   [1/1] ⏭️  SKIP: ISP-1941-Suppliers duplication.mp4 (already attached)

📊 Attachment Summary for ISP-1941:  Error on attempt 1/5: ActiveRecord::RecordNotUnique: PG::UniqueViolation: ERROR:  duplicate key value violates unique constraint "index_active_storage_attachments_uniqueness"
DETAIL:  Key (record_type, record_id, name, blob_id)=(Defect, 06ff7e24-ac1b-4814-92e7-e4221fdcbd17, attachments, 3fcb3bca-bba1-4500-b066-e15197171304) already exists.
  Backtrace: /home/robert/.rbenv/versions/3.3.5/lib/ruby/gems/3.3.0/gems/activerecord-7.2.2.2/lib/active_record/connection_adapters/postgresql_adapter.rb:894:in `exec_params'
           /home/robert/.rbenv/versions/3.3.5/lib/ruby/gems/3.3.0/gems/activerecord-7.2.2.2/lib/active_record/connection_adapters/postgresql_adapter.rb:894:in `block (2 levels) in exec_no_cache'
           /home/robert/.rbenv/versions/3.3.5/lib/ruby/gems/3.3.0/gems/activerecord-7.2.2.2/lib/active_record/connection_adapters/abstract_adapter.rb:1004:in `block in with_raw_connection'
  Error on attempt 2/5: ActiveRecord::RecordNotUnique: PG::UniqueViolation: ERROR:  duplicate key value violates unique constraint "index_active_storage_attachments_uniqueness"
DETAIL:  Key (record_type, record_id, name, blob_id)=(Defect, 06ff7e24-ac1b-4814-92e7-e4221fdcbd17, attachments, 3fcb3bca-bba1-4500-b066-e15197171304) already exists.
  Backtrace: /home/robert/.rbenv/versions/3.3.5/lib/ruby/gems/3.3.0/gems/activerecord-7.2.2.2/lib/active_record/connection_adapters/postgresql_adapter.rb:894:in `exec_params'
           /home/robert/.rbenv/versions/3.3.5/lib/ruby/gems/3.3.0/gems/activerecord-7.2.2.2/lib/active_record/connection_adapters/postgresql_adapter.rb:894:in `block (2 levels) in exec_no_cache'
           /home/robert/.rbenv/versions/3.3.5/lib/ruby/gems/3.3.0/gems/activerecord-7.2.2.2/lib/active_record/connection_adapters/abstract_adapter.rb:1004:in `block in with_raw_connection'
  Error on attempt 3/5: ActiveRecord::RecordNotUnique: PG::UniqueViolation: ERROR:  duplicate key value violates unique constraint "index_active_storage_attachments_uniqueness"
DETAIL:  Key (record_type, record_id, name, blob_id)=(Defect, 06ff7e24-ac1b-4814-92e7-e4221fdcbd17, attachments, 3fcb3bca-bba1-4500-b066-e15197171304) already exists.
  Backtrace: /home/robert/.rbenv/versions/3.3.5/lib/ruby/gems/3.3.0/gems/activerecord-7.2.2.2/lib/active_record/connection_adapters/postgresql_adapter.rb:894:in `exec_params'
           /home/robert/.rbenv/versions/3.3.5/lib/ruby/gems/3.3.0/gems/activerecord-7.2.2.2/lib/active_record/connection_adapters/postgresql_adapter.rb:894:in `block (2 levels) in exec_no_cache'
           /home/robert/.rbenv/versions/3.3.5/lib/ruby/gems/3.3.0/gems/activerecord-7.2.2.2/lib/active_record/connection_adapters/abstract_adapter.rb:1004:in `block in with_raw_connection'
  Error on attempt 4/5: ActiveRecord::RecordNotUnique: PG::UniqueViolation: ERROR:  duplicate key value violates unique constraint "index_active_storage_attachments_uniqueness"
DETAIL:  Key (record_type, record_id, name, blob_id)=(Defect, 06ff7e24-ac1b-4814-92e7-e4221fdcbd17, attachments, 3fcb3bca-bba1-4500-b066-e15197171304) already exists.
  Backtrace: /home/robert/.rbenv/versions/3.3.5/lib/ruby/gems/3.3.0/gems/activerecord-7.2.2.2/lib/active_record/connection_adapters/postgresql_adapter.rb:894:in `exec_params'
           /home/robert/.rbenv/versions/3.3.5/lib/ruby/gems/3.3.0/gems/activerecord-7.2.2.2/lib/active_record/connection_adapters/postgresql_adapter.rb:894:in `block (2 levels) in exec_no_cache'
           /home/robert/.rbenv/versions/3.3.5/lib/ruby/gems/3.3.0/gems/activerecord-7.2.2.2/lib/active_record/connection_adapters/abstract_adapter.rb:1004:in `block in with_raw_connection'
  Error on attempt 5/5: ActiveRecord::RecordNotUnique: PG::UniqueViolation: ERROR:  duplicate key value violates unique constraint "index_active_storage_attachments_uniqueness"
DETAIL:  Key (record_type, record_id, name, blob_id)=(Defect, 06ff7e24-ac1b-4814-92e7-e4221fdcbd17, attachments, 3fcb3bca-bba1-4500-b066-e15197171304) already exists.
  Backtrace: /home/robert/.rbenv/versions/3.3.5/lib/ruby/gems/3.3.0/gems/activerecord-7.2.2.2/lib/active_record/connection_adapters/postgresql_adapter.rb:894:in `exec_params'
           /home/robert/.rbenv/versions/3.3.5/lib/ruby/gems/3.3.0/gems/activerecord-7.2.2.2/lib/active_record/connection_adapters/postgresql_adapter.rb:894:in `block (2 levels) in exec_no_cache'
           /home/robert/.rbenv/versions/3.3.5/lib/ruby/gems/3.3.0/gems/activerecord-7.2.2.2/lib/active_record/connection_adapters/abstract_adapter.rb:1004:in `block in with_raw_connection'
  ❌ FAILED after 5 attempts

   ✅ Uploaded: 0
   ⏭️  Skipped: 1
   ❌ Failed: 0

[LABEL] Processing 2 label(s) for ISP-1941
[LABEL-MATCH] Found existing label 'New_ERP' (stored as 'new_erp') -> a9f0bd31-9bc0-4a7b-90fc-2ed53a305e8d
[LABEL-SKIP] Label 'new_erp' already attached to ISP-1941
[LABEL-MATCH] Found existing label 'QA' (stored as 'qa') -> f66526ba-6a94-47b5-8239-f9fae5aa2248
[LABEL-SKIP] Label 'qa' already attached to ISP-1941
[LABEL] Completed processing labels for ISP-1941. Total attached: 2
[DESCRIPTION-VALIDATE] ISP-1941: new_len=363, existing_len=376
[DESCRIPTION-UPDATE] ISP-1941: Updated description (363 chars)
  Previous: <div class="trix-content">
  <p><strong>Actual Result-</strong><span>Suppliers are duplicated i.e. sa...
  Updated: <p><strong>Actual Result-</strong><span style="color: #ff5630">Suppliers are duplicated i.e. same Sup...
Processing issue 34/439: ISP-1940
[DEBUG-LABELS] Total labels found for ISP-1940: 2
[USER-MATCH] Matched 'archana.verma' by parsed first+last: archana verma -> 7b5370b5-abcd-4ad2-908b-1791ca40d9c9
[USER-MATCH] Matched 'Robert Mbugua Kanyoro' by email: robert.mbugua@craftsilicon.com -> fb1e0a05-f047-4e22-a52b-b9b1fe4b4358
[STATUS-MATCH] Matched status 'In Progress' by name: In Progress -> c805a0e9-73fc-4726-a1ab-d28b9a36469e
[BANKING-MATCH] Found existing banking type 'ERP' -> d9a45733-9624-42c2-afcc-888ce998dbbe
📥 DOWNLOADING ISSUE-LEVEL ATTACHMENTS FOR ISP-1940
   Total files: 1 (5.81 MB)

   [1/1] ⏭️  SKIP: ISP-1940-Tender Name.mp4 (already attached)

📊 Attachment Summary for ISP-1940:
   ✅ Uploaded: 0
   ⏭️  Skipped: 1
   ❌ Failed: 0

[LABEL] Processing 2 label(s) for ISP-1940
[LABEL-MATCH] Found existing label 'New_ERP' (stored as 'new_erp') -> a9f0bd31-9bc0-4a7b-90fc-2ed53a305e8d
[LABEL-SKIP] Label 'new_erp' already attached to ISP-1940
[LABEL-MATCH] Found existing label 'QA' (stored as 'qa') -> f66526ba-6a94-47b5-8239-f9fae5aa2248
[LABEL-SKIP] Label 'qa' already attached to ISP-1940
[LABEL] Completed processing labels for ISP-1940. Total attached: 2
[DESCRIPTION-VALIDATE] ISP-1940: new_len=40, existing_len=76
[DESCRIPTION-UPDATE] ISP-1940: Updated description (40 chars)
Processing issue 35/439: ISP-1939
[DEBUG-LABELS] Total labels found for ISP-1939: 2
[USER-MATCH] Matched 'archana.verma' by parsed first+last: archana verma -> 7b5370b5-abcd-4ad2-908b-1791ca40d9c9
[USER-MATCH] Matched 'Robert Mbugua Kanyoro' by email: robert.mbugua@craftsilicon.com -> fb1e0a05-f047-4e22-a52b-b9b1fe4b4358
[STATUS-MATCH] Matched status 'In Progress' by name: In Progress -> c805a0e9-73fc-4726-a1ab-d28b9a36469e
[BANKING-MATCH] Found existing banking type 'ERP' -> d9a45733-9624-42c2-afcc-888ce998dbbe
📥 DOWNLOADING ISSUE-LEVEL ATTACHMENTS FOR ISP-1939
   Total files: 1 (36.24 MB)

   [1/1] ⏭️  SKIP: ISP-1939,1938-Tender defects.mp4 (already attached)

📊 Attachment Summary for ISP-1939:
   ✅ Uploaded: 0
   ⏭️  Skipped: 1
   ❌ Failed: 0

[LABEL] Processing 2 label(s) for ISP-1939
[LABEL-MATCH] Found existing label 'New_ERP' (stored as 'new_erp') -> a9f0bd31-9bc0-4a7b-90fc-2ed53a305e8d
[LABEL-SKIP] Label 'new_erp' already attached to ISP-1939
[LABEL-MATCH] Found existing label 'QA' (stored as 'qa') -> f66526ba-6a94-47b5-8239-f9fae5aa2248
[LABEL-SKIP] Label 'qa' already attached to ISP-1939
[LABEL] Completed processing labels for ISP-1939. Total attached: 2
[DESCRIPTION-VALIDATE] ISP-1939: new_len=202, existing_len=238
[DESCRIPTION-UPDATE] ISP-1939: Updated description (202 chars)
  Previous: <div class="trix-content">
  <p><strong>Actual Result-</strong>Submission is saved successfully. No e...
  Updated: <p><strong>Actual Result-</strong>Submission is saved successfully. No error is displayed.</p>
<p><st...
Processing issue 36/439: ISP-1938
[DEBUG-LABELS] Total labels found for ISP-1938: 2
[USER-MATCH] Matched 'archana.verma' by parsed first+last: archana verma -> 7b5370b5-abcd-4ad2-908b-1791ca40d9c9
[USER-MATCH] Matched 'Robert Mbugua Kanyoro' by email: robert.mbugua@craftsilicon.com -> fb1e0a05-f047-4e22-a52b-b9b1fe4b4358
[STATUS-MATCH] Matched status 'In Progress' by name: In Progress -> c805a0e9-73fc-4726-a1ab-d28b9a36469e
[BANKING-MATCH] Found existing banking type 'ERP' -> d9a45733-9624-42c2-afcc-888ce998dbbe
📥 DOWNLOADING ISSUE-LEVEL ATTACHMENTS FOR ISP-1938
   Total files: 1 (36.24 MB)

   [1/1] 📥 Downloading: ISP-1938-Tender defects.mp4 (36.24 MB)
  Attempt 1/5: Downloading from https://craftsilicon.atlassian.net/rest/api/3/attachment/content/129723...
  Following redirect 1/6 to: https://api.media.atlassian.com/file/40de2b3e-61e8-4729-9aa2-183fc4edf2c2/binary?token=eyJhbGciOiJIUzI1NiJ9.eyJpc3MiOiJiN...
  Attempt 1/5: Downloading from https://api.media.atlassian.com/file/40de2b3e-61e8-4729-9aa2-183fc4edf2c2/binary?token=eyJhbGciOiJIUzI1NiJ9.eyJpc3MiOiJiN...
  📊 Downloaded 10.0/36.24 MB...
  📊 Downloaded 20.0/36.24 MB...
  📊 Downloaded 30.0/36.24 MB...
  ✅ Downloaded 38005257 bytes successfully
  ⏳ Retrying in 2s...
  Attempt 2/5: Downloading from https://craftsilicon.atlassian.net/rest/api/3/attachment/content/129723...
  Following redirect 1/6 to: https://api.media.atlassian.com/file/40de2b3e-61e8-4729-9aa2-183fc4edf2c2/binary?token=eyJhbGciOiJIUzI1NiJ9.eyJpc3MiOiJiN...
  Attempt 2/5: Downloading from https://api.media.atlassian.com/file/40de2b3e-61e8-4729-9aa2-183fc4edf2c2/binary?token=eyJhbGciOiJIUzI1NiJ9.eyJpc3MiOiJiN...
  📊 Downloaded 10.0/36.24 MB...
  📊 Downloaded 20.0/36.24 MB...
  📊 Downloaded 30.0/36.24 MB...
  ✅ Downloaded 38005257 bytes successfully
  ⏳ Retrying in 4s...
  Attempt 3/5: Downloading from https://craftsilicon.atlassian.net/rest/api/3/attachment/content/129723...
  Following redirect 1/6 to: https://api.media.atlassian.com/file/40de2b3e-61e8-4729-9aa2-183fc4edf2c2/binary?token=eyJhbGciOiJIUzI1NiJ9.eyJpc3MiOiJiN...
  Attempt 3/5: Downloading from https://api.media.atlassian.com/file/40de2b3e-61e8-4729-9aa2-183fc4edf2c2/binary?token=eyJhbGciOiJIUzI1NiJ9.eyJpc3MiOiJiN...
  📊 Downloaded 10.0/36.24 MB...
  📊 Downloaded 20.0/36.24 MB...
  📊 Downloaded 30.0/36.24 MB...
  ✅ Downloaded 38005257 bytes successfully
  ⏳ Retrying in 8s...
  Attempt 4/5: Downloading from https://craftsilicon.atlassian.net/rest/api/3/attachment/content/129723...
  Following redirect 1/6 to: https://api.media.atlassian.com/file/40de2b3e-61e8-4729-9aa2-183fc4edf2c2/binary?token=eyJhbGciOiJIUzI1NiJ9.eyJpc3MiOiJiN...
  Attempt 4/5: Downloading from https://api.media.atlassian.com/file/40de2b3e-61e8-4729-9aa2-183fc4edf2c2/binary?token=eyJhbGciOiJIUzI1NiJ9.eyJpc3MiOiJiN...
  📊 Downloaded 10.0/36.24 MB...
  📊 Downloaded 20.0/36.24 MB...
  📊 Downloaded 30.0/36.24 MB...
  ✅ Downloaded 38005257 bytes successfully
  ⏳ Retrying in 15s...
  Attempt 5/5: Downloading from https://craftsilicon.atlassian.net/rest/api/3/attachment/content/129723...
  Following redirect 1/6 to: https://api.media.atlassian.com/file/40de2b3e-61e8-4729-9aa2-183fc4edf2c2/binary?token=eyJhbGciOiJIUzI1NiJ9.eyJpc3MiOiJiN...
  Attempt 5/5: Downloading from https://api.media.atlassian.com/file/40de2b3e-61e8-4729-9aa2-183fc4edf2c2/binary?token=eyJhbGciOiJIUzI1NiJ9.eyJpc3MiOiJiN...
  📊 Downloaded 10.0/36.24 MB...
  📊 Downloaded 20.0/36.24 MB...
  📊 Downloaded 30.0/36.24 MB...
  ✅ Downloaded 38005257 bytes successfully

📊 Attachment Summary for ISP-1938:
   ✅ Uploaded: 0
   ⏭️  Skipped: 0
   ❌ Failed: 1

[LABEL] Processing 2 label(s) for ISP-1938
[LABEL-MATCH] Found existing label 'New_ERP' (stored as 'new_erp') -> a9f0bd31-9bc0-4a7b-90fc-2ed53a305e8d
[LABEL-SKIP] Label 'new_erp' already attached to ISP-1938
[LABEL-MATCH] Found existing label 'QA' (stored as 'qa') -> f66526ba-6a94-47b5-8239-f9fae5aa2248
[LABEL-SKIP] Label 'qa' already attached to ISP-1938
[LABEL] Completed processing labels for ISP-1938. Total attached: 2
[DESCRIPTION-VALIDATE] ISP-1938: new_len=248, existing_len=284
[DESCRIPTION-UPDATE] ISP-1938: Updated description (248 chars)
  Previous: <div class="trix-content">
  <p><strong>Actual Result-</strong>Submission is saved successfully for T...
  Updated: <p><strong>Actual Result-</strong>Submission is saved successfully for Tenders which are in Draft or ...
Processing issue 37/439: ISP-1937
[DEBUG-LABELS] Total labels found for ISP-1937: 2
[USER-MATCH] Matched 'gideon' by single name: gideon gideon -> a2f6fdcb-6a66-4ace-992b-0f3cd5e9cc53
[USER-MATCH] Matched 'Robert Mbugua Kanyoro' by email: robert.mbugua@craftsilicon.com -> fb1e0a05-f047-4e22-a52b-b9b1fe4b4358
[STATUS-MATCH] Matched status 'In Progress' by name: In Progress -> c805a0e9-73fc-4726-a1ab-d28b9a36469e
[BANKING-MATCH] Found existing banking type 'ERP' -> d9a45733-9624-42c2-afcc-888ce998dbbe
📥 DOWNLOADING ISSUE-LEVEL ATTACHMENTS FOR ISP-1937
   Total files: 1 (4.48 MB)

   [1/1] ⏭️  SKIP: stock-transfer-from-branch-to-branch-no-confirmation-and-going-through-without-f_ck42UAUe.mp4 (already attached)

📊 Attachment Summary for ISP-1937:
   ✅ Uploaded: 0
   ⏭️  Skipped: 1
   ❌ Failed: 0

[LABEL] Processing 2 label(s) for ISP-1937
[LABEL-MATCH] Found existing label 'New_ERP' (stored as 'new_erp') -> a9f0bd31-9bc0-4a7b-90fc-2ed53a305e8d
[LABEL-SKIP] Label 'new_erp' already attached to ISP-1937
[LABEL-MATCH] Found existing label 'QA' (stored as 'qa') -> f66526ba-6a94-47b5-8239-f9fae5aa2248
[LABEL-SKIP] Label 'qa' already attached to ISP-1937
[LABEL] Completed processing labels for ISP-1937. Total attached: 2
[DESCRIPTION-VALIDATE] ISP-1937: new_len=321, existing_len=422
[DESCRIPTION-UPDATE] ISP-1937: Updated description (321 chars)
  Previous: <div class="trix-content">
  <p><strong>Repro Steps -</strong></p>
<p>Actual Results</p>
<p>&nbsp;&nb...
  Updated: <p><strong>Repro Steps -</strong></p>
<p>Actual Results</p>
<p>              No confirmation message ...
Processing issue 38/439: ISP-1933
[DEBUG-LABELS] Total labels found for ISP-1933: 2
[USER-FALLBACK] Using default user for 'Kiriba Delphine' -> b3613172-fc54-4742-b2ba-c10b97d15bf4
[USER-MATCH] Matched 'Robert Mbugua Kanyoro' by email: robert.mbugua@craftsilicon.com -> fb1e0a05-f047-4e22-a52b-b9b1fe4b4358
[STATUS-MATCH] Matched status 'Awaiting Build' by name: Awaiting Build -> bf46baa0-8c97-4afe-a65a-a300e43d70e6
[BANKING-MATCH] Found existing banking type 'ERP' -> d9a45733-9624-42c2-afcc-888ce998dbbe
📥 DOWNLOADING ISSUE-LEVEL ATTACHMENTS FOR ISP-1933
   Total files: 1 (0.85 MB)

   [1/1] ⏭️  SKIP: ExcessValidationErrs.mp4 (already attached)

📊 Attachment Summary for ISP-1933:
   ✅ Uploaded: 0
   ⏭️  Skipped: 1
   ❌ Failed: 0

[LABEL] Processing 2 label(s) for ISP-1933
[LABEL-MATCH] Found existing label 'New_ERP' (stored as 'new_erp') -> a9f0bd31-9bc0-4a7b-90fc-2ed53a305e8d
[LABEL-SKIP] Label 'new_erp' already attached to ISP-1933
[LABEL-MATCH] Found existing label 'QA' (stored as 'qa') -> f66526ba-6a94-47b5-8239-f9fae5aa2248
[LABEL-SKIP] Label 'qa' already attached to ISP-1933
[LABEL] Completed processing labels for ISP-1933. Total attached: 2
[COMMENTS] Importing 1 comment(s) for ISP-1933...
[USER-MATCH] Matched 'Robert Mbugua Kanyoro' by email: robert.mbugua@craftsilicon.com -> fb1e0a05-f047-4e22-a52b-b9b1fe4b4358
[RICH-TEXT] Comment 1 contains: color
[IMPORT] Added rich text comment by Robert Mbugua Kanyoro to ISP-1933 (id=503805a8-d94a-42b4-91d8-0a5c852939ea, length=70)
[DESCRIPTION-VALIDATE] ISP-1933: new_len=506, existing_len=547
[DESCRIPTION-UPDATE] ISP-1933: Updated description (506 chars)
  Previous: <div class="trix-content">
  <p><strong>Repro Steps:</strong></p>
<p><strong>Actual Result</strong></...
  Updated: <p><strong>Repro Steps:</strong></p>
<p><strong>Actual Result</strong></p>
<p>The blank field Errors ...
Processing issue 39/439: ISP-1932
[DEBUG-LABELS] Total labels found for ISP-1932: 2
[USER-MATCH] Matched 'archana.verma' by parsed first+last: archana verma -> 7b5370b5-abcd-4ad2-908b-1791ca40d9c9
[USER-MATCH] Matched 'Robert Mbugua Kanyoro' by email: robert.mbugua@craftsilicon.com -> fb1e0a05-f047-4e22-a52b-b9b1fe4b4358
[STATUS-MATCH] Matched status 'Awaiting Build' by name: Awaiting Build -> bf46baa0-8c97-4afe-a65a-a300e43d70e6
[BANKING-MATCH] Found existing banking type 'ERP' -> d9a45733-9624-42c2-afcc-888ce998dbbe
📥 DOWNLOADING ISSUE-LEVEL ATTACHMENTS FOR ISP-1932
   Total files: 1 (27.21 MB)

   [1/1] ⏭️  SKIP: ISP-1932, 1931, 1930, 1929-Tender Item issues.mp4 (already attached)

📊 Attachment Summary for ISP-1932:
   ✅ Uploaded: 0
   ⏭️  Skipped: 1
   ❌ Failed: 0

[LABEL] Processing 2 label(s) for ISP-1932
[LABEL-MATCH] Found existing label 'New_ERP' (stored as 'new_erp') -> a9f0bd31-9bc0-4a7b-90fc-2ed53a305e8d
[LABEL-SKIP] Label 'new_erp' already attached to ISP-1932
[LABEL-MATCH] Found existing label 'QA' (stored as 'qa') -> f66526ba-6a94-47b5-8239-f9fae5aa2248
[LABEL-SKIP] Label 'qa' already attached to ISP-1932
[LABEL] Completed processing labels for ISP-1932. Total attached: 2
[COMMENTS] Importing 1 comment(s) for ISP-1932...
[USER-MATCH] Matched 'Robert Mbugua Kanyoro' by email: robert.mbugua@craftsilicon.com -> fb1e0a05-f047-4e22-a52b-b9b1fe4b4358
[IMPORT] Added rich text comment by Robert Mbugua Kanyoro to ISP-1932 (id=830c5c1e-7985-45fe-92ab-c8062c57907c, length=91)
[DESCRIPTION-VALIDATE] ISP-1932: new_len=327, existing_len=340
[DESCRIPTION-UPDATE] ISP-1932: Updated description (327 chars)
  Previous: <div class="trix-content">
  <p><strong>Actual Result-</strong><span>System is allowing to add the sa...
  Updated: <p><strong>Actual Result-</strong><span style="color: #ff5630">System is allowing to add the same Ite...
Processing issue 40/439: ISP-1931
[DEBUG-LABELS] Total labels found for ISP-1931: 2
[USER-MATCH] Matched 'archana.verma' by parsed first+last: archana verma -> 7b5370b5-abcd-4ad2-908b-1791ca40d9c9
[USER-MATCH] Matched 'Robert Mbugua Kanyoro' by email: robert.mbugua@craftsilicon.com -> fb1e0a05-f047-4e22-a52b-b9b1fe4b4358
[STATUS-MATCH] Matched status 'In Progress' by name: In Progress -> c805a0e9-73fc-4726-a1ab-d28b9a36469e
[BANKING-MATCH] Found existing banking type 'ERP' -> d9a45733-9624-42c2-afcc-888ce998dbbe
📥 DOWNLOADING ISSUE-LEVEL ATTACHMENTS FOR ISP-1931
   Total files: 1 (27.21 MB)

   [1/1] ⏭️  SKIP: ISP-1931, 1930, 1929-Tender Item issues.mp4 (already attached)

📊 Attachment Summary for ISP-1931:
   ✅ Uploaded: 0
   ⏭️  Skipped: 1
   ❌ Failed: 0

[LABEL] Processing 2 label(s) for ISP-1931
[LABEL-MATCH] Found existing label 'New_ERP' (stored as 'new_erp') -> a9f0bd31-9bc0-4a7b-90fc-2ed53a305e8d
[LABEL-SKIP] Label 'new_erp' already attached to ISP-1931
[LABEL-MATCH] Found existing label 'QA' (stored as 'qa') -> f66526ba-6a94-47b5-8239-f9fae5aa2248
[LABEL-SKIP] Label 'qa' already attached to ISP-1931
[LABEL] Completed processing labels for ISP-1931. Total attached: 2
[DESCRIPTION-VALIDATE] ISP-1931: new_len=79, existing_len=115
[DESCRIPTION-UPDATE] ISP-1931: Updated description (79 chars)
  Previous: <div class="trix-content">
  <p><strong>Actual Result-</strong></p>
<p><strong>Expected Result-</stro...
Processing issue 41/439: ISP-1930
[DEBUG-LABELS] Total labels found for ISP-1930: 2
[USER-MATCH] Matched 'archana.verma' by parsed first+last: archana verma -> 7b5370b5-abcd-4ad2-908b-1791ca40d9c9
[USER-MATCH] Matched 'Robert Mbugua Kanyoro' by email: robert.mbugua@craftsilicon.com -> fb1e0a05-f047-4e22-a52b-b9b1fe4b4358
[STATUS-MATCH] Matched status 'In Progress' by name: In Progress -> c805a0e9-73fc-4726-a1ab-d28b9a36469e
[BANKING-MATCH] Found existing banking type 'ERP' -> d9a45733-9624-42c2-afcc-888ce998dbbe
📥 DOWNLOADING ISSUE-LEVEL ATTACHMENTS FOR ISP-1930
   Total files: 1 (27.21 MB)

   [1/1] ⏭️  SKIP: ISP-1930, 1929-Tender Item issues.mp4 (already attached)

📊 Attachment Summary for ISP-1930:
   ✅ Uploaded: 0
   ⏭️  Skipped: 1
   ❌ Failed: 0

[LABEL] Processing 2 label(s) for ISP-1930
[LABEL-MATCH] Found existing label 'New_ERP' (stored as 'new_erp') -> a9f0bd31-9bc0-4a7b-90fc-2ed53a305e8d
[LABEL-SKIP] Label 'new_erp' already attached to ISP-1930
[LABEL-MATCH] Found existing label 'QA' (stored as 'qa') -> f66526ba-6a94-47b5-8239-f9fae5aa2248
[LABEL-SKIP] Label 'qa' already attached to ISP-1930
[LABEL] Completed processing labels for ISP-1930. Total attached: 2
[DESCRIPTION-VALIDATE] ISP-1930: new_len=553, existing_len=566
[DESCRIPTION-UPDATE] ISP-1930: Updated description (553 chars)
  Previous: <div class="trix-content">
  <p><strong>Actual Result-For the above Tender Item for which document wa...  Error on attempt 1/5: ActiveRecord::RecordNotUnique: PG::UniqueViolation: ERROR:  duplicate key value violates unique constraint "index_active_storage_attachments_uniqueness"
DETAIL:  Key (record_type, record_id, name, blob_id)=(Defect, c1028919-183a-4a32-a0f3-57461055cc9b, attachments, 4b676f77-cca8-4595-80e1-53c40aef459b) already exists.
  Backtrace: /home/robert/.rbenv/versions/3.3.5/lib/ruby/gems/3.3.0/gems/activerecord-7.2.2.2/lib/active_record/connection_adapters/postgresql_adapter.rb:894:in `exec_params'
           /home/robert/.rbenv/versions/3.3.5/lib/ruby/gems/3.3.0/gems/activerecord-7.2.2.2/lib/active_record/connection_adapters/postgresql_adapter.rb:894:in `block (2 levels) in exec_no_cache'
           /home/robert/.rbenv/versions/3.3.5/lib/ruby/gems/3.3.0/gems/activerecord-7.2.2.2/lib/active_record/connection_adapters/abstract_adapter.rb:1004:in `block in with_raw_connection'
  Error on attempt 2/5: ActiveRecord::RecordNotUnique: PG::UniqueViolation: ERROR:  duplicate key value violates unique constraint "index_active_storage_attachments_uniqueness"
DETAIL:  Key (record_type, record_id, name, blob_id)=(Defect, c1028919-183a-4a32-a0f3-57461055cc9b, attachments, 4b676f77-cca8-4595-80e1-53c40aef459b) already exists.
  Backtrace: /home/robert/.rbenv/versions/3.3.5/lib/ruby/gems/3.3.0/gems/activerecord-7.2.2.2/lib/active_record/connection_adapters/postgresql_adapter.rb:894:in `exec_params'
           /home/robert/.rbenv/versions/3.3.5/lib/ruby/gems/3.3.0/gems/activerecord-7.2.2.2/lib/active_record/connection_adapters/postgresql_adapter.rb:894:in `block (2 levels) in exec_no_cache'
           /home/robert/.rbenv/versions/3.3.5/lib/ruby/gems/3.3.0/gems/activerecord-7.2.2.2/lib/active_record/connection_adapters/abstract_adapter.rb:1004:in `block in with_raw_connection'
  Error on attempt 3/5: ActiveRecord::RecordNotUnique: PG::UniqueViolation: ERROR:  duplicate key value violates unique constraint "index_active_storage_attachments_uniqueness"
DETAIL:  Key (record_type, record_id, name, blob_id)=(Defect, c1028919-183a-4a32-a0f3-57461055cc9b, attachments, 4b676f77-cca8-4595-80e1-53c40aef459b) already exists.
  Backtrace: /home/robert/.rbenv/versions/3.3.5/lib/ruby/gems/3.3.0/gems/activerecord-7.2.2.2/lib/active_record/connection_adapters/postgresql_adapter.rb:894:in `exec_params'
           /home/robert/.rbenv/versions/3.3.5/lib/ruby/gems/3.3.0/gems/activerecord-7.2.2.2/lib/active_record/connection_adapters/postgresql_adapter.rb:894:in `block (2 levels) in exec_no_cache'
           /home/robert/.rbenv/versions/3.3.5/lib/ruby/gems/3.3.0/gems/activerecord-7.2.2.2/lib/active_record/connection_adapters/abstract_adapter.rb:1004:in `block in with_raw_connection'
  Error on attempt 4/5: ActiveRecord::RecordNotUnique: PG::UniqueViolation: ERROR:  duplicate key value violates unique constraint "index_active_storage_attachments_uniqueness"
DETAIL:  Key (record_type, record_id, name, blob_id)=(Defect, c1028919-183a-4a32-a0f3-57461055cc9b, attachments, 4b676f77-cca8-4595-80e1-53c40aef459b) already exists.
  Backtrace: /home/robert/.rbenv/versions/3.3.5/lib/ruby/gems/3.3.0/gems/activerecord-7.2.2.2/lib/active_record/connection_adapters/postgresql_adapter.rb:894:in `exec_params'
           /home/robert/.rbenv/versions/3.3.5/lib/ruby/gems/3.3.0/gems/activerecord-7.2.2.2/lib/active_record/connection_adapters/postgresql_adapter.rb:894:in `block (2 levels) in exec_no_cache'
           /home/robert/.rbenv/versions/3.3.5/lib/ruby/gems/3.3.0/gems/activerecord-7.2.2.2/lib/active_record/connection_adapters/abstract_adapter.rb:1004:in `block in with_raw_connection'
  Error on attempt 5/5: ActiveRecord::RecordNotUnique: PG::UniqueViolation: ERROR:  duplicate key value violates unique constraint "index_active_storage_attachments_uniqueness"
DETAIL:  Key (record_type, record_id, name, blob_id)=(Defect, c1028919-183a-4a32-a0f3-57461055cc9b, attachments, 4b676f77-cca8-4595-80e1-53c40aef459b) already exists.
  Backtrace: /home/robert/.rbenv/versions/3.3.5/lib/ruby/gems/3.3.0/gems/activerecord-7.2.2.2/lib/active_record/connection_adapters/postgresql_adapter.rb:894:in `exec_params'
           /home/robert/.rbenv/versions/3.3.5/lib/ruby/gems/3.3.0/gems/activerecord-7.2.2.2/lib/active_record/connection_adapters/postgresql_adapter.rb:894:in `block (2 levels) in exec_no_cache'
           /home/robert/.rbenv/versions/3.3.5/lib/ruby/gems/3.3.0/gems/activerecord-7.2.2.2/lib/active_record/connection_adapters/abstract_adapter.rb:1004:in `block in with_raw_connection'
  ❌ FAILED after 5 attempts

  Updated: <p><strong>Actual Result-For the above Tender Item for which document was not uploaded </strong>when ...
Processing issue 42/439: ISP-1929
[DEBUG-LABELS] Total labels found for ISP-1929: 2
[USER-MATCH] Matched 'archana.verma' by parsed first+last: archana verma -> 7b5370b5-abcd-4ad2-908b-1791ca40d9c9
[USER-MATCH] Matched 'Robert Mbugua Kanyoro' by email: robert.mbugua@craftsilicon.com -> fb1e0a05-f047-4e22-a52b-b9b1fe4b4358
[STATUS-MATCH] Matched status 'Awaiting Build' by name: Awaiting Build -> bf46baa0-8c97-4afe-a65a-a300e43d70e6
[BANKING-MATCH] Found existing banking type 'ERP' -> d9a45733-9624-42c2-afcc-888ce998dbbe
📥 DOWNLOADING ISSUE-LEVEL ATTACHMENTS FOR ISP-1929
   Total files: 1 (27.21 MB)

   [1/1] 📥 Downloading: ISP-1929-Tender Item issues.mp4 (27.21 MB)
  Attempt 1/5: Downloading from https://craftsilicon.atlassian.net/rest/api/3/attachment/content/129647...
  Following redirect 1/6 to: https://api.media.atlassian.com/file/eab155d5-de61-4238-8528-898cc2252b48/binary?token=eyJhbGciOiJIUzI1NiJ9.eyJpc3MiOiJiN...
  Attempt 1/5: Downloading from https://api.media.atlassian.com/file/eab155d5-de61-4238-8528-898cc2252b48/binary?token=eyJhbGciOiJIUzI1NiJ9.eyJpc3MiOiJiN...
  📊 Downloaded 10.0/27.21 MB...
  📊 Downloaded 20.0/27.21 MB...
  ✅ Downloaded 28531132 bytes successfully
  ⏳ Retrying in 2s...
  Attempt 2/5: Downloading from https://craftsilicon.atlassian.net/rest/api/3/attachment/content/129647...
  Following redirect 1/6 to: https://api.media.atlassian.com/file/eab155d5-de61-4238-8528-898cc2252b48/binary?token=eyJhbGciOiJIUzI1NiJ9.eyJpc3MiOiJiN...
  Attempt 2/5: Downloading from https://api.media.atlassian.com/file/eab155d5-de61-4238-8528-898cc2252b48/binary?token=eyJhbGciOiJIUzI1NiJ9.eyJpc3MiOiJiN...
  📊 Downloaded 10.0/27.21 MB...
  📊 Downloaded 20.0/27.21 MB...
  ✅ Downloaded 28531132 bytes successfully
  ⏳ Retrying in 4s...
  Attempt 3/5: Downloading from https://craftsilicon.atlassian.net/rest/api/3/attachment/content/129647...
  Following redirect 1/6 to: https://api.media.atlassian.com/file/eab155d5-de61-4238-8528-898cc2252b48/binary?token=eyJhbGciOiJIUzI1NiJ9.eyJpc3MiOiJiN...
  Attempt 3/5: Downloading from https://api.media.atlassian.com/file/eab155d5-de61-4238-8528-898cc2252b48/binary?token=eyJhbGciOiJIUzI1NiJ9.eyJpc3MiOiJiN...
  📊 Downloaded 10.0/27.21 MB...
  📊 Downloaded 20.0/27.21 MB...
  ✅ Downloaded 28531132 bytes successfully
  ⏳ Retrying in 8s...
  Attempt 4/5: Downloading from https://craftsilicon.atlassian.net/rest/api/3/attachment/content/129647...
  Following redirect 1/6 to: https://api.media.atlassian.com/file/eab155d5-de61-4238-8528-898cc2252b48/binary?token=eyJhbGciOiJIUzI1NiJ9.eyJpc3MiOiJiN...
  Attempt 4/5: Downloading from https://api.media.atlassian.com/file/eab155d5-de61-4238-8528-898cc2252b48/binary?token=eyJhbGciOiJIUzI1NiJ9.eyJpc3MiOiJiN...
  📊 Downloaded 10.0/27.21 MB...
  📊 Downloaded 20.0/27.21 MB...
  ✅ Downloaded 28531132 bytes successfully
  ⏳ Retrying in 15s...
  Attempt 5/5: Downloading from https://craftsilicon.atlassian.net/rest/api/3/attachment/content/129647...
  Following redirect 1/6 to: https://api.media.atlassian.com/file/eab155d5-de61-4238-8528-898cc2252b48/binary?token=eyJhbGciOiJIUzI1NiJ9.eyJpc3MiOiJiN...
  Attempt 5/5: Downloading from https://api.media.atlassian.com/file/eab155d5-de61-4238-8528-898cc2252b48/binary?token=eyJhbGciOiJIUzI1NiJ9.eyJpc3MiOiJiN...
  📊 Downloaded 10.0/27.21 MB...
  📊 Downloaded 20.0/27.21 MB...
  ✅ Downloaded 28531132 bytes successfully

📊 Attachment Summary for ISP-1929:
   ✅ Uploaded: 0
   ⏭️  Skipped: 0
   ❌ Failed: 1

[LABEL] Processing 2 label(s) for ISP-1929
[LABEL-MATCH] Found existing label 'New_ERP' (stored as 'new_erp') -> a9f0bd31-9bc0-4a7b-90fc-2ed53a305e8d
[LABEL-SKIP] Label 'new_erp' already attached to ISP-1929
[LABEL-MATCH] Found existing label 'QA' (stored as 'qa') -> f66526ba-6a94-47b5-8239-f9fae5aa2248
[LABEL-SKIP] Label 'qa' already attached to ISP-1929
[LABEL] Completed processing labels for ISP-1929. Total attached: 2
[COMMENTS] Importing 1 comment(s) for ISP-1929...
[USER-MATCH] Matched 'Robert Mbugua Kanyoro' by email: robert.mbugua@craftsilicon.com -> fb1e0a05-f047-4e22-a52b-b9b1fe4b4358
[IMPORT] Added rich text comment by Robert Mbugua Kanyoro to ISP-1929 (id=baf9c096-8621-4a1d-9995-edeb6c57e5a5, length=55)
[DESCRIPTION-VALIDATE] ISP-1929: new_len=358, existing_len=371
[DESCRIPTION-UPDATE] ISP-1929: Updated description (358 chars)
  Previous: <div class="trix-content">
  <p><strong>Actual Result-</strong><span>Same PR Ref No. i.e. PR/2025/211...
  Updated: <p><strong>Actual Result-</strong><span style="color: #ff5630">Same PR Ref No. i.e. PR/2025/211 is ge...
Processing issue 43/439: ISP-1928
[DEBUG-LABELS] Total labels found for ISP-1928: 2
[USER-MATCH] Matched 'archana.verma' by parsed first+last: archana verma -> 7b5370b5-abcd-4ad2-908b-1791ca40d9c9
[USER-MATCH] Matched 'Robert Mbugua Kanyoro' by email: robert.mbugua@craftsilicon.com -> fb1e0a05-f047-4e22-a52b-b9b1fe4b4358
[STATUS-MATCH] Matched status 'In Progress' by name: In Progress -> c805a0e9-73fc-4726-a1ab-d28b9a36469e
[BANKING-MATCH] Found existing banking type 'ERP' -> d9a45733-9624-42c2-afcc-888ce998dbbe
📥 DOWNLOADING ISSUE-LEVEL ATTACHMENTS FOR ISP-1928
   Total files: 1 (13.28 MB)

   [1/1] ⏭️  SKIP: ISP-1927,1926-Doc and PR Ref details.mp4 (already attached)

📊 Attachment Summary for ISP-1928:
   ✅ Uploaded: 0
   ⏭️  Skipped: 1
   ❌ Failed: 0

[LABEL] Processing 2 label(s) for ISP-1928
[LABEL-MATCH] Found existing label 'New_ERP' (stored as 'new_erp') -> a9f0bd31-9bc0-4a7b-90fc-2ed53a305e8d
[LABEL-SKIP] Label 'new_erp' already attached to ISP-1928
[LABEL-MATCH] Found existing label 'QA' (stored as 'qa') -> f66526ba-6a94-47b5-8239-f9fae5aa2248
[LABEL-SKIP] Label 'qa' already attached to ISP-1928
[LABEL] Completed processing labels for ISP-1928. Total attached: 2
[DESCRIPTION-VALIDATE] ISP-1928: new_len=614, existing_len=627
[DESCRIPTION-UPDATE] ISP-1928: Updated description (614 chars)
  Previous: <div class="trix-content">
  <p><strong>Actual Result-</strong><span>When editing the Item, PR Number...
  Updated: <p><strong>Actual Result-</strong><span style="color: #ff5630">When editing the Item, PR Number is be...
Processing issue 44/439: ISP-1927
[DEBUG-LABELS] Total labels found for ISP-1927: 2
[USER-FALLBACK] Using default user for 'Kiriba Delphine' -> b3613172-fc54-4742-b2ba-c10b97d15bf4
[USER-MATCH] Matched 'Robert Mbugua Kanyoro' by email: robert.mbugua@craftsilicon.com -> fb1e0a05-f047-4e22-a52b-b9b1fe4b4358
[STATUS-MATCH] Matched status 'In Progress' by name: In Progress -> c805a0e9-73fc-4726-a1ab-d28b9a36469e
[BANKING-MATCH] Found existing banking type 'ERP' -> d9a45733-9624-42c2-afcc-888ce998dbbe
📥 DOWNLOADING ISSUE-LEVEL ATTACHMENTS FOR ISP-1927
   Total files: 2 (1.4 MB)

   [1/2] ⏭️  SKIP: issuedByissuedTo.mp4 (already attached)
   [2/2] ⏭️  SKIP: usernames.mp4 (already attached)

📊 Attachment Summary for ISP-1927:
   ✅ Uploaded: 0
   ⏭️  Skipped: 2
   ❌ Failed: 0

[LABEL] Processing 2 label(s) for ISP-1927
[LABEL-MATCH] Found existing label 'New_ERP' (stored as 'new_erp') -> a9f0bd31-9bc0-4a7b-90fc-2ed53a305e8d
[LABEL-SKIP] Label 'new_erp' already attached to ISP-1927
[LABEL-MATCH] Found existing label 'QA' (stored as 'qa') -> f66526ba-6a94-47b5-8239-f9fae5aa2248
[LABEL-SKIP] Label 'qa' already attached to ISP-1927
[LABEL] Completed processing labels for ISP-1927. Total attached: 2
[DESCRIPTION-VALIDATE] ISP-1927: new_len=116, existing_len=152
[DESCRIPTION-UPDATE] ISP-1927: Updated description (116 chars)
  Previous: <div class="trix-content">
  <p><strong>Repro Steps:</strong></p>
<p><strong>Actual Result:</strong><...
  Updated: <p><strong>Repro Steps:</strong></p>
<p><strong>Actual Result:</strong></p>
<p><strong>Expected Resul...
Processing issue 45/439: ISP-1926
[DEBUG-LABELS] Total labels found for ISP-1926: 2
[USER-MATCH] Matched 'archana.verma' by parsed first+last: archana verma -> 7b5370b5-abcd-4ad2-908b-1791ca40d9c9
[USER-MATCH] Matched 'Robert Mbugua Kanyoro' by email: robert.mbugua@craftsilicon.com -> fb1e0a05-f047-4e22-a52b-b9b1fe4b4358
[STATUS-MATCH] Matched status 'In Progress' by name: In Progress -> c805a0e9-73fc-4726-a1ab-d28b9a36469e
[BANKING-MATCH] Found existing banking type 'ERP' -> d9a45733-9624-42c2-afcc-888ce998dbbe
📥 DOWNLOADING ISSUE-LEVEL ATTACHMENTS FOR ISP-1926
   Total files: 1 (13.28 MB)

   [1/1] ⏭️  SKIP: ISP-1926-Doc and PR Ref details.mp4 (already attached)

📊 Attachment Summary for ISP-1926:
   ✅ Uploaded: 0
   ⏭️  Skipped: 1
   ❌ Failed: 0

[LABEL] Processing 2 label(s) for ISP-1926
[LABEL-MATCH] Found existing label 'New_ERP' (stored as 'new_erp') -> a9f0bd31-9bc0-4a7b-90fc-2ed53a305e8d
[LABEL-SKIP] Label 'new_erp' already attached to ISP-1926
[LABEL-MATCH] Found existing label 'QA' (stored as 'qa') -> f66526ba-6a94-47b5-8239-f9fae5aa2248
[LABEL-SKIP] Label 'qa' already attached to ISP-1926
[LABEL] Completed processing labels for ISP-1926. Total attached: 2
[DESCRIPTION-VALIDATE] ISP-1926: new_len=79, existing_len=115
[DESCRIPTION-UPDATE] ISP-1926: Updated description (79 chars)
  Previous: <div class="trix-content">
  <p><strong>Actual Result-</strong></p>
<p><strong>Expected Result-</stro...
Processing issue 46/439: ISP-1925
[DEBUG-LABELS] Total labels found for ISP-1925: 2
[USER-FALLBACK] Using default user for 'Kiriba Delphine' -> b3613172-fc54-4742-b2ba-c10b97d15bf4
[USER-MATCH] Matched 'Robert Mbugua Kanyoro' by email: robert.mbugua@craftsilicon.com -> fb1e0a05-f047-4e22-a52b-b9b1fe4b4358
[STATUS-MATCH] Matched status 'In Progress' by name: In Progress -> c805a0e9-73fc-4726-a1ab-d28b9a36469e
[BANKING-MATCH] Found existing banking type 'ERP' -> d9a45733-9624-42c2-afcc-888ce998dbbe
📥 DOWNLOADING ISSUE-LEVEL ATTACHMENTS FOR ISP-1925
   Total files: 1 (0.78 MB)

   [1/1] ⏭️  SKIP: conversionMppn.mp4 (already attached)

📊 Attachment Summary for ISP-1925:
   ✅ Uploaded: 0
   ⏭️  Skipped: 1
   ❌ Failed: 0

[LABEL] Processing 2 label(s) for ISP-1925
[LABEL-MATCH] Found existing label 'New_ERP' (stored as 'new_erp') -> a9f0bd31-9bc0-4a7b-90fc-2ed53a305e8d
[LABEL-SKIP] Label 'new_erp' already attached to ISP-1925
[LABEL-MATCH] Found existing label 'QA' (stored as 'qa') -> f66526ba-6a94-47b5-8239-f9fae5aa2248
[LABEL-SKIP] Label 'qa' already attached to ISP-1925
[LABEL] Completed processing labels for ISP-1925. Total attached: 2
[DESCRIPTION-VALIDATE] ISP-1925: new_len=454, existing_len=505
[DESCRIPTION-UPDATE] ISP-1925: Updated description (454 chars)
  Previous: <div class="trix-content">
  <p><strong>Repro Steps</strong></p>
<p><strong>Actual Result</strong></p...
  Updated: <p><strong>Repro Steps</strong></p>
<p><strong>Actual Result</strong></p>
<p>Screen just refreshes. S...
Processing issue 47/439: ISP-1924
[DEBUG-LABELS] Total labels found for ISP-1924: 2
[USER-FALLBACK] Using default user for 'Kiriba Delphine' -> b3613172-fc54-4742-b2ba-c10b97d15bf4
[USER-MATCH] Matched 'Robert Mbugua Kanyoro' by email: robert.mbugua@craftsilicon.com -> fb1e0a05-f047-4e22-a52b-b9b1fe4b4358
[STATUS-MATCH] Matched status 'In Progress' by name: In Progress -> c805a0e9-73fc-4726-a1ab-d28b9a36469e
[BANKING-MATCH] Found existing banking type 'ERP' -> d9a45733-9624-42c2-afcc-888ce998dbbe
📥 DOWNLOADING ISSUE-LEVEL ATTACHMENTS FOR ISP-1924
   Total files: 1 (0.53 MB)

   [1/1] ⏭️  SKIP: stockTake.mp4 (already attached)

📊 Attachment Summary for ISP-1924:
   ✅ Uploaded: 0
   ⏭️  Skipped: 1
   ❌ Failed: 0

[LABEL] Processing 2 label(s) for ISP-1924
[LABEL-MATCH] Found existing label 'New_ERP' (stored as 'new_erp') -> a9f0bd31-9bc0-4a7b-90fc-2ed53a305e8d
[LABEL-SKIP] Label 'new_erp' already attached to ISP-1924
[LABEL-MATCH] Found existing label 'QA' (stored as 'qa') -> f66526ba-6a94-47b5-8239-f9fae5aa2248
[LABEL-SKIP] Label 'qa' already attached to ISP-1924
[LABEL] Completed processing labels for ISP-1924. Total attached: 2
[DESCRIPTION-VALIDATE] ISP-1924: new_len=474, existing_len=510
[DESCRIPTION-UPDATE] ISP-1924: Updated description (474 chars)
  Previous: <div class="trix-content">
  <p><strong>Repro Steps:</strong></p>
<p><strong>Actual Result</strong></...
  Updated: <p><strong>Repro Steps:</strong></p>
<p><strong>Actual Result</strong></p>
<p>The system displays a g...
Processing issue 48/439: ISP-1923
[DEBUG-LABELS] Total labels found for ISP-1923: 2
[USER-MATCH] Matched 'archana.verma' by parsed first+last: archana verma -> 7b5370b5-abcd-4ad2-908b-1791ca40d9c9
[USER-MATCH] Matched 'Robert Mbugua Kanyoro' by email: robert.mbugua@craftsilicon.com -> fb1e0a05-f047-4e22-a52b-b9b1fe4b4358
[STATUS-MATCH] Matched status 'In Progress' by name: In Progress -> c805a0e9-73fc-4726-a1ab-d28b9a36469e
[BANKING-MATCH] Found existing banking type 'ERP' -> d9a45733-9624-42c2-afcc-888ce998dbbe
📥 DOWNLOADING ISSUE-LEVEL ATTACHMENTS FOR ISP-1923
   Total files: 1 (8.01 MB)

   [1/1] ⏭️  SKIP: ISP-1923-Error messages.mp4 (already attached)

📊 Attachment Summary for ISP-1923:
   ✅ Uploaded: 0
   ⏭️  Skipped: 1
   ❌ Failed: 0

[LABEL] Processing 2 label(s) for ISP-1923
[LABEL-MATCH] Found existing label 'New_ERP' (stored as 'new_erp') -> a9f0bd31-9bc0-4a7b-90fc-2ed53a305e8d
[LABEL-SKIP] Label 'new_erp' already attached to ISP-1923
[LABEL-MATCH] Found existing label 'QA' (stored as 'qa') -> f66526ba-6a94-47b5-8239-f9fae5aa2248
[LABEL-SKIP] Label 'qa' already attached to ISP-1923
[LABEL] Completed processing labels for ISP-1923. Total attached: 2
[DESCRIPTION-VALIDATE] ISP-1923: new_len=40, existing_len=76
[DESCRIPTION-UPDATE] ISP-1923: Updated description (40 chars)
Processing issue 49/439: ISP-1922
[DEBUG-LABELS] Total labels found for ISP-1922: 2
[USER-MATCH] Matched 'archana.verma' by parsed first+last: archana verma -> 7b5370b5-abcd-4ad2-908b-1791ca40d9c9
[USER-MATCH] Matched 'Robert Mbugua Kanyoro' by email: robert.mbugua@craftsilicon.com -> fb1e0a05-f047-4e22-a52b-b9b1fe4b4358
[STATUS-MATCH] Matched status 'In Progress' by name: In Progress -> c805a0e9-73fc-4726-a1ab-d28b9a36469e
[BANKING-MATCH] Found existing banking type 'ERP' -> d9a45733-9624-42c2-afcc-888ce998dbbe
📥 DOWNLOADING ISSUE-LEVEL ATTACHMENTS FOR ISP-1922
   Total files: 1 (28.53 MB)

   [1/1] ⏭️  SKIP: ISP-1922-Add Grid issues.mp4 (already attached)

📊 Attachment Summary for ISP-1922:
   ✅ Uploaded: 0
   ⏭️  Skipped: 1
   ❌ Failed: 0

[LABEL] Processing 2 label(s) for ISP-1922
[LABEL-MATCH] Found existing label 'New_ERP' (stored as 'new_erp') -> a9f0bd31-9bc0-4a7b-90fc-2ed53a305e8d
[LABEL-SKIP] Label 'new_erp' already attached to ISP-1922
[LABEL-MATCH] Found existing label 'QA' (stored as 'qa') -> f66526ba-6a94-47b5-8239-f9fae5aa2248
[LABEL-SKIP] Label 'qa' already attached to ISP-1922
[LABEL] Completed processing labels for ISP-1922. Total attached: 2
[DESCRIPTION-VALIDATE] ISP-1922: new_len=655, existing_len=622
[DESCRIPTION-UPDATE] ISP-1922: Updated description (655 chars)
  Previous: <div class="trix-content">
  <p><strong>Actual Result-</strong><span><strong>Application displays an ...
  Updated: <p><strong>Actual Result-</strong><span style="color: #ff5630"><strong>Application displays an error ...
Processing issue 50/439: ISP-1921
[DEBUG-LABELS] Total labels found for ISP-1921: 2
[USER-FALLBACK] Using default user for 'Stephen Mungai' -> b3613172-fc54-4742-b2ba-c10b97d15bf4
[USER-MATCH] Matched 'Robert Mbugua Kanyoro' by email: robert.mbugua@craftsilicon.com -> fb1e0a05-f047-4e22-a52b-b9b1fe4b4358
[STATUS-MATCH] Matched status 'In Progress' by name: In Progress -> c805a0e9-73fc-4726-a1ab-d28b9a36469e
[BANKING-MATCH] Found existing banking type 'ERP' -> d9a45733-9624-42c2-afcc-888ce998dbbe
📥 DOWNLOADING ISSUE-LEVEL ATTACHMENTS FOR ISP-1921
   Total files: 1 (7.85 MB)

   [1/1] ⏭️  SKIP: Bulk Upload Error.mp4 (already attached)

📊 Attachment Summary for ISP-1921:
   ✅ Uploaded: 0
   ⏭️  Skipped: 1
   ❌ Failed: 0

[LABEL] Processing 2 label(s) for ISP-1921
[LABEL-MATCH] Found existing label 'New_ERP' (stored as 'new_erp') -> a9f0bd31-9bc0-4a7b-90fc-2ed53a305e8d
[LABEL-SKIP] Label 'new_erp' already attached to ISP-1921
[LABEL-MATCH] Found existing label 'QA' (stored as 'qa') -> f66526ba-6a94-47b5-8239-f9fae5aa2248
[LABEL-SKIP] Label 'qa' already attached to ISP-1921
[LABEL] Completed processing labels for ISP-1921. Total attached: 2
[DESCRIPTION-VALIDATE] ISP-1921: new_len=590, existing_len=636
[DESCRIPTION-UPDATE] ISP-1921: Updated description (590 chars)
  Previous: <div class="trix-content">
  <p><strong>Scenario 1</strong></p>
<p><strong>Actual Result-</strong></p...
  Updated: <p><strong>Scenario 1</strong></p>
<p><strong>Actual Result-</strong></p>
<p><strong>Expected Results...
Processing issue 51/439: ISP-1920
[DEBUG-LABELS] Total labels found for ISP-1920: 2
[USER-MATCH] Matched 'archana.verma' by parsed first+last: archana verma -> 7b5370b5-abcd-4ad2-908b-1791ca40d9c9
[USER-MATCH] Matched 'Robert Mbugua Kanyoro' by email: robert.mbugua@craftsilicon.com -> fb1e0a05-f047-4e22-a52b-b9b1fe4b4358
[STATUS-MATCH] Matched status 'Awaiting Build' by name: Awaiting Build -> bf46baa0-8c97-4afe-a65a-a300e43d70e6
[BANKING-MATCH] Found existing banking type 'ERP' -> d9a45733-9624-42c2-afcc-888ce998dbbe
📥 DOWNLOADING ISSUE-LEVEL ATTACHMENTS FOR ISP-1920
   Total files: 2 (5.0 MB)

   [1/2] ⏭️  SKIP: image-20251201-092210.png (already attached)
   [2/2] ⏭️  SKIP: ISP-1920-Tender Type instruction.mp4 (already attached)

📊 Attachment Summary for ISP-1920:
   ✅ Uploaded: 0
   ⏭️  Skipped: 2
   ❌ Failed: 0

[LABEL] Processing 2 label(s) for ISP-1920
[LABEL-MATCH] Found existing label 'New_ERP' (stored as 'new_erp') -> a9f0bd31-9bc0-4a7b-90fc-2ed53a305e8d
[LABEL-SKIP] Label 'new_erp' already attached to ISP-1920
[LABEL-MATCH] Found existing label 'QA' (stored as 'qa') -> f66526ba-6a94-47b5-8239-f9fae5aa2248
[LABEL-SKIP] Label 'qa' already attached to ISP-1920
[LABEL] Completed processing labels for ISP-1920. Total attached: 2
[COMMENTS] Importing 1 comment(s) for ISP-1920...
[USER-MATCH] Matched 'Robert Mbugua Kanyoro' by email: robert.mbugua@craftsilicon.com -> fb1e0a05-f047-4e22-a52b-b9b1fe4b4358
[IMPORT] Added rich text comment by Robert Mbugua Kanyoro to ISP-1920 (id=a4c044fa-77db-4f81-b12d-53667a610a56, length=26)
[DESCRIPTION-VALIDATE] ISP-1920: new_len=40, existing_len=76
[DESCRIPTION-UPDATE] ISP-1920: Updated description (40 chars)
Processing issue 52/439: ISP-1919
[DEBUG-LABELS] Total labels found for ISP-1919: 2
[USER-FALLBACK] Using default user for 'Stephen Mungai' -> b3613172-fc54-4742-b2ba-c10b97d15bf4
[USER-MATCH] Matched 'Robert Mbugua Kanyoro' by email: robert.mbugua@craftsilicon.com -> fb1e0a05-f047-4e22-a52b-b9b1fe4b4358
[STATUS-MATCH] Matched status 'In Progress' by name: In Progress -> c805a0e9-73fc-4726-a1ab-d28b9a36469e
[BANKING-MATCH] Found existing banking type 'ERP' -> d9a45733-9624-42c2-afcc-888ce998dbbe
📥 DOWNLOADING ISSUE-LEVEL ATTACHMENTS FOR ISP-1919
   Total files: 1 (1.83 MB)

   [1/1] ⏭️  SKIP: Price management Deleting Item Price.mp4 (already attached)

📊 Attachment Summary for ISP-1919:
   ✅ Uploaded: 0
   ⏭️  Skipped: 1
   ❌ Failed: 0

[LABEL] Processing 2 label(s) for ISP-1919
[LABEL-MATCH] Found existing label 'New_ERP' (stored as 'new_erp') -> a9f0bd31-9bc0-4a7b-90fc-2ed53a305e8d
[LABEL-SKIP] Label 'new_erp' already attached to ISP-1919
[LABEL-MATCH] Found existing label 'QA' (stored as 'qa') -> f66526ba-6a94-47b5-8239-f9fae5aa2248
[LABEL-SKIP] Label 'qa' already attached to ISP-1919
[LABEL] Completed processing labels for ISP-1919. Total attached: 2
[DESCRIPTION-VALIDATE] ISP-1919: new_len=115, existing_len=151
[DESCRIPTION-UPDATE] ISP-1919: Updated description (115 chars)
  Previous: <div class="trix-content">
  <p><strong>Repro Steps</strong></p>
<p><strong>Actual Results</strong></...
  Updated: <p><strong>Repro Steps</strong></p>
<p><strong>Actual Results</strong></p>
<p><strong>Expected Result...
Processing issue 53/439: ISP-1918
[DEBUG-LABELS] Total labels found for ISP-1918: 2
[USER-MATCH] Matched 'archana.verma' by parsed first+last: archana verma -> 7b5370b5-abcd-4ad2-908b-1791ca40d9c9
[USER-MATCH] Matched 'Robert Mbugua Kanyoro' by email: robert.mbugua@craftsilicon.com -> fb1e0a05-f047-4e22-a52b-b9b1fe4b4358
[STATUS-MATCH] Matched status 'In Progress' by name: In Progress -> c805a0e9-73fc-4726-a1ab-d28b9a36469e
[BANKING-MATCH] Found existing banking type 'ERP' -> d9a45733-9624-42c2-afcc-888ce998dbbe
📥 DOWNLOADING ISSUE-LEVEL ATTACHMENTS FOR ISP-1918
   Total files: 1 (18.77 MB)

   [1/1] ⏭️  SKIP: ISP-1918-Map Item Types.mp4 (already attached)

📊 Attachment Summary for ISP-1918:
   ✅ Uploaded: 0
   ⏭️  Skipped: 1
   ❌ Failed: 0

[LABEL] Processing 2 label(s) for ISP-1918
[LABEL-MATCH] Found existing label 'New_ERP' (stored as 'new_erp') -> a9f0bd31-9bc0-4a7b-90fc-2ed53a305e8d
[LABEL-SKIP] Label 'new_erp' already attached to ISP-1918
[LABEL-MATCH] Found existing label 'QA' (stored as 'qa') -> f66526ba-6a94-47b5-8239-f9fae5aa2248
[LABEL-SKIP] Label 'qa' already attached to ISP-1918
[LABEL] Completed processing labels for ISP-1918. Total attached: 2
[DESCRIPTION-VALIDATE] ISP-1918: new_len=79, existing_len=115
[DESCRIPTION-UPDATE] ISP-1918: Updated description (79 chars)
  Previous: <div class="trix-content">
  <p><strong>Actual Result-</strong></p>
<p><strong>Expected Result-</stro...
Processing issue 54/439: ISP-1917
[DEBUG-LABELS] Total labels found for ISP-1917: 2
[USER-MATCH] Matched 'gideon' by single name: gideon gideon -> a2f6fdcb-6a66-4ace-992b-0f3cd5e9cc53
[USER-MATCH] Matched 'Robert Mbugua Kanyoro' by email: robert.mbugua@craftsilicon.com -> fb1e0a05-f047-4e22-a52b-b9b1fe4b4358
[STATUS-MATCH] Matched status 'In Progress' by name: In Progress -> c805a0e9-73fc-4726-a1ab-d28b9a36469e
[BANKING-MATCH] Found existing banking type 'ERP' -> d9a45733-9624-42c2-afcc-888ce998dbbe
📥 DOWNLOADING ISSUE-LEVEL ATTACHMENTS FOR ISP-1917
   Total files: 1 (3.24 MB)

   [1/1] ⏭️  SKIP: stock-transfer-user-can-approve-its-own-stock-transfer-no-maker-checker_nVjDGQRF.mp4 (already attached)

📊 Attachment Summary for ISP-1917:
   ✅ Uploaded: 0
   ⏭️  Skipped: 1
   ❌ Failed: 0

[LABEL] Processing 2 label(s) for ISP-1917
[LABEL-MATCH] Found existing label 'New_ERP' (stored as 'new_erp') -> a9f0bd31-9bc0-4a7b-90fc-2ed53a305e8d
[LABEL-SKIP] Label 'new_erp' already attached to ISP-1917
[LABEL-MATCH] Found existing label 'QA' (stored as 'qa') -> f66526ba-6a94-47b5-8239-f9fae5aa2248
[LABEL-SKIP] Label 'qa' already attached to ISP-1917
[LABEL] Completed processing labels for ISP-1917. Total attached: 2
[DESCRIPTION-VALIDATE] ISP-1917: new_len=197, existing_len=263
[DESCRIPTION-UPDATE] ISP-1917: Updated description (197 chars)
  Previous: <div class="trix-content">
  <p><strong>Repro Steps-</strong></p>
<p><strong>Actual Results:</strong>...
  Updated: <p><strong>Repro Steps-</strong></p>
<p><strong>Actual Results:</strong></p>
<p>       message <stron...
Processing issue 55/439: ISP-1916
[DEBUG-LABELS] Total labels found for ISP-1916: 2
[USER-MATCH] Matched 'gideon' by single name: gideon gideon -> a2f6fdcb-6a66-4ace-992b-0f3cd5e9cc53
[USER-MATCH] Matched 'Robert Mbugua Kanyoro' by email: robert.mbugua@craftsilicon.com -> fb1e0a05-f047-4e22-a52b-b9b1fe4b4358
[STATUS-MATCH] Matched status 'In Progress' by name: In Progress -> c805a0e9-73fc-4726-a1ab-d28b9a36469e
[BANKING-MATCH] Found existing banking type 'ERP' -> d9a45733-9624-42c2-afcc-888ce998dbbe
📥 DOWNLOADING ISSUE-LEVEL ATTACHMENTS FOR ISP-1916
   Total files: 1 (5.2 MB)

   [1/1] ⏭️  SKIP: stock-adjustment-displays-branches-header-as-store_UH8KGpA4.mp4 (already attached)

📊 Attachment Summary for ISP-1916:
   ✅ Uploaded: 0
   ⏭️  Skipped: 1
   ❌ Failed: 0

[LABEL] Processing 2 label(s) for ISP-1916
[LABEL-MATCH] Found existing label 'New_ERP' (stored as 'new_erp') -> a9f0bd31-9bc0-4a7b-90fc-2ed53a305e8d
[LABEL-SKIP] Label 'new_erp' already attached to ISP-1916
[LABEL-MATCH] Found existing label 'QA' (stored as 'qa') -> f66526ba-6a94-47b5-8239-f9fae5aa2248
[LABEL-SKIP] Label 'qa' already attached to ISP-1916
[LABEL] Completed processing labels for ISP-1916. Total attached: 2
[DESCRIPTION-VALIDATE] ISP-1916: new_len=378, existing_len=414
[DESCRIPTION-UPDATE] ISP-1916: Updated description (378 chars)
  Previous: <div class="trix-content">
  <p><strong>Repro Steps -</strong></p>
<p><strong>Actual Results –</stron...
  Updated: <p><strong>Repro Steps -</strong></p>
<p><strong>Actual Results –</strong></p>
<p>In the stock Adjust...  Error on attempt 1/3: ActiveRecord::RecordNotUnique: PG::UniqueViolation: ERROR:  duplicate key value violates unique constraint "index_active_storage_attachments_uniqueness"
DETAIL:  Key (record_type, record_id, name, blob_id)=(Defect, 907d284a-361a-4f35-9abb-36b44cf8a28e, attachments, 700f9627-6d0a-4c43-bb9c-30896f8704f0) already exists.
  Backtrace: /home/robert/.rbenv/versions/3.3.5/lib/ruby/gems/3.3.0/gems/activerecord-7.2.2.2/lib/active_record/connection_adapters/postgresql_adapter.rb:894:in `exec_params'
           /home/robert/.rbenv/versions/3.3.5/lib/ruby/gems/3.3.0/gems/activerecord-7.2.2.2/lib/active_record/connection_adapters/postgresql_adapter.rb:894:in `block (2 levels) in exec_no_cache'
           /home/robert/.rbenv/versions/3.3.5/lib/ruby/gems/3.3.0/gems/activerecord-7.2.2.2/lib/active_record/connection_adapters/abstract_adapter.rb:1004:in `block in with_raw_connection'
  Error on attempt 2/3: ActiveRecord::RecordNotUnique: PG::UniqueViolation: ERROR:  duplicate key value violates unique constraint "index_active_storage_attachments_uniqueness"
DETAIL:  Key (record_type, record_id, name, blob_id)=(Defect, 907d284a-361a-4f35-9abb-36b44cf8a28e, attachments, 700f9627-6d0a-4c43-bb9c-30896f8704f0) already exists.
  Backtrace: /home/robert/.rbenv/versions/3.3.5/lib/ruby/gems/3.3.0/gems/activerecord-7.2.2.2/lib/active_record/connection_adapters/postgresql_adapter.rb:894:in `exec_params'
           /home/robert/.rbenv/versions/3.3.5/lib/ruby/gems/3.3.0/gems/activerecord-7.2.2.2/lib/active_record/connection_adapters/postgresql_adapter.rb:894:in `block (2 levels) in exec_no_cache'
           /home/robert/.rbenv/versions/3.3.5/lib/ruby/gems/3.3.0/gems/activerecord-7.2.2.2/lib/active_record/connection_adapters/abstract_adapter.rb:1004:in `block in with_raw_connection'
  Error on attempt 3/3: ActiveRecord::RecordNotUnique: PG::UniqueViolation: ERROR:  duplicate key value violates unique constraint "index_active_storage_attachments_uniqueness"
DETAIL:  Key (record_type, record_id, name, blob_id)=(Defect, 907d284a-361a-4f35-9abb-36b44cf8a28e, attachments, 700f9627-6d0a-4c43-bb9c-30896f8704f0) already exists.
  Backtrace: /home/robert/.rbenv/versions/3.3.5/lib/ruby/gems/3.3.0/gems/activerecord-7.2.2.2/lib/active_record/connection_adapters/postgresql_adapter.rb:894:in `exec_params'
           /home/robert/.rbenv/versions/3.3.5/lib/ruby/gems/3.3.0/gems/activerecord-7.2.2.2/lib/active_record/connection_adapters/postgresql_adapter.rb:894:in `block (2 levels) in exec_no_cache'
           /home/robert/.rbenv/versions/3.3.5/lib/ruby/gems/3.3.0/gems/activerecord-7.2.2.2/lib/active_record/connection_adapters/abstract_adapter.rb:1004:in `block in with_raw_connection'
  ❌ FAILED after 3 attempts
  Error on attempt 1/5: ActiveRecord::RecordNotUnique: PG::UniqueViolation: ERROR:  duplicate key value violates unique constraint "index_active_storage_attachments_uniqueness"
DETAIL:  Key (record_type, record_id, name, blob_id)=(Defect, 72a03c51-c032-4174-8ae8-56263faf2f6b, attachments, 42cd0287-e833-48de-8a3d-a94cefaf0a7f) already exists.
  Backtrace: /home/robert/.rbenv/versions/3.3.5/lib/ruby/gems/3.3.0/gems/activerecord-7.2.2.2/lib/active_record/connection_adapters/postgresql_adapter.rb:894:in `exec_params'
           /home/robert/.rbenv/versions/3.3.5/lib/ruby/gems/3.3.0/gems/activerecord-7.2.2.2/lib/active_record/connection_adapters/postgresql_adapter.rb:894:in `block (2 levels) in exec_no_cache'
           /home/robert/.rbenv/versions/3.3.5/lib/ruby/gems/3.3.0/gems/activerecord-7.2.2.2/lib/active_record/connection_adapters/abstract_adapter.rb:1004:in `block in with_raw_connection'
  Error on attempt 2/5: ActiveRecord::RecordNotUnique: PG::UniqueViolation: ERROR:  duplicate key value violates unique constraint "index_active_storage_attachments_uniqueness"
DETAIL:  Key (record_type, record_id, name, blob_id)=(Defect, 72a03c51-c032-4174-8ae8-56263faf2f6b, attachments, 42cd0287-e833-48de-8a3d-a94cefaf0a7f) already exists.
  Backtrace: /home/robert/.rbenv/versions/3.3.5/lib/ruby/gems/3.3.0/gems/activerecord-7.2.2.2/lib/active_record/connection_adapters/postgresql_adapter.rb:894:in `exec_params'
           /home/robert/.rbenv/versions/3.3.5/lib/ruby/gems/3.3.0/gems/activerecord-7.2.2.2/lib/active_record/connection_adapters/postgresql_adapter.rb:894:in `block (2 levels) in exec_no_cache'
           /home/robert/.rbenv/versions/3.3.5/lib/ruby/gems/3.3.0/gems/activerecord-7.2.2.2/lib/active_record/connection_adapters/abstract_adapter.rb:1004:in `block in with_raw_connection'
  Error on attempt 3/5: ActiveRecord::RecordNotUnique: PG::UniqueViolation: ERROR:  duplicate key value violates unique constraint "index_active_storage_attachments_uniqueness"
DETAIL:  Key (record_type, record_id, name, blob_id)=(Defect, 72a03c51-c032-4174-8ae8-56263faf2f6b, attachments, 42cd0287-e833-48de-8a3d-a94cefaf0a7f) already exists.
  Backtrace: /home/robert/.rbenv/versions/3.3.5/lib/ruby/gems/3.3.0/gems/activerecord-7.2.2.2/lib/active_record/connection_adapters/postgresql_adapter.rb:894:in `exec_params'
           /home/robert/.rbenv/versions/3.3.5/lib/ruby/gems/3.3.0/gems/activerecord-7.2.2.2/lib/active_record/connection_adapters/postgresql_adapter.rb:894:in `block (2 levels) in exec_no_cache'
           /home/robert/.rbenv/versions/3.3.5/lib/ruby/gems/3.3.0/gems/activerecord-7.2.2.2/lib/active_record/connection_adapters/abstract_adapter.rb:1004:in `block in with_raw_connection'
  Error on attempt 4/5: ActiveRecord::RecordNotUnique: PG::UniqueViolation: ERROR:  duplicate key value violates unique constraint "index_active_storage_attachments_uniqueness"
DETAIL:  Key (record_type, record_id, name, blob_id)=(Defect, 72a03c51-c032-4174-8ae8-56263faf2f6b, attachments, 42cd0287-e833-48de-8a3d-a94cefaf0a7f) already exists.
  Backtrace: /home/robert/.rbenv/versions/3.3.5/lib/ruby/gems/3.3.0/gems/activerecord-7.2.2.2/lib/active_record/connection_adapters/postgresql_adapter.rb:894:in `exec_params'
           /home/robert/.rbenv/versions/3.3.5/lib/ruby/gems/3.3.0/gems/activerecord-7.2.2.2/lib/active_record/connection_adapters/postgresql_adapter.rb:894:in `block (2 levels) in exec_no_cache'
           /home/robert/.rbenv/versions/3.3.5/lib/ruby/gems/3.3.0/gems/activerecord-7.2.2.2/lib/active_record/connection_adapters/abstract_adapter.rb:1004:in `block in with_raw_connection'
  Error on attempt 5/5: ActiveRecord::RecordNotUnique: PG::UniqueViolation: ERROR:  duplicate key value violates unique constraint "index_active_storage_attachments_uniqueness"
DETAIL:  Key (record_type, record_id, name, blob_id)=(Defect, 72a03c51-c032-4174-8ae8-56263faf2f6b, attachments, 42cd0287-e833-48de-8a3d-a94cefaf0a7f) already exists.
  Backtrace: /home/robert/.rbenv/versions/3.3.5/lib/ruby/gems/3.3.0/gems/activerecord-7.2.2.2/lib/active_record/connection_adapters/postgresql_adapter.rb:894:in `exec_params'
           /home/robert/.rbenv/versions/3.3.5/lib/ruby/gems/3.3.0/gems/activerecord-7.2.2.2/lib/active_record/connection_adapters/postgresql_adapter.rb:894:in `block (2 levels) in exec_no_cache'
           /home/robert/.rbenv/versions/3.3.5/lib/ruby/gems/3.3.0/gems/activerecord-7.2.2.2/lib/active_record/connection_adapters/abstract_adapter.rb:1004:in `block in with_raw_connection'
  ❌ FAILED after 5 attempts

Processing issue 56/439: ISP-1915
[DEBUG-LABELS] Total labels found for ISP-1915: 2
[USER-MATCH] Matched 'gideon' by single name: gideon gideon -> a2f6fdcb-6a66-4ace-992b-0f3cd5e9cc53
[USER-MATCH] Matched 'Robert Mbugua Kanyoro' by email: robert.mbugua@craftsilicon.com -> fb1e0a05-f047-4e22-a52b-b9b1fe4b4358
[STATUS-MATCH] Matched status 'In Progress' by name: In Progress -> c805a0e9-73fc-4726-a1ab-d28b9a36469e
[BANKING-MATCH] Found existing banking type 'ERP' -> d9a45733-9624-42c2-afcc-888ce998dbbe
📥 DOWNLOADING ISSUE-LEVEL ATTACHMENTS FOR ISP-1915
   Total files: 1 (2.27 MB)

   [1/1] 📥 Downloading: system-is-allow-to-issue-stock-consumption-in-past-date-and-or-future-date-its-i_U7iXIVtI.mp4 (2.27 MB)
  Attempt 1/3: Downloading from https://craftsilicon.atlassian.net/rest/api/3/attachment/content/129560...
  Following redirect 1/6 to: https://api.media.atlassian.com/file/1d3aad6e-fd6f-47c4-9184-9b7c4c1a84f0/binary?token=eyJhbGciOiJIUzI1NiJ9.eyJpc3MiOiJiN...
  Attempt 1/3: Downloading from https://api.media.atlassian.com/file/1d3aad6e-fd6f-47c4-9184-9b7c4c1a84f0/binary?token=eyJhbGciOiJIUzI1NiJ9.eyJpc3MiOiJiN...
  ✅ Downloaded 2382675 bytes successfully
  ⏳ Retrying in 2s...
  Attempt 2/3: Downloading from https://craftsilicon.atlassian.net/rest/api/3/attachment/content/129560...
  Following redirect 1/6 to: https://api.media.atlassian.com/file/1d3aad6e-fd6f-47c4-9184-9b7c4c1a84f0/binary?token=eyJhbGciOiJIUzI1NiJ9.eyJpc3MiOiJiN...
  Attempt 2/3: Downloading from https://api.media.atlassian.com/file/1d3aad6e-fd6f-47c4-9184-9b7c4c1a84f0/binary?token=eyJhbGciOiJIUzI1NiJ9.eyJpc3MiOiJiN...
  ✅ Downloaded 2382675 bytes successfully
  ⏳ Retrying in 4s...
  Attempt 3/3: Downloading from https://craftsilicon.atlassian.net/rest/api/3/attachment/content/129560...
  Following redirect 1/6 to: https://api.media.atlassian.com/file/1d3aad6e-fd6f-47c4-9184-9b7c4c1a84f0/binary?token=eyJhbGciOiJIUzI1NiJ9.eyJpc3MiOiJiN...
  Attempt 3/3: Downloading from https://api.media.atlassian.com/file/1d3aad6e-fd6f-47c4-9184-9b7c4c1a84f0/binary?token=eyJhbGciOiJIUzI1NiJ9.eyJpc3MiOiJiN...
  ✅ Downloaded 2382675 bytes successfully

📊 Attachment Summary for ISP-1915:
   ✅ Uploaded: 0
   ⏭️  Skipped: 0
   ❌ Failed: 1

[LABEL] Processing 2 label(s) for ISP-1915
[LABEL-MATCH] Found existing label 'New_ERP' (stored as 'new_erp') -> a9f0bd31-9bc0-4a7b-90fc-2ed53a305e8d
[LABEL-SKIP] Label 'new_erp' already attached to ISP-1915
[LABEL-MATCH] Found existing label 'QA' (stored as 'qa') -> f66526ba-6a94-47b5-8239-f9fae5aa2248
[LABEL-SKIP] Label 'qa' already attached to ISP-1915
[LABEL] Completed processing labels for ISP-1915. Total attached: 2
[DESCRIPTION-VALIDATE] ISP-1915: new_len=339, existing_len=375
[DESCRIPTION-UPDATE] ISP-1915: Updated description (339 chars)
  Previous: <div class="trix-content">
  <p><strong>Repro Steps -</strong></p>
<p><strong>Actual Results:</strong...
  Updated: <p><strong>Repro Steps -</strong></p>
<p><strong>Actual Results:</strong></p>
<p>The system saves the...
Processing issue 57/439: ISP-1914
[DEBUG-LABELS] Total labels found for ISP-1914: 2
[USER-MATCH] Matched 'archana.verma' by parsed first+last: archana verma -> 7b5370b5-abcd-4ad2-908b-1791ca40d9c9
[USER-MATCH] Matched 'Robert Mbugua Kanyoro' by email: robert.mbugua@craftsilicon.com -> fb1e0a05-f047-4e22-a52b-b9b1fe4b4358
[STATUS-MATCH] Matched status 'In Progress' by name: In Progress -> c805a0e9-73fc-4726-a1ab-d28b9a36469e
[BANKING-MATCH] Found existing banking type 'ERP' -> d9a45733-9624-42c2-afcc-888ce998dbbe
📥 DOWNLOADING ISSUE-LEVEL ATTACHMENTS FOR ISP-1914
   Total files: 1 (23.46 MB)

   [1/1] ⏭️  SKIP: ISP-1914 and 1913-GRN.mp4 (already attached)

📊 Attachment Summary for ISP-1914:
   ✅ Uploaded: 0
   ⏭️  Skipped: 1
   ❌ Failed: 0

[LABEL] Processing 2 label(s) for ISP-1914
[LABEL-MATCH] Found existing label 'New_ERP' (stored as 'new_erp') -> a9f0bd31-9bc0-4a7b-90fc-2ed53a305e8d
[LABEL-SKIP] Label 'new_erp' already attached to ISP-1914
[LABEL-MATCH] Found existing label 'QA' (stored as 'qa') -> f66526ba-6a94-47b5-8239-f9fae5aa2248
[LABEL-SKIP] Label 'qa' already attached to ISP-1914
[LABEL] Completed processing labels for ISP-1914. Total attached: 2
[DESCRIPTION-VALIDATE] ISP-1914: new_len=141, existing_len=177
[DESCRIPTION-UPDATE] ISP-1914: Updated description (141 chars)
  Previous: <div class="trix-content">
  <p><strong>Actual Result-</strong></p>
<p><strong>Expected Result-</stro...
  Updated: <p><strong>Actual Result-</strong></p>
<p><strong>Expected Result-</strong>Correct details should be ...
Processing issue 58/439: ISP-1913
[DEBUG-LABELS] Total labels found for ISP-1913: 2
[USER-MATCH] Matched 'archana.verma' by parsed first+last: archana verma -> 7b5370b5-abcd-4ad2-908b-1791ca40d9c9
[USER-MATCH] Matched 'Robert Mbugua Kanyoro' by email: robert.mbugua@craftsilicon.com -> fb1e0a05-f047-4e22-a52b-b9b1fe4b4358
[STATUS-MATCH] Matched status 'In Progress' by name: In Progress -> c805a0e9-73fc-4726-a1ab-d28b9a36469e
[BANKING-MATCH] Found existing banking type 'ERP' -> d9a45733-9624-42c2-afcc-888ce998dbbe
📥 DOWNLOADING ISSUE-LEVEL ATTACHMENTS FOR ISP-1913
   Total files: 1 (23.46 MB)

   [1/1] 📥 Downloading: ISP-1913-GRN.mp4 (23.46 MB)
  Attempt 1/5: Downloading from https://craftsilicon.atlassian.net/rest/api/3/attachment/content/129557...
  Following redirect 1/6 to: https://api.media.atlassian.com/file/137810ad-7f28-4257-9633-bf379fcfc77d/binary?token=eyJhbGciOiJIUzI1NiJ9.eyJpc3MiOiJiN...
  Attempt 1/5: Downloading from https://api.media.atlassian.com/file/137810ad-7f28-4257-9633-bf379fcfc77d/binary?token=eyJhbGciOiJIUzI1NiJ9.eyJpc3MiOiJiN...
  📊 Downloaded 10.0/23.46 MB...
  📊 Downloaded 20.0/23.46 MB...
  ✅ Downloaded 24601140 bytes successfully
  ⏳ Retrying in 2s...
  Attempt 2/5: Downloading from https://craftsilicon.atlassian.net/rest/api/3/attachment/content/129557...
  Following redirect 1/6 to: https://api.media.atlassian.com/file/137810ad-7f28-4257-9633-bf379fcfc77d/binary?token=eyJhbGciOiJIUzI1NiJ9.eyJpc3MiOiJiN...
  Attempt 2/5: Downloading from https://api.media.atlassian.com/file/137810ad-7f28-4257-9633-bf379fcfc77d/binary?token=eyJhbGciOiJIUzI1NiJ9.eyJpc3MiOiJiN...
  📊 Downloaded 10.0/23.46 MB...
  📊 Downloaded 20.0/23.46 MB...
  ✅ Downloaded 24601140 bytes successfully
  ⏳ Retrying in 4s...
  Attempt 3/5: Downloading from https://craftsilicon.atlassian.net/rest/api/3/attachment/content/129557...
  Following redirect 1/6 to: https://api.media.atlassian.com/file/137810ad-7f28-4257-9633-bf379fcfc77d/binary?token=eyJhbGciOiJIUzI1NiJ9.eyJpc3MiOiJiN...
  Attempt 3/5: Downloading from https://api.media.atlassian.com/file/137810ad-7f28-4257-9633-bf379fcfc77d/binary?token=eyJhbGciOiJIUzI1NiJ9.eyJpc3MiOiJiN...
  📊 Downloaded 10.0/23.46 MB...
  📊 Downloaded 20.0/23.46 MB...
  ✅ Downloaded 24601140 bytes successfully
  ⏳ Retrying in 8s...
  Attempt 4/5: Downloading from https://craftsilicon.atlassian.net/rest/api/3/attachment/content/129557...
  Following redirect 1/6 to: https://api.media.atlassian.com/file/137810ad-7f28-4257-9633-bf379fcfc77d/binary?token=eyJhbGciOiJIUzI1NiJ9.eyJpc3MiOiJiN...
  Attempt 4/5: Downloading from https://api.media.atlassian.com/file/137810ad-7f28-4257-9633-bf379fcfc77d/binary?token=eyJhbGciOiJIUzI1NiJ9.eyJpc3MiOiJiN...
  📊 Downloaded 10.0/23.46 MB...
  📊 Downloaded 20.0/23.46 MB...
  ✅ Downloaded 24601140 bytes successfully
  ⏳ Retrying in 15s...
  Attempt 5/5: Downloading from https://craftsilicon.atlassian.net/rest/api/3/attachment/content/129557...
  Following redirect 1/6 to: https://api.media.atlassian.com/file/137810ad-7f28-4257-9633-bf379fcfc77d/binary?token=eyJhbGciOiJIUzI1NiJ9.eyJpc3MiOiJiN...
  Attempt 5/5: Downloading from https://api.media.atlassian.com/file/137810ad-7f28-4257-9633-bf379fcfc77d/binary?token=eyJhbGciOiJIUzI1NiJ9.eyJpc3MiOiJiN...
  📊 Downloaded 10.0/23.46 MB...
  📊 Downloaded 20.0/23.46 MB...
  ✅ Downloaded 24601140 bytes successfully

📊 Attachment Summary for ISP-1913:
   ✅ Uploaded: 0
   ⏭️  Skipped: 0
   ❌ Failed: 1

[LABEL] Processing 2 label(s) for ISP-1913
[LABEL-MATCH] Found existing label 'New_ERP' (stored as 'new_erp') -> a9f0bd31-9bc0-4a7b-90fc-2ed53a305e8d
[LABEL-SKIP] Label 'new_erp' already attached to ISP-1913
[LABEL-MATCH] Found existing label 'QA' (stored as 'qa') -> f66526ba-6a94-47b5-8239-f9fae5aa2248
[LABEL-SKIP] Label 'qa' already attached to ISP-1913
[LABEL] Completed processing labels for ISP-1913. Total attached: 2
[DESCRIPTION-VALIDATE] ISP-1913: new_len=205, existing_len=241
[DESCRIPTION-UPDATE] ISP-1913: Updated description (205 chars)
  Previous: <div class="trix-content">
  <p><strong>Actual Result-</strong>No feedback or error is displayed. GRN...
  Updated: <p><strong>Actual Result-</strong>No feedback or error is displayed. GRN is not saved.</p>
<p><strong...
Processing issue 59/439: ISP-1912
[DEBUG-LABELS] Total labels found for ISP-1912: 3
[USER-MATCH] Matched 'archana.verma' by parsed first+last: archana verma -> 7b5370b5-abcd-4ad2-908b-1791ca40d9c9
[USER-MATCH] Matched 'Robert Mbugua Kanyoro' by email: robert.mbugua@craftsilicon.com -> fb1e0a05-f047-4e22-a52b-b9b1fe4b4358
[STATUS-MATCH] Matched status 'In Progress' by name: In Progress -> c805a0e9-73fc-4726-a1ab-d28b9a36469e
[BANKING-MATCH] Found existing banking type 'ERP' -> d9a45733-9624-42c2-afcc-888ce998dbbe
📥 DOWNLOADING ISSUE-LEVEL ATTACHMENTS FOR ISP-1912
   Total files: 2 (80.0 MB)

   [1/2] ⏭️  SKIP: ISP-1912-Retest ISP-1362  and 1466-Need based plan-Pass-Monthly and Quarterly.mp4 (already attached)
   [2/2] ⏭️  SKIP: ISP-1912-Retest ISP-1362 and 1466-Pass-Without Need-Monthly and Quarterly.mp4 (already attached)

📊 Attachment Summary for ISP-1912:
   ✅ Uploaded: 0
   ⏭️  Skipped: 2
   ❌ Failed: 0

[LABEL] Processing 3 label(s) for ISP-1912
[LABEL-MATCH] Found existing label 'Blocker' (stored as 'blocker') -> 53446826-4aac-4ac5-bcac-9aadd9a0f375
[LABEL-SKIP] Label 'blocker' already attached to ISP-1912
[LABEL-MATCH] Found existing label 'New_ERP' (stored as 'new_erp') -> a9f0bd31-9bc0-4a7b-90fc-2ed53a305e8d
[LABEL-SKIP] Label 'new_erp' already attached to ISP-1912
[LABEL-MATCH] Found existing label 'QA' (stored as 'qa') -> f66526ba-6a94-47b5-8239-f9fae5aa2248
[LABEL-SKIP] Label 'qa' already attached to ISP-1912
[LABEL] Completed processing labels for ISP-1912. Total attached: 3
[DESCRIPTION-VALIDATE] ISP-1912: new_len=381, existing_len=417
[DESCRIPTION-UPDATE] ISP-1912: Updated description (381 chars)
  Previous: <div class="trix-content">
  <p><strong>Actual Result-</strong>Item type is displayed incorrectly as ...
  Updated: <p><strong>Actual Result-</strong>Item type is displayed incorrectly as 385 or 386 which does not eve...
Processing issue 60/439: ISP-1911
[DEBUG-LABELS] Total labels found for ISP-1911: 2
[USER-MATCH] Matched 'Wilberforce Wakhungu' by parsed first+last: wilberforce Wakhungu -> 03c960cf-9cd1-41dc-8a6b-669843030d52
[USER-MATCH] Matched 'Robert Mbugua Kanyoro' by email: robert.mbugua@craftsilicon.com -> fb1e0a05-f047-4e22-a52b-b9b1fe4b4358
[STATUS-MATCH] Matched status 'Awaiting Build' by name: Awaiting Build -> bf46baa0-8c97-4afe-a65a-a300e43d70e6
[BANKING-MATCH] Found existing banking type 'ERP' -> d9a45733-9624-42c2-afcc-888ce998dbbe
📥 DOWNLOADING ISSUE-LEVEL ATTACHMENTS FOR ISP-1911
   Total files: 1 (5.86 MB)

   [1/1] ⏭️  SKIP: Competitor(Phone number field).mp4 (already attached)

📊 Attachment Summary for ISP-1911:
   ✅ Uploaded: 0
   ⏭️  Skipped: 1
   ❌ Failed: 0

[LABEL] Processing 2 label(s) for ISP-1911
[LABEL-MATCH] Found existing label 'New_ERP' (stored as 'new_erp') -> a9f0bd31-9bc0-4a7b-90fc-2ed53a305e8d
[LABEL-SKIP] Label 'new_erp' already attached to ISP-1911
[LABEL-MATCH] Found existing label 'QA' (stored as 'qa') -> f66526ba-6a94-47b5-8239-f9fae5aa2248
[LABEL-SKIP] Label 'qa' already attached to ISP-1911
[LABEL] Completed processing labels for ISP-1911. Total attached: 2
[DESCRIPTION-VALIDATE] ISP-1911: new_len=76, existing_len=112
[DESCRIPTION-UPDATE] ISP-1911: Updated description (76 chars)
  Previous: <div class="trix-content">
  <p><strong>Repro steps</strong></p>
<p><strong>Expected results</strong>...
Processing issue 61/439: ISP-1910
[DEBUG-LABELS] Total labels found for ISP-1910: 2
[USER-MATCH] Matched 'Wilberforce Wakhungu' by parsed first+last: wilberforce Wakhungu -> 03c960cf-9cd1-41dc-8a6b-669843030d52
[USER-MATCH] Matched 'Robert Mbugua Kanyoro' by email: robert.mbugua@craftsilicon.com -> fb1e0a05-f047-4e22-a52b-b9b1fe4b4358
[STATUS-MATCH] Matched status 'In Progress' by name: In Progress -> c805a0e9-73fc-4726-a1ab-d28b9a36469e
[BANKING-MATCH] Found existing banking type 'ERP' -> d9a45733-9624-42c2-afcc-888ce998dbbe
📥 DOWNLOADING ISSUE-LEVEL ATTACHMENTS FOR ISP-1910
   Total files: 1 (1.77 MB)

   [1/1] ⏭️  SKIP: Competitor(Extra required fields on edit).mp4 (already attached)

📊 Attachment Summary for ISP-1910:
   ✅ Uploaded: 0
   ⏭️  Skipped: 1
   ❌ Failed: 0

[LABEL] Processing 2 label(s) for ISP-1910
[LABEL-MATCH] Found existing label 'New_ERP' (stored as 'new_erp') -> a9f0bd31-9bc0-4a7b-90fc-2ed53a305e8d
[LABEL-SKIP] Label 'new_erp' already attached to ISP-1910
[LABEL-MATCH] Found existing label 'QA' (stored as 'qa') -> f66526ba-6a94-47b5-8239-f9fae5aa2248
[LABEL-SKIP] Label 'qa' already attached to ISP-1910
[LABEL] Completed processing labels for ISP-1910. Total attached: 2
[DESCRIPTION-VALIDATE] ISP-1910: new_len=115, existing_len=151
[DESCRIPTION-UPDATE] ISP-1910: Updated description (115 chars)
  Previous: <div class="trix-content">
  <p><strong>Repro steps</strong></p>
<p><strong>Actual results</strong></...
  Updated: <p><strong>Repro steps</strong></p>
<p><strong>Actual results</strong></p>
<p><strong>Expected result...
Processing issue 62/439: ISP-1909
[DEBUG-LABELS] Total labels found for ISP-1909: 2
[USER-MATCH] Matched 'Wilberforce Wakhungu' by parsed first+last: wilberforce Wakhungu -> 03c960cf-9cd1-41dc-8a6b-669843030d52
[USER-MATCH] Matched 'Robert Mbugua Kanyoro' by email: robert.mbugua@craftsilicon.com -> fb1e0a05-f047-4e22-a52b-b9b1fe4b4358
[STATUS-MATCH] Matched status 'In Progress' by name: In Progress -> c805a0e9-73fc-4726-a1ab-d28b9a36469e
[BANKING-MATCH] Found existing banking type 'ERP' -> d9a45733-9624-42c2-afcc-888ce998dbbe
📥 DOWNLOADING ISSUE-LEVEL ATTACHMENTS FOR ISP-1909
   Total files: 1 (1.02 MB)

   [1/1] ⏭️  SKIP: Marketing Planner(CE0 DOWNLOAD).mp4 (already attached)

📊 Attachment Summary for ISP-1909:
   ✅ Uploaded: 0
   ⏭️  Skipped: 1
   ❌ Failed: 0

[LABEL] Processing 2 label(s) for ISP-1909
[LABEL-MATCH] Found existing label 'New_ERP' (stored as 'new_erp') -> a9f0bd31-9bc0-4a7b-90fc-2ed53a305e8d
[LABEL-SKIP] Label 'new_erp' already attached to ISP-1909
[LABEL-MATCH] Found existing label 'QA' (stored as 'qa') -> f66526ba-6a94-47b5-8239-f9fae5aa2248
[LABEL-SKIP] Label 'qa' already attached to ISP-1909
[LABEL] Completed processing labels for ISP-1909. Total attached: 2
[DESCRIPTION-VALIDATE] ISP-1909: new_len=410, existing_len=446
[DESCRIPTION-UPDATE] ISP-1909: Updated description (410 chars)
  Previous: <div class="trix-content">
  <p><strong>Repro steps</strong></p>
<p><strong>Actual steps</strong></p>...
  Updated: <p><strong>Repro steps</strong></p>
<p><strong>Actual steps</strong></p>
<p>On clicking the download,...
Processing issue 63/439: ISP-1908
[DEBUG-LABELS] Total labels found for ISP-1908: 2
[USER-MATCH] Matched 'Wilberforce Wakhungu' by parsed first+last: wilberforce Wakhungu -> 03c960cf-9cd1-41dc-8a6b-669843030d52
[USER-MATCH] Matched 'Robert Mbugua Kanyoro' by email: robert.mbugua@craftsilicon.com -> fb1e0a05-f047-4e22-a52b-b9b1fe4b4358
[STATUS-MATCH] Matched status 'In Progress' by name: In Progress -> c805a0e9-73fc-4726-a1ab-d28b9a36469e
[BANKING-MATCH] Found existing banking type 'ERP' -> d9a45733-9624-42c2-afcc-888ce998dbbe
📥 DOWNLOADING ISSUE-LEVEL ATTACHMENTS FOR ISP-1908
   Total files: 1 (5.2 MB)

   [1/1] ⏭️  SKIP: Marketing plan(Reject-plan).mp4 (already attached)

📊 Attachment Summary for ISP-1908:
   ✅ Uploaded: 0
   ⏭️  Skipped: 1
   ❌ Failed: 0

[LABEL] Processing 2 label(s) for ISP-1908
[LABEL-MATCH] Found existing label 'New_ERP' (stored as 'new_erp') -> a9f0bd31-9bc0-4a7b-90fc-2ed53a305e8d
[LABEL-SKIP] Label 'new_erp' already attached to ISP-1908
[LABEL-MATCH] Found existing label 'QA' (stored as 'qa') -> f66526ba-6a94-47b5-8239-f9fae5aa2248  Error on attempt 1/3: ActiveRecord::RecordNotUnique: PG::UniqueViolation: ERROR:  duplicate key value violates unique constraint "index_active_storage_attachments_uniqueness"
DETAIL:  Key (record_type, record_id, name, blob_id)=(Defect, f50c0c1b-f572-44e8-a647-41bd7210b0a0, attachments, 71f28e82-8c42-4dac-a33f-121d60989b0f) already exists.
  Backtrace: /home/robert/.rbenv/versions/3.3.5/lib/ruby/gems/3.3.0/gems/activerecord-7.2.2.2/lib/active_record/connection_adapters/postgresql_adapter.rb:894:in `exec_params'
           /home/robert/.rbenv/versions/3.3.5/lib/ruby/gems/3.3.0/gems/activerecord-7.2.2.2/lib/active_record/connection_adapters/postgresql_adapter.rb:894:in `block (2 levels) in exec_no_cache'
           /home/robert/.rbenv/versions/3.3.5/lib/ruby/gems/3.3.0/gems/activerecord-7.2.2.2/lib/active_record/connection_adapters/abstract_adapter.rb:1004:in `block in with_raw_connection'
  Error on attempt 2/3: ActiveRecord::RecordNotUnique: PG::UniqueViolation: ERROR:  duplicate key value violates unique constraint "index_active_storage_attachments_uniqueness"
DETAIL:  Key (record_type, record_id, name, blob_id)=(Defect, f50c0c1b-f572-44e8-a647-41bd7210b0a0, attachments, 71f28e82-8c42-4dac-a33f-121d60989b0f) already exists.
  Backtrace: /home/robert/.rbenv/versions/3.3.5/lib/ruby/gems/3.3.0/gems/activerecord-7.2.2.2/lib/active_record/connection_adapters/postgresql_adapter.rb:894:in `exec_params'
           /home/robert/.rbenv/versions/3.3.5/lib/ruby/gems/3.3.0/gems/activerecord-7.2.2.2/lib/active_record/connection_adapters/postgresql_adapter.rb:894:in `block (2 levels) in exec_no_cache'
           /home/robert/.rbenv/versions/3.3.5/lib/ruby/gems/3.3.0/gems/activerecord-7.2.2.2/lib/active_record/connection_adapters/abstract_adapter.rb:1004:in `block in with_raw_connection'
  Error on attempt 3/3: ActiveRecord::RecordNotUnique: PG::UniqueViolation: ERROR:  duplicate key value violates unique constraint "index_active_storage_attachments_uniqueness"
DETAIL:  Key (record_type, record_id, name, blob_id)=(Defect, f50c0c1b-f572-44e8-a647-41bd7210b0a0, attachments, 71f28e82-8c42-4dac-a33f-121d60989b0f) already exists.
  Backtrace: /home/robert/.rbenv/versions/3.3.5/lib/ruby/gems/3.3.0/gems/activerecord-7.2.2.2/lib/active_record/connection_adapters/postgresql_adapter.rb:894:in `exec_params'
           /home/robert/.rbenv/versions/3.3.5/lib/ruby/gems/3.3.0/gems/activerecord-7.2.2.2/lib/active_record/connection_adapters/postgresql_adapter.rb:894:in `block (2 levels) in exec_no_cache'
           /home/robert/.rbenv/versions/3.3.5/lib/ruby/gems/3.3.0/gems/activerecord-7.2.2.2/lib/active_record/connection_adapters/abstract_adapter.rb:1004:in `block in with_raw_connection'
  ❌ FAILED after 3 attempts

[LABEL-SKIP] Label 'qa' already attached to ISP-1908
[LABEL] Completed processing labels for ISP-1908. Total attached: 2
[DESCRIPTION-VALIDATE] ISP-1908: new_len=317, existing_len=353
[DESCRIPTION-UPDATE] ISP-1908: Updated description (317 chars)
  Previous: <div class="trix-content">
  <p><strong>Repro steps</strong></p>
<p><strong>Actual results</strong></...
  Updated: <p><strong>Repro steps</strong></p>
<p><strong>Actual results</strong></p>
<p>Longer remarks are push...
Processing issue 64/439: ISP-1907
[DEBUG-LABELS] Total labels found for ISP-1907: 2
[USER-MATCH] Matched 'Wilberforce Wakhungu' by parsed first+last: wilberforce Wakhungu -> 03c960cf-9cd1-41dc-8a6b-669843030d52
[USER-MATCH] Matched 'Robert Mbugua Kanyoro' by email: robert.mbugua@craftsilicon.com -> fb1e0a05-f047-4e22-a52b-b9b1fe4b4358
[STATUS-MATCH] Matched status 'In Progress' by name: In Progress -> c805a0e9-73fc-4726-a1ab-d28b9a36469e
[BANKING-MATCH] Found existing banking type 'ERP' -> d9a45733-9624-42c2-afcc-888ce998dbbe
📥 DOWNLOADING ISSUE-LEVEL ATTACHMENTS FOR ISP-1907
   Total files: 2 (5.84 MB)

   [1/2] ⏭️  SKIP: Reference from previous reported issue.mp4 (already attached)
   [2/2] ⏭️  SKIP: survey-approval(1).mp4 (already attached)

📊 Attachment Summary for ISP-1907:
   ✅ Uploaded: 0
   ⏭️  Skipped: 2
   ❌ Failed: 0

[LABEL] Processing 2 label(s) for ISP-1907
[LABEL-MATCH] Found existing label 'New_ERP' (stored as 'new_erp') -> a9f0bd31-9bc0-4a7b-90fc-2ed53a305e8d
[LABEL-SKIP] Label 'new_erp' already attached to ISP-1907
[LABEL-MATCH] Found existing label 'QA' (stored as 'qa') -> f66526ba-6a94-47b5-8239-f9fae5aa2248
[LABEL-SKIP] Label 'qa' already attached to ISP-1907
[LABEL] Completed processing labels for ISP-1907. Total attached: 2
[DESCRIPTION-VALIDATE] ISP-1907: new_len=439, existing_len=475
[DESCRIPTION-UPDATE] ISP-1907: Updated description (439 chars)
  Previous: <div class="trix-content">
  <p><strong>Repro steps</strong></p>
<p><strong>Actual results</strong></...
  Updated: <p><strong>Repro steps</strong></p>
<p><strong>Actual results</strong></p>
<p>‘Submit for Approval’ b...
Processing issue 65/439: ISP-1906
[DEBUG-LABELS] Total labels found for ISP-1906: 2
[USER-MATCH] Matched 'Wilberforce Wakhungu' by parsed first+last: wilberforce Wakhungu -> 03c960cf-9cd1-41dc-8a6b-669843030d52
[USER-MATCH] Matched 'Robert Mbugua Kanyoro' by email: robert.mbugua@craftsilicon.com -> fb1e0a05-f047-4e22-a52b-b9b1fe4b4358
[STATUS-MATCH] Matched status 'In Progress' by name: In Progress -> c805a0e9-73fc-4726-a1ab-d28b9a36469e
[BANKING-MATCH] Found existing banking type 'ERP' -> d9a45733-9624-42c2-afcc-888ce998dbbe
📥 DOWNLOADING ISSUE-LEVEL ATTACHMENTS FOR ISP-1906
   Total files: 1 (0.91 MB)

   [1/1] ⏭️  SKIP: Unscheduled meeting(Required fields).mp4 (already attached)

📊 Attachment Summary for ISP-1906:
   ✅ Uploaded: 0
   ⏭️  Skipped: 1
   ❌ Failed: 0

[LABEL] Processing 2 label(s) for ISP-1906
[LABEL-MATCH] Found existing label 'New_ERP' (stored as 'new_erp') -> a9f0bd31-9bc0-4a7b-90fc-2ed53a305e8d
[LABEL-SKIP] Label 'new_erp' already attached to ISP-1906
[LABEL-MATCH] Found existing label 'QA' (stored as 'qa') -> f66526ba-6a94-47b5-8239-f9fae5aa2248
[LABEL-SKIP] Label 'qa' already attached to ISP-1906
[LABEL] Completed processing labels for ISP-1906. Total attached: 2
[DESCRIPTION-VALIDATE] ISP-1906: new_len=78, existing_len=114
[DESCRIPTION-UPDATE] ISP-1906: Updated description (78 chars)
  Previous: <div class="trix-content">
  <p><strong>Repro Steps:</strong></p>
<p><strong>Expected Results:</stron...
Processing issue 66/439: ISP-1905
[DEBUG-LABELS] Total labels found for ISP-1905: 2
[USER-MATCH] Matched 'gideon' by single name: gideon gideon -> a2f6fdcb-6a66-4ace-992b-0f3cd5e9cc53
[USER-MATCH] Matched 'Robert Mbugua Kanyoro' by email: robert.mbugua@craftsilicon.com -> fb1e0a05-f047-4e22-a52b-b9b1fe4b4358
[STATUS-MATCH] Matched status 'In Progress' by name: In Progress -> c805a0e9-73fc-4726-a1ab-d28b9a36469e
[BANKING-MATCH] Found existing banking type 'ERP' -> d9a45733-9624-42c2-afcc-888ce998dbbe
📥 DOWNLOADING ISSUE-LEVEL ATTACHMENTS FOR ISP-1905
   Total files: 1 (4.0 MB)

   [1/1] 📥 Downloading: stock-consumption-item-name-is-displayed-in-correctly-in-view-and-in-edit_WVNA7OPL.mp4 (4.0 MB)
  Attempt 1/3: Downloading from https://craftsilicon.atlassian.net/rest/api/3/attachment/content/129471...
  Following redirect 1/6 to: https://api.media.atlassian.com/file/e884ab38-d2cf-4c7b-ae45-3e0971f5160e/binary?token=eyJhbGciOiJIUzI1NiJ9.eyJpc3MiOiJiN...
  Attempt 1/3: Downloading from https://api.media.atlassian.com/file/e884ab38-d2cf-4c7b-ae45-3e0971f5160e/binary?token=eyJhbGciOiJIUzI1NiJ9.eyJpc3MiOiJiN...
  ✅ Downloaded 4191301 bytes successfully
  ⏳ Retrying in 2s...
  Attempt 2/3: Downloading from https://craftsilicon.atlassian.net/rest/api/3/attachment/content/129471...
  Following redirect 1/6 to: https://api.media.atlassian.com/file/e884ab38-d2cf-4c7b-ae45-3e0971f5160e/binary?token=eyJhbGciOiJIUzI1NiJ9.eyJpc3MiOiJiN...
  Attempt 2/3: Downloading from https://api.media.atlassian.com/file/e884ab38-d2cf-4c7b-ae45-3e0971f5160e/binary?token=eyJhbGciOiJIUzI1NiJ9.eyJpc3MiOiJiN...
  ✅ Downloaded 4191301 bytes successfully
  ⏳ Retrying in 4s...
  Attempt 3/3: Downloading from https://craftsilicon.atlassian.net/rest/api/3/attachment/content/129471...
  Following redirect 1/6 to: https://api.media.atlassian.com/file/e884ab38-d2cf-4c7b-ae45-3e0971f5160e/binary?token=eyJhbGciOiJIUzI1NiJ9.eyJpc3MiOiJiN...
  Attempt 3/3: Downloading from https://api.media.atlassian.com/file/e884ab38-d2cf-4c7b-ae45-3e0971f5160e/binary?token=eyJhbGciOiJIUzI1NiJ9.eyJpc3MiOiJiN...
  ✅ Downloaded 4191301 bytes successfully

📊 Attachment Summary for ISP-1905:
   ✅ Uploaded: 0
   ⏭️  Skipped: 0
   ❌ Failed: 1

[LABEL] Processing 2 label(s) for ISP-1905
[LABEL-MATCH] Found existing label 'New_ERP' (stored as 'new_erp') -> a9f0bd31-9bc0-4a7b-90fc-2ed53a305e8d
[LABEL-SKIP] Label 'new_erp' already attached to ISP-1905
[LABEL-MATCH] Found existing label 'QA' (stored as 'qa') -> f66526ba-6a94-47b5-8239-f9fae5aa2248
[LABEL-SKIP] Label 'qa' already attached to ISP-1905
[LABEL] Completed processing labels for ISP-1905. Total attached: 2
[DESCRIPTION-VALIDATE] ISP-1905: new_len=240, existing_len=281
[DESCRIPTION-UPDATE] ISP-1905: Updated description (240 chars)
  Previous: <div class="trix-content">
  <p><strong>Repro Steps -</strong></p>
<p><strong>Actual Results -</stron...
  Updated: <p><strong>Repro Steps -</strong></p>
<p><strong>Actual Results -</strong></p>
<p><strong>Expected Re...
Processing issue 67/439: ISP-1904
[DEBUG-LABELS] Total labels found for ISP-1904: 2
[USER-MATCH] Matched 'Wilberforce Wakhungu' by parsed first+last: wilberforce Wakhungu -> 03c960cf-9cd1-41dc-8a6b-669843030d52
[USER-MATCH] Matched 'Robert Mbugua Kanyoro' by email: robert.mbugua@craftsilicon.com -> fb1e0a05-f047-4e22-a52b-b9b1fe4b4358
[STATUS-MATCH] Matched status 'In Progress' by name: In Progress -> c805a0e9-73fc-4726-a1ab-d28b9a36469e
[BANKING-MATCH] Found existing banking type 'ERP' -> d9a45733-9624-42c2-afcc-888ce998dbbe
📥 DOWNLOADING ISSUE-LEVEL ATTACHMENTS FOR ISP-1904
   Total files: 1 (3.68 MB)

   [1/1] ⏭️  SKIP: Dynamic List(Filter).mp4 (already attached)

📊 Attachment Summary for ISP-1904:
   ✅ Uploaded: 0
   ⏭️  Skipped: 1
   ❌ Failed: 0

[LABEL] Processing 2 label(s) for ISP-1904
[LABEL-MATCH] Found existing label 'New_ERP' (stored as 'new_erp') -> a9f0bd31-9bc0-4a7b-90fc-2ed53a305e8d
[LABEL-SKIP] Label 'new_erp' already attached to ISP-1904
[LABEL-MATCH] Found existing label 'QA' (stored as 'qa') -> f66526ba-6a94-47b5-8239-f9fae5aa2248
[LABEL-SKIP] Label 'qa' already attached to ISP-1904
[LABEL] Completed processing labels for ISP-1904. Total attached: 2
[DESCRIPTION-VALIDATE] ISP-1904: new_len=269, existing_len=305
[DESCRIPTION-UPDATE] ISP-1904: Updated description (269 chars)
  Previous: <div class="trix-content">
  <p><strong>Repro steps</strong></p>
<p><strong>Actual results</strong></...
  Updated: <p><strong>Repro steps</strong></p>
<p><strong>Actual results</strong></p>
<p>Send message button is ...
Processing issue 68/439: ISP-1903  Error on attempt 1/3: ActiveRecord::RecordNotUnique: PG::UniqueViolation: ERROR:  duplicate key value violates unique constraint "index_active_storage_attachments_uniqueness"
DETAIL:  Key (record_type, record_id, name, blob_id)=(Defect, 075f1037-40c9-4820-84fd-9b3142259d21, attachments, 6b4b8ad2-fda8-4319-a184-631cc7e5a342) already exists.
  Backtrace: /home/robert/.rbenv/versions/3.3.5/lib/ruby/gems/3.3.0/gems/activerecord-7.2.2.2/lib/active_record/connection_adapters/postgresql_adapter.rb:894:in `exec_params'
           /home/robert/.rbenv/versions/3.3.5/lib/ruby/gems/3.3.0/gems/activerecord-7.2.2.2/lib/active_record/connection_adapters/postgresql_adapter.rb:894:in `block (2 levels) in exec_no_cache'
           /home/robert/.rbenv/versions/3.3.5/lib/ruby/gems/3.3.0/gems/activerecord-7.2.2.2/lib/active_record/connection_adapters/abstract_adapter.rb:1004:in `block in with_raw_connection'
  Error on attempt 2/3: ActiveRecord::RecordNotUnique: PG::UniqueViolation: ERROR:  duplicate key value violates unique constraint "index_active_storage_attachments_uniqueness"
DETAIL:  Key (record_type, record_id, name, blob_id)=(Defect, 075f1037-40c9-4820-84fd-9b3142259d21, attachments, 6b4b8ad2-fda8-4319-a184-631cc7e5a342) already exists.
  Backtrace: /home/robert/.rbenv/versions/3.3.5/lib/ruby/gems/3.3.0/gems/activerecord-7.2.2.2/lib/active_record/connection_adapters/postgresql_adapter.rb:894:in `exec_params'
           /home/robert/.rbenv/versions/3.3.5/lib/ruby/gems/3.3.0/gems/activerecord-7.2.2.2/lib/active_record/connection_adapters/postgresql_adapter.rb:894:in `block (2 levels) in exec_no_cache'
           /home/robert/.rbenv/versions/3.3.5/lib/ruby/gems/3.3.0/gems/activerecord-7.2.2.2/lib/active_record/connection_adapters/abstract_adapter.rb:1004:in `block in with_raw_connection'
  Error on attempt 3/3: ActiveRecord::RecordNotUnique: PG::UniqueViolation: ERROR:  duplicate key value violates unique constraint "index_active_storage_attachments_uniqueness"
DETAIL:  Key (record_type, record_id, name, blob_id)=(Defect, 075f1037-40c9-4820-84fd-9b3142259d21, attachments, 6b4b8ad2-fda8-4319-a184-631cc7e5a342) already exists.
  Backtrace: /home/robert/.rbenv/versions/3.3.5/lib/ruby/gems/3.3.0/gems/activerecord-7.2.2.2/lib/active_record/connection_adapters/postgresql_adapter.rb:894:in `exec_params'
           /home/robert/.rbenv/versions/3.3.5/lib/ruby/gems/3.3.0/gems/activerecord-7.2.2.2/lib/active_record/connection_adapters/postgresql_adapter.rb:894:in `block (2 levels) in exec_no_cache'
           /home/robert/.rbenv/versions/3.3.5/lib/ruby/gems/3.3.0/gems/activerecord-7.2.2.2/lib/active_record/connection_adapters/abstract_adapter.rb:1004:in `block in with_raw_connection'
  ❌ FAILED after 3 attempts

[DEBUG-LABELS] Total labels found for ISP-1903: 2
[USER-MATCH] Matched 'Wilberforce Wakhungu' by parsed first+last: wilberforce Wakhungu -> 03c960cf-9cd1-41dc-8a6b-669843030d52
[USER-MATCH] Matched 'Robert Mbugua Kanyoro' by email: robert.mbugua@craftsilicon.com -> fb1e0a05-f047-4e22-a52b-b9b1fe4b4358
[STATUS-MATCH] Matched status 'In Progress' by name: In Progress -> c805a0e9-73fc-4726-a1ab-d28b9a36469e
[BANKING-MATCH] Found existing banking type 'ERP' -> d9a45733-9624-42c2-afcc-888ce998dbbe
📥 DOWNLOADING ISSUE-LEVEL ATTACHMENTS FOR ISP-1903
   Total files: 1 (2.85 MB)

   [1/1] ⏭️  SKIP: Leads(Notes).mp4 (already attached)

📊 Attachment Summary for ISP-1903:
   ✅ Uploaded: 0
   ⏭️  Skipped: 1
   ❌ Failed: 0

[LABEL] Processing 2 label(s) for ISP-1903
[LABEL-MATCH] Found existing label 'New_ERP' (stored as 'new_erp') -> a9f0bd31-9bc0-4a7b-90fc-2ed53a305e8d
[LABEL-SKIP] Label 'new_erp' already attached to ISP-1903
[LABEL-MATCH] Found existing label 'QA' (stored as 'qa') -> f66526ba-6a94-47b5-8239-f9fae5aa2248
[LABEL-SKIP] Label 'qa' already attached to ISP-1903
[LABEL] Completed processing labels for ISP-1903. Total attached: 2
[DESCRIPTION-VALIDATE] ISP-1903: new_len=631, existing_len=667
[DESCRIPTION-UPDATE] ISP-1903: Updated description (631 chars)
  Previous: <div class="trix-content">
  <p><strong>Repro steps</strong></p>
<p><strong>Actual results</strong></...
  Updated: <p><strong>Repro steps</strong></p>
<p><strong>Actual results</strong></p>
<p>Long text notes are <st...
Processing issue 69/439: ISP-1902
[DEBUG-LABELS] Total labels found for ISP-1902: 2
[USER-MATCH] Matched 'Wilberforce Wakhungu' by parsed first+last: wilberforce Wakhungu -> 03c960cf-9cd1-41dc-8a6b-669843030d52
[USER-MATCH] Matched 'Robert Mbugua Kanyoro' by email: robert.mbugua@craftsilicon.com -> fb1e0a05-f047-4e22-a52b-b9b1fe4b4358
[STATUS-MATCH] Matched status 'In Progress' by name: In Progress -> c805a0e9-73fc-4726-a1ab-d28b9a36469e
[BANKING-MATCH] Found existing banking type 'ERP' -> d9a45733-9624-42c2-afcc-888ce998dbbe
📥 DOWNLOADING ISSUE-LEVEL ATTACHMENTS FOR ISP-1902
   Total files: 1 (2.28 MB)

   [1/1] 📥 Downloading: Lists(Error on filter).mp4 (2.28 MB)
  Attempt 1/3: Downloading from https://craftsilicon.atlassian.net/rest/api/3/attachment/content/129465...
  Following redirect 1/6 to: https://api.media.atlassian.com/file/b0fab8dd-0934-4c1a-b579-63a6de20fab4/binary?token=eyJhbGciOiJIUzI1NiJ9.eyJpc3MiOiJiN...
  Attempt 1/3: Downloading from https://api.media.atlassian.com/file/b0fab8dd-0934-4c1a-b579-63a6de20fab4/binary?token=eyJhbGciOiJIUzI1NiJ9.eyJpc3MiOiJiN...
  ✅ Downloaded 2389159 bytes successfully
  ⏳ Retrying in 2s...
  Attempt 2/3: Downloading from https://craftsilicon.atlassian.net/rest/api/3/attachment/content/129465...
  Following redirect 1/6 to: https://api.media.atlassian.com/file/b0fab8dd-0934-4c1a-b579-63a6de20fab4/binary?token=eyJhbGciOiJIUzI1NiJ9.eyJpc3MiOiJiN...
  Attempt 2/3: Downloading from https://api.media.atlassian.com/file/b0fab8dd-0934-4c1a-b579-63a6de20fab4/binary?token=eyJhbGciOiJIUzI1NiJ9.eyJpc3MiOiJiN...
  ✅ Downloaded 2389159 bytes successfully
  ⏳ Retrying in 4s...
  Attempt 3/3: Downloading from https://craftsilicon.atlassian.net/rest/api/3/attachment/content/129465...
  Following redirect 1/6 to: https://api.media.atlassian.com/file/b0fab8dd-0934-4c1a-b579-63a6de20fab4/binary?token=eyJhbGciOiJIUzI1NiJ9.eyJpc3MiOiJiN...
  Attempt 3/3: Downloading from https://api.media.atlassian.com/file/b0fab8dd-0934-4c1a-b579-63a6de20fab4/binary?token=eyJhbGciOiJIUzI1NiJ9.eyJpc3MiOiJiN...
  ✅ Downloaded 2389159 bytes successfully

📊 Attachment Summary for ISP-1902:
   ✅ Uploaded: 0
   ⏭️  Skipped: 0
   ❌ Failed: 1

[LABEL] Processing 2 label(s) for ISP-1902
[LABEL-MATCH] Found existing label 'New_ERP' (stored as 'new_erp') -> a9f0bd31-9bc0-4a7b-90fc-2ed53a305e8d
[LABEL-SKIP] Label 'new_erp' already attached to ISP-1902
[LABEL-MATCH] Found existing label 'QA' (stored as 'qa') -> f66526ba-6a94-47b5-8239-f9fae5aa2248
[LABEL-SKIP] Label 'qa' already attached to ISP-1902
[LABEL] Completed processing labels for ISP-1902. Total attached: 2
[DESCRIPTION-VALIDATE] ISP-1902: new_len=345, existing_len=381
[DESCRIPTION-UPDATE] ISP-1902: Updated description (345 chars)
  Previous: <div class="trix-content">
  <p><strong>Repro steps</strong></p>
<p><strong>Actual results</strong></...
  Updated: <p><strong>Repro steps</strong></p>
<p><strong>Actual results</strong></p>
<p>System displays an erro...
Processing issue 70/439: ISP-1901
[DEBUG-LABELS] Total labels found for ISP-1901: 2
[USER-MATCH] Matched 'Wilberforce Wakhungu' by parsed first+last: wilberforce Wakhungu -> 03c960cf-9cd1-41dc-8a6b-669843030d52
[USER-MATCH] Matched 'Robert Mbugua Kanyoro' by email: robert.mbugua@craftsilicon.com -> fb1e0a05-f047-4e22-a52b-b9b1fe4b4358
[STATUS-MATCH] Matched status 'In Progress' by name: In Progress -> c805a0e9-73fc-4726-a1ab-d28b9a36469e
[BANKING-MATCH] Found existing banking type 'ERP' -> d9a45733-9624-42c2-afcc-888ce998dbbe
📥 DOWNLOADING ISSUE-LEVEL ATTACHMENTS FOR ISP-1901
   Total files: 1 (2.0 MB)

   [1/1] ⏭️  SKIP: Competitor(Core business field).mp4 (already attached)

📊 Attachment Summary for ISP-1901:
   ✅ Uploaded: 0
   ⏭️  Skipped: 1
   ❌ Failed: 0

[LABEL] Processing 2 label(s) for ISP-1901
[LABEL-MATCH] Found existing label 'New_ERP' (stored as 'new_erp') -> a9f0bd31-9bc0-4a7b-90fc-2ed53a305e8d
[LABEL-SKIP] Label 'new_erp' already attached to ISP-1901
[LABEL-MATCH] Found existing label 'QA' (stored as 'qa') -> f66526ba-6a94-47b5-8239-f9fae5aa2248
[LABEL-SKIP] Label 'qa' already attached to ISP-1901
[LABEL] Completed processing labels for ISP-1901. Total attached: 2
[DESCRIPTION-VALIDATE] ISP-1901: new_len=76, existing_len=112
[DESCRIPTION-UPDATE] ISP-1901: Updated description (76 chars)
  Previous: <div class="trix-content">
  <p><strong>Repro steps</strong></p>
<p><strong>Expected results</strong>...
Processing issue 71/439: ISP-1900
[DEBUG-LABELS] Total labels found for ISP-1900: 2
[USER-MATCH] Matched 'Wilberforce Wakhungu' by parsed first+last: wilberforce Wakhungu -> 03c960cf-9cd1-41dc-8a6b-669843030d52
[USER-MATCH] Matched 'Robert Mbugua Kanyoro' by email: robert.mbugua@craftsilicon.com -> fb1e0a05-f047-4e22-a52b-b9b1fe4b4358
[STATUS-MATCH] Matched status 'In Progress' by name: In Progress -> c805a0e9-73fc-4726-a1ab-d28b9a36469e
[BANKING-MATCH] Found existing banking type 'ERP' -> d9a45733-9624-42c2-afcc-888ce998dbbe
📥 DOWNLOADING ISSUE-LEVEL ATTACHMENTS FOR ISP-1900
   Total files: 1 (2.78 MB)

   [1/1] ⏭️  SKIP: Competitor(Field names).mp4 (already attached)

📊 Attachment Summary for ISP-1900:
   ✅ Uploaded: 0
   ⏭️  Skipped: 1
   ❌ Failed: 0

[LABEL] Processing 2 label(s) for ISP-1900
[LABEL-MATCH] Found existing label 'New_ERP' (stored as 'new_erp') -> a9f0bd31-9bc0-4a7b-90fc-2ed53a305e8d
[LABEL-SKIP] Label 'new_erp' already attached to ISP-1900
[LABEL-MATCH] Found existing label 'QA' (stored as 'qa') -> f66526ba-6a94-47b5-8239-f9fae5aa2248
[LABEL-SKIP] Label 'qa' already attached to ISP-1900
[LABEL] Completed processing labels for ISP-1900. Total attached: 2
[DESCRIPTION-VALIDATE] ISP-1900: new_len=98, existing_len=134
[DESCRIPTION-UPDATE] ISP-1900: Updated description (98 chars)
  Previous: <div class="trix-content">
  <p>Repro steps</p>
<p><strong>Actual results</strong></p>
<p><strong>Exp...
Processing issue 72/439: ISP-1899
[DEBUG-LABELS] Total labels found for ISP-1899: 2
[USER-MATCH] Matched 'gideon' by single name: gideon gideon -> a2f6fdcb-6a66-4ace-992b-0f3cd5e9cc53
[USER-MATCH] Matched 'Robert Mbugua Kanyoro' by email: robert.mbugua@craftsilicon.com -> fb1e0a05-f047-4e22-a52b-b9b1fe4b4358
[STATUS-MATCH] Matched status 'In Progress' by name: In Progress -> c805a0e9-73fc-4726-a1ab-d28b9a36469e
[BANKING-MATCH] Found existing banking type 'ERP' -> d9a45733-9624-42c2-afcc-888ce998dbbe
📥 DOWNLOADING ISSUE-LEVEL ATTACHMENTS FOR ISP-1899
   Total files: 1 (2.23 MB)

   [1/1] 📥 Downloading: stock-transfer-is-throwing-error-message-when-user-clicks-on-submit-transfer_94OeKIHw.mp4 (2.23 MB)
  Attempt 1/3: Downloading from https://craftsilicon.atlassian.net/rest/api/3/attachment/content/129459...  Error on attempt 1/3: ActiveRecord::RecordNotUnique: PG::UniqueViolation: ERROR:  duplicate key value violates unique constraint "index_active_storage_attachments_uniqueness"
DETAIL:  Key (record_type, record_id, name, blob_id)=(Defect, e1b95a81-0158-485d-9ef5-1b0eddc65ad1, attachments, 5e28f5ca-f16d-4991-8446-53b481f742d3) already exists.
  Backtrace: /home/robert/.rbenv/versions/3.3.5/lib/ruby/gems/3.3.0/gems/activerecord-7.2.2.2/lib/active_record/connection_adapters/postgresql_adapter.rb:894:in `exec_params'
           /home/robert/.rbenv/versions/3.3.5/lib/ruby/gems/3.3.0/gems/activerecord-7.2.2.2/lib/active_record/connection_adapters/postgresql_adapter.rb:894:in `block (2 levels) in exec_no_cache'
           /home/robert/.rbenv/versions/3.3.5/lib/ruby/gems/3.3.0/gems/activerecord-7.2.2.2/lib/active_record/connection_adapters/abstract_adapter.rb:1004:in `block in with_raw_connection'
  Error on attempt 2/3: ActiveRecord::RecordNotUnique: PG::UniqueViolation: ERROR:  duplicate key value violates unique constraint "index_active_storage_attachments_uniqueness"
DETAIL:  Key (record_type, record_id, name, blob_id)=(Defect, e1b95a81-0158-485d-9ef5-1b0eddc65ad1, attachments, 5e28f5ca-f16d-4991-8446-53b481f742d3) already exists.
  Backtrace: /home/robert/.rbenv/versions/3.3.5/lib/ruby/gems/3.3.0/gems/activerecord-7.2.2.2/lib/active_record/connection_adapters/postgresql_adapter.rb:894:in `exec_params'
           /home/robert/.rbenv/versions/3.3.5/lib/ruby/gems/3.3.0/gems/activerecord-7.2.2.2/lib/active_record/connection_adapters/postgresql_adapter.rb:894:in `block (2 levels) in exec_no_cache'
           /home/robert/.rbenv/versions/3.3.5/lib/ruby/gems/3.3.0/gems/activerecord-7.2.2.2/lib/active_record/connection_adapters/abstract_adapter.rb:1004:in `block in with_raw_connection'
  Error on attempt 3/3: ActiveRecord::RecordNotUnique: PG::UniqueViolation: ERROR:  duplicate key value violates unique constraint "index_active_storage_attachments_uniqueness"
DETAIL:  Key (record_type, record_id, name, blob_id)=(Defect, e1b95a81-0158-485d-9ef5-1b0eddc65ad1, attachments, 5e28f5ca-f16d-4991-8446-53b481f742d3) already exists.
  Backtrace: /home/robert/.rbenv/versions/3.3.5/lib/ruby/gems/3.3.0/gems/activerecord-7.2.2.2/lib/active_record/connection_adapters/postgresql_adapter.rb:894:in `exec_params'
           /home/robert/.rbenv/versions/3.3.5/lib/ruby/gems/3.3.0/gems/activerecord-7.2.2.2/lib/active_record/connection_adapters/postgresql_adapter.rb:894:in `block (2 levels) in exec_no_cache'
           /home/robert/.rbenv/versions/3.3.5/lib/ruby/gems/3.3.0/gems/activerecord-7.2.2.2/lib/active_record/connection_adapters/abstract_adapter.rb:1004:in `block in with_raw_connection'
  ❌ FAILED after 3 attempts

  Following redirect 1/6 to: https://api.media.atlassian.com/file/f631eb70-0724-4c29-a44e-5b5f45860d9b/binary?token=eyJhbGciOiJIUzI1NiJ9.eyJpc3MiOiJiN...
  Attempt 1/3: Downloading from https://api.media.atlassian.com/file/f631eb70-0724-4c29-a44e-5b5f45860d9b/binary?token=eyJhbGciOiJIUzI1NiJ9.eyJpc3MiOiJiN...
  ✅ Downloaded 2340048 bytes successfully
  ⏳ Retrying in 2s...
  Attempt 2/3: Downloading from https://craftsilicon.atlassian.net/rest/api/3/attachment/content/129459...
  Following redirect 1/6 to: https://api.media.atlassian.com/file/f631eb70-0724-4c29-a44e-5b5f45860d9b/binary?token=eyJhbGciOiJIUzI1NiJ9.eyJpc3MiOiJiN...
  Attempt 2/3: Downloading from https://api.media.atlassian.com/file/f631eb70-0724-4c29-a44e-5b5f45860d9b/binary?token=eyJhbGciOiJIUzI1NiJ9.eyJpc3MiOiJiN...
  ✅ Downloaded 2340048 bytes successfully
  ⏳ Retrying in 4s...
  Attempt 3/3: Downloading from https://craftsilicon.atlassian.net/rest/api/3/attachment/content/129459...
  Following redirect 1/6 to: https://api.media.atlassian.com/file/f631eb70-0724-4c29-a44e-5b5f45860d9b/binary?token=eyJhbGciOiJIUzI1NiJ9.eyJpc3MiOiJiN...
  Attempt 3/3: Downloading from https://api.media.atlassian.com/file/f631eb70-0724-4c29-a44e-5b5f45860d9b/binary?token=eyJhbGciOiJIUzI1NiJ9.eyJpc3MiOiJiN...
  ✅ Downloaded 2340048 bytes successfully

📊 Attachment Summary for ISP-1899:
   ✅ Uploaded: 0
   ⏭️  Skipped: 0
   ❌ Failed: 1

[LABEL] Processing 2 label(s) for ISP-1899
[LABEL-MATCH] Found existing label 'New_ERP' (stored as 'new_erp') -> a9f0bd31-9bc0-4a7b-90fc-2ed53a305e8d
[LABEL-SKIP] Label 'new_erp' already attached to ISP-1899
[LABEL-MATCH] Found existing label 'QA' (stored as 'qa') -> f66526ba-6a94-47b5-8239-f9fae5aa2248
[LABEL-SKIP] Label 'qa' already attached to ISP-1899
[LABEL] Completed processing labels for ISP-1899. Total attached: 2
[DESCRIPTION-VALIDATE] ISP-1899: new_len=888, existing_len=959
[DESCRIPTION-UPDATE] ISP-1899: Updated description (888 chars)
  Previous: <div class="trix-content">
  <p><strong>Repro Steps</strong> –</p>
<p>Navigate to Inventory – Transac...
  Updated: <p><strong>Repro Steps</strong> –</p>
<p>Navigate to Inventory – Transactions - Stock Transfer –Creat...
Processing issue 73/439: ISP-1898
[DEBUG-LABELS] Total labels found for ISP-1898: 2
[USER-FALLBACK] Using default user for 'Kiriba Delphine' -> b3613172-fc54-4742-b2ba-c10b97d15bf4
[USER-MATCH] Matched 'Robert Mbugua Kanyoro' by email: robert.mbugua@craftsilicon.com -> fb1e0a05-f047-4e22-a52b-b9b1fe4b4358
[STATUS-MATCH] Matched status 'In Progress' by name: In Progress -> c805a0e9-73fc-4726-a1ab-d28b9a36469e
[BANKING-MATCH] Found existing banking type 'ERP' -> d9a45733-9624-42c2-afcc-888ce998dbbe
📥 DOWNLOADING ISSUE-LEVEL ATTACHMENTS FOR ISP-1898
   Total files: 1 (0.97 MB)

   [1/1] ⏭️  SKIP: pgeEntries.mp4 (already attached)

📊 Attachment Summary for ISP-1898:
   ✅ Uploaded: 0
   ⏭️  Skipped: 1
   ❌ Failed: 0

[LABEL] Processing 2 label(s) for ISP-1898
[LABEL-MATCH] Found existing label 'New_ERP' (stored as 'new_erp') -> a9f0bd31-9bc0-4a7b-90fc-2ed53a305e8d
[LABEL-SKIP] Label 'new_erp' already attached to ISP-1898
[LABEL-MATCH] Found existing label 'QA' (stored as 'qa') -> f66526ba-6a94-47b5-8239-f9fae5aa2248
[LABEL-SKIP] Label 'qa' already attached to ISP-1898
[LABEL] Completed processing labels for ISP-1898. Total attached: 2
[DESCRIPTION-VALIDATE] ISP-1898: new_len=367, existing_len=443
[DESCRIPTION-UPDATE] ISP-1898: Updated description (367 chars)
  Previous: <div class="trix-content">
  <p><strong>Repro Steps:</strong></p>
<p><strong>Expected Result</strong>...
  Updated: <p><strong>Repro Steps:</strong></p>
<p><strong>Expected Result</strong></p>
<p>All Inventory list pa...
Processing issue 74/439: ISP-1897
[DEBUG-LABELS] Total labels found for ISP-1897: 2
[USER-FALLBACK] Using default user for 'Kiriba Delphine' -> b3613172-fc54-4742-b2ba-c10b97d15bf4
[USER-MATCH] Matched 'Robert Mbugua Kanyoro' by email: robert.mbugua@craftsilicon.com -> fb1e0a05-f047-4e22-a52b-b9b1fe4b4358
[STATUS-MATCH] Matched status 'In Progress' by name: In Progress -> c805a0e9-73fc-4726-a1ab-d28b9a36469e
[BANKING-MATCH] Found existing banking type 'ERP' -> d9a45733-9624-42c2-afcc-888ce998dbbe
📥 DOWNLOADING ISSUE-LEVEL ATTACHMENTS FOR ISP-1897
   Total files: 2 (9.87 MB)

   [1/2] 📥 Downloading: astrskonEdit.mp4 (7.18 MB)
  Attempt 1/3: Downloading from https://craftsilicon.atlassian.net/rest/api/3/attachment/content/129454...
  Following redirect 1/6 to: https://api.media.atlassian.com/file/65634fd6-786c-4934-ada5-671851eb3168/binary?token=eyJhbGciOiJIUzI1NiJ9.eyJpc3MiOiJiN...
  Attempt 1/3: Downloading from https://api.media.atlassian.com/file/65634fd6-786c-4934-ada5-671851eb3168/binary?token=eyJhbGciOiJIUzI1NiJ9.eyJpc3MiOiJiN...
  ✅ Downloaded 7529800 bytes successfully
[1;34mINFO [0m 2025-12-03T00:01:35.359Z pid=3252343 tid=1xtaz: Sidekiq 8.0.8 connecting to Redis with options {:size=>10, :pool_name=>"internal", :url=>"redis://:REDACTED@localhost:6379/0"}
   ✅ Successfully attached: astrskonEdit.mp4 (verified in storage)
  Attached astrskonEdit.mp4 to defect ISP-1897 (service_exists=true)
   [2/2] 📥 Downloading: missingAsterskonAdd.mp4 (2.69 MB)
  Attempt 1/3: Downloading from https://craftsilicon.atlassian.net/rest/api/3/attachment/content/129455...
  Following redirect 1/6 to: https://api.media.atlassian.com/file/e9d16c13-15cb-4dd5-8cc3-e3d060b09687/binary?token=eyJhbGciOiJIUzI1NiJ9.eyJpc3MiOiJiN...
  Attempt 1/3: Downloading from https://api.media.atlassian.com/file/e9d16c13-15cb-4dd5-8cc3-e3d060b09687/binary?token=eyJhbGciOiJIUzI1NiJ9.eyJpc3MiOiJiN...
  ✅ Downloaded 2822025 bytes successfully
   ✅ Successfully attached: missingAsterskonAdd.mp4 (verified in storage)
  Attached missingAsterskonAdd.mp4 to defect ISP-1897 (service_exists=true)

📊 Attachment Summary for ISP-1897:
   ✅ Uploaded: 2
   ⏭️  Skipped: 0
   ❌ Failed: 0

[LABEL] Processing 2 label(s) for ISP-1897
[LABEL-MATCH] Found existing label 'New_ERP' (stored as 'new_erp') -> a9f0bd31-9bc0-4a7b-90fc-2ed53a305e8d
[LABEL-SKIP] Label 'new_erp' already attached to ISP-1897
[LABEL-MATCH] Found existing label 'QA' (stored as 'qa') -> f66526ba-6a94-47b5-8239-f9fae5aa2248
[LABEL-SKIP] Label 'qa' already attached to ISP-1897
[LABEL] Completed processing labels for ISP-1897. Total attached: 2
[DESCRIPTION-VALIDATE] ISP-1897: new_len=300, existing_len=318
[DESCRIPTION-UPDATE] ISP-1897: Updated description (300 chars)
  Previous: <div class="trix-content">
  <p><strong>Repro Steps:</strong></p>
<p><strong>&nbsp;Actual Result</str...
  Updated: <p><strong>Repro Steps:</strong></p>
<p><strong> Actual Result</strong></p>
<p><strong>Expected Resul...
Processing issue 75/439: ISP-1896
[DEBUG-LABELS] Total labels found for ISP-1896: 2
[USER-MATCH] Matched 'nicholas.mbithuka' by parsed first+last: nicholas Mbithuka -> a4ac82e1-0812-4298-a390-eb72c4248f1a
[USER-MATCH] Matched 'Robert Mbugua Kanyoro' by email: robert.mbugua@craftsilicon.com -> fb1e0a05-f047-4e22-a52b-b9b1fe4b4358
[STATUS-MATCH] Matched status 'In Progress' by name: In Progress -> c805a0e9-73fc-4726-a1ab-d28b9a36469e
[BANKING-MATCH] Found existing banking type 'ERP' -> d9a45733-9624-42c2-afcc-888ce998dbbe
📥 DOWNLOADING ISSUE-LEVEL ATTACHMENTS FOR ISP-1896
   Total files: 1 (1.21 MB)

   [1/1] ⏭️  SKIP: erp-crm-competitors-product-details-defect_Jzb9Ewvk.mp4 (already attached)

📊 Attachment Summary for ISP-1896:
   ✅ Uploaded: 0
   ⏭️  Skipped: 1
   ❌ Failed: 0

[LABEL] Processing 2 label(s) for ISP-1896
[LABEL-MATCH] Found existing label 'New_ERP' (stored as 'new_erp') -> a9f0bd31-9bc0-4a7b-90fc-2ed53a305e8d
[LABEL-SKIP] Label 'new_erp' already attached to ISP-1896
[LABEL-MATCH] Found existing label 'QA' (stored as 'qa') -> f66526ba-6a94-47b5-8239-f9fae5aa2248
[LABEL-SKIP] Label 'qa' already attached to ISP-1896
[LABEL] Completed processing labels for ISP-1896. Total attached: 2
[DESCRIPTION-VALIDATE] ISP-1896: new_len=207, existing_len=243
[DESCRIPTION-UPDATE] ISP-1896: Updated description (207 chars)
  Previous: <div class="trix-content">
  <p><strong>Repro Steps:</strong></p>
<p>Navigate to <strong>CRM → Compet...
  Updated: <p><strong>Repro Steps:</strong></p>
<p>Navigate to <strong>CRM → Competitors</strong>. Click on any ...
Processing issue 76/439: ISP-1895
[DEBUG-LABELS] Total labels found for ISP-1895: 2
[USER-FALLBACK] Using default user for 'Kiriba Delphine' -> b3613172-fc54-4742-b2ba-c10b97d15bf4
[USER-MATCH] Matched 'Robert Mbugua Kanyoro' by email: robert.mbugua@craftsilicon.com -> fb1e0a05-f047-4e22-a52b-b9b1fe4b4358
[STATUS-MATCH] Matched status 'In Progress' by name: In Progress -> c805a0e9-73fc-4726-a1ab-d28b9a36469e
[BANKING-MATCH] Found existing banking type 'ERP' -> d9a45733-9624-42c2-afcc-888ce998dbbe
📥 DOWNLOADING ISSUE-LEVEL ATTACHMENTS FOR ISP-1895
   Total files: 1 (14.7 MB)

   [1/1] ⏭️  SKIP: dcmntMgmtSbmdles.mp4 (already attached)

📊 Attachment Summary for ISP-1895:
   ✅ Uploaded: 0
   ⏭️  Skipped: 1
   ❌ Failed: 0

[LABEL] Processing 2 label(s) for ISP-1895
[LABEL-MATCH] Found existing label 'New_ERP' (stored as 'new_erp') -> a9f0bd31-9bc0-4a7b-90fc-2ed53a305e8d
[LABEL-SKIP] Label 'new_erp' already attached to ISP-1895
[LABEL-MATCH] Found existing label 'QA' (stored as 'qa') -> f66526ba-6a94-47b5-8239-f9fae5aa2248
[LABEL-SKIP] Label 'qa' already attached to ISP-1895
[LABEL] Completed processing labels for ISP-1895. Total attached: 2
[DESCRIPTION-VALIDATE] ISP-1895: new_len=114, existing_len=150
[DESCRIPTION-UPDATE] ISP-1895: Updated description (114 chars)
  Previous: <div class="trix-content">
  <p><strong>Repro Steps:</strong></p>
<p><strong>Actual Result</strong></...
  Updated: <p><strong>Repro Steps:</strong></p>
<p><strong>Actual Result</strong></p>
<p><strong>Expected Result...
Processing issue 77/439: ISP-1894
[DEBUG-LABELS] Total labels found for ISP-1894: 2
[USER-MATCH] Matched 'nicholas.mbithuka' by parsed first+last: nicholas Mbithuka -> a4ac82e1-0812-4298-a390-eb72c4248f1a
[USER-MATCH] Matched 'Robert Mbugua Kanyoro' by email: robert.mbugua@craftsilicon.com -> fb1e0a05-f047-4e22-a52b-b9b1fe4b4358
[STATUS-MATCH] Matched status 'In Progress' by name: In Progress -> c805a0e9-73fc-4726-a1ab-d28b9a36469e
[BANKING-MATCH] Found existing banking type 'ERP' -> d9a45733-9624-42c2-afcc-888ce998dbbe
📥 DOWNLOADING ISSUE-LEVEL ATTACHMENTS FOR ISP-1894
   Total files: 1 (4.2 MB)

   [1/1] ⏭️  SKIP: ERP-Settings Roles and Rights Defects.mp4 (already attached)

📊 Attachment Summary for ISP-1894:
   ✅ Uploaded: 0
   ⏭️  Skipped: 1
   ❌ Failed: 0

[LABEL] Processing 2 label(s) for ISP-1894
[LABEL-MATCH] Found existing label 'New_ERP' (stored as 'new_erp') -> a9f0bd31-9bc0-4a7b-90fc-2ed53a305e8d
[LABEL-SKIP] Label 'new_erp' already attached to ISP-1894
[LABEL-MATCH] Found existing label 'QA' (stored as 'qa') -> f66526ba-6a94-47b5-8239-f9fae5aa2248
[LABEL-SKIP] Label 'qa' already attached to ISP-1894
[LABEL] Completed processing labels for ISP-1894. Total attached: 2
[DESCRIPTION-VALIDATE] ISP-1894: new_len=35, existing_len=71
[DESCRIPTION-UPDATE] ISP-1894: Updated description (35 chars)
Processing issue 78/439: ISP-1893
[DEBUG-LABELS] Total labels found for ISP-1893: 2
[USER-MATCH] Matched 'Michael Wakhungu' by parsed first+last: Michael Wakhungu -> 597e3fd3-bd8d-4416-b3c9-e513fe79905f
[USER-MATCH] Matched 'Robert Mbugua Kanyoro' by email: robert.mbugua@craftsilicon.com -> fb1e0a05-f047-4e22-a52b-b9b1fe4b4358
[STATUS-MATCH] Matched status 'In Progress' by name: In Progress -> c805a0e9-73fc-4726-a1ab-d28b9a36469e
[BANKING-MATCH] Found existing banking type 'ERP' -> d9a45733-9624-42c2-afcc-888ce998dbbe
📥 DOWNLOADING ISSUE-LEVEL ATTACHMENTS FOR ISP-1893
   Total files: 1 (1.13 MB)

   [1/1] ⏭️  SKIP: ISP-1893.mov (already attached)

📊 Attachment Summary for ISP-1893:
   ✅ Uploaded: 0
   ⏭️  Skipped: 1
   ❌ Failed: 0

[LABEL] Processing 2 label(s) for ISP-1893
[LABEL-MATCH] Found existing label 'New_ERP' (stored as 'new_erp') -> a9f0bd31-9bc0-4a7b-90fc-2ed53a305e8d
[LABEL-SKIP] Label 'new_erp' already attached to ISP-1893
[LABEL-MATCH] Found existing label 'QA' (stored as 'qa') -> f66526ba-6a94-47b5-8239-f9fae5aa2248
[LABEL-SKIP] Label 'qa' already attached to ISP-1893
[LABEL] Completed processing labels for ISP-1893. Total attached: 2
[DESCRIPTION-VALIDATE] ISP-1893: new_len=416, existing_len=452
[DESCRIPTION-UPDATE] ISP-1893: Updated description (416 chars)
  Previous: <div class="trix-content">
  <p><strong>Repro Steps:</strong></p>
<p><strong>Actual Results -</strong...
  Updated: <p><strong>Repro Steps:</strong></p>
<p><strong>Actual Results -</strong></p>
<p>The form fails to su...
Processing issue 79/439: ISP-1892
[DEBUG-LABELS] Total labels found for ISP-1892: 2
[USER-MATCH] Matched 'Michael Wakhungu' by parsed first+last: Michael Wakhungu -> 597e3fd3-bd8d-4416-b3c9-e513fe79905f
[USER-MATCH] Matched 'Robert Mbugua Kanyoro' by email: robert.mbugua@craftsilicon.com -> fb1e0a05-f047-4e22-a52b-b9b1fe4b4358
[STATUS-MATCH] Matched status 'In Progress' by name: In Progress -> c805a0e9-73fc-4726-a1ab-d28b9a36469e
[BANKING-MATCH] Found existing banking type 'ERP' -> d9a45733-9624-42c2-afcc-888ce998dbbe
📥 DOWNLOADING ISSUE-LEVEL ATTACHMENTS FOR ISP-1892
   Total files: 1 (4.27 MB)

   [1/1] ⏭️  SKIP: ISP-1892.mov (already attached)

📊 Attachment Summary for ISP-1892:
   ✅ Uploaded: 0
   ⏭️  Skipped: 1
   ❌ Failed: 0

[LABEL] Processing 2 label(s) for ISP-1892
[LABEL-MATCH] Found existing label 'New_ERP' (stored as 'new_erp') -> a9f0bd31-9bc0-4a7b-90fc-2ed53a305e8d
[LABEL-SKIP] Label 'new_erp' already attached to ISP-1892
[LABEL-MATCH] Found existing label 'QA' (stored as 'qa') -> f66526ba-6a94-47b5-8239-f9fae5aa2248
[LABEL-SKIP] Label 'qa' already attached to ISP-1892
[LABEL] Completed processing labels for ISP-1892. Total attached: 2  Error on attempt 1/3: ActiveRecord::RecordNotUnique: PG::UniqueViolation: ERROR:  duplicate key value violates unique constraint "index_active_storage_attachments_uniqueness"
DETAIL:  Key (record_type, record_id, name, blob_id)=(Defect, 6fe18e44-6651-475e-bb32-fec48238b2c3, attachments, 2ebf6f81-d76f-4d61-b185-264669c3e42b) already exists.
  Backtrace: /home/robert/.rbenv/versions/3.3.5/lib/ruby/gems/3.3.0/gems/activerecord-7.2.2.2/lib/active_record/connection_adapters/postgresql_adapter.rb:894:in `exec_params'
           /home/robert/.rbenv/versions/3.3.5/lib/ruby/gems/3.3.0/gems/activerecord-7.2.2.2/lib/active_record/connection_adapters/postgresql_adapter.rb:894:in `block (2 levels) in exec_no_cache'
           /home/robert/.rbenv/versions/3.3.5/lib/ruby/gems/3.3.0/gems/activerecord-7.2.2.2/lib/active_record/connection_adapters/abstract_adapter.rb:1004:in `block in with_raw_connection'
  Error on attempt 2/3: ActiveRecord::RecordNotUnique: PG::UniqueViolation: ERROR:  duplicate key value violates unique constraint "index_active_storage_attachments_uniqueness"
DETAIL:  Key (record_type, record_id, name, blob_id)=(Defect, 6fe18e44-6651-475e-bb32-fec48238b2c3, attachments, 2ebf6f81-d76f-4d61-b185-264669c3e42b) already exists.
  Backtrace: /home/robert/.rbenv/versions/3.3.5/lib/ruby/gems/3.3.0/gems/activerecord-7.2.2.2/lib/active_record/connection_adapters/postgresql_adapter.rb:894:in `exec_params'
           /home/robert/.rbenv/versions/3.3.5/lib/ruby/gems/3.3.0/gems/activerecord-7.2.2.2/lib/active_record/connection_adapters/postgresql_adapter.rb:894:in `block (2 levels) in exec_no_cache'
           /home/robert/.rbenv/versions/3.3.5/lib/ruby/gems/3.3.0/gems/activerecord-7.2.2.2/lib/active_record/connection_adapters/abstract_adapter.rb:1004:in `block in with_raw_connection'
  Error on attempt 3/3: ActiveRecord::RecordNotUnique: PG::UniqueViolation: ERROR:  duplicate key value violates unique constraint "index_active_storage_attachments_uniqueness"
DETAIL:  Key (record_type, record_id, name, blob_id)=(Defect, 6fe18e44-6651-475e-bb32-fec48238b2c3, attachments, 2ebf6f81-d76f-4d61-b185-264669c3e42b) already exists.
  Backtrace: /home/robert/.rbenv/versions/3.3.5/lib/ruby/gems/3.3.0/gems/activerecord-7.2.2.2/lib/active_record/connection_adapters/postgresql_adapter.rb:894:in `exec_params'
           /home/robert/.rbenv/versions/3.3.5/lib/ruby/gems/3.3.0/gems/activerecord-7.2.2.2/lib/active_record/connection_adapters/postgresql_adapter.rb:894:in `block (2 levels) in exec_no_cache'
           /home/robert/.rbenv/versions/3.3.5/lib/ruby/gems/3.3.0/gems/activerecord-7.2.2.2/lib/active_record/connection_adapters/abstract_adapter.rb:1004:in `block in with_raw_connection'
  ❌ FAILED after 3 attempts
  Error on attempt 1/3: ActiveRecord::RecordNotUnique: PG::UniqueViolation: ERROR:  duplicate key value violates unique constraint "index_active_storage_attachments_uniqueness"
DETAIL:  Key (record_type, record_id, name, blob_id)=(Defect, cf535c94-b4ca-4d94-8d43-73e1bfa9d1db, attachments, b643d44e-7278-4798-8b4b-6c13cc72218f) already exists.
  Backtrace: /home/robert/.rbenv/versions/3.3.5/lib/ruby/gems/3.3.0/gems/activerecord-7.2.2.2/lib/active_record/connection_adapters/postgresql_adapter.rb:894:in `exec_params'
           /home/robert/.rbenv/versions/3.3.5/lib/ruby/gems/3.3.0/gems/activerecord-7.2.2.2/lib/active_record/connection_adapters/postgresql_adapter.rb:894:in `block (2 levels) in exec_no_cache'
           /home/robert/.rbenv/versions/3.3.5/lib/ruby/gems/3.3.0/gems/activerecord-7.2.2.2/lib/active_record/connection_adapters/abstract_adapter.rb:1004:in `block in with_raw_connection'
  Error on attempt 2/3: ActiveRecord::RecordNotUnique: PG::UniqueViolation: ERROR:  duplicate key value violates unique constraint "index_active_storage_attachments_uniqueness"
DETAIL:  Key (record_type, record_id, name, blob_id)=(Defect, cf535c94-b4ca-4d94-8d43-73e1bfa9d1db, attachments, b643d44e-7278-4798-8b4b-6c13cc72218f) already exists.
  Backtrace: /home/robert/.rbenv/versions/3.3.5/lib/ruby/gems/3.3.0/gems/activerecord-7.2.2.2/lib/active_record/connection_adapters/postgresql_adapter.rb:894:in `exec_params'
           /home/robert/.rbenv/versions/3.3.5/lib/ruby/gems/3.3.0/gems/activerecord-7.2.2.2/lib/active_record/connection_adapters/postgresql_adapter.rb:894:in `block (2 levels) in exec_no_cache'
           /home/robert/.rbenv/versions/3.3.5/lib/ruby/gems/3.3.0/gems/activerecord-7.2.2.2/lib/active_record/connection_adapters/abstract_adapter.rb:1004:in `block in with_raw_connection'

[DESCRIPTION-VALIDATE] ISP-1892: new_len=120, existing_len=156
[DESCRIPTION-UPDATE] ISP-1892: Updated description (120 chars)
  Previous: <div class="trix-content">
  <p><strong>Repro Steps:</strong></p>
<p><strong>Actual Results -</strong...
  Updated: <p><strong>Repro Steps:</strong></p>
<p><strong>Actual Results -</strong></p>
<p><strong>Expected Res...
Processing issue 80/439: ISP-1891
[DEBUG-LABELS] Total labels found for ISP-1891: 2
[USER-MATCH] Matched 'Michael Wakhungu' by parsed first+last: Michael Wakhungu -> 597e3fd3-bd8d-4416-b3c9-e513fe79905f
[USER-MATCH] Matched 'Robert Mbugua Kanyoro' by email: robert.mbugua@craftsilicon.com -> fb1e0a05-f047-4e22-a52b-b9b1fe4b4358
[STATUS-MATCH] Matched status 'In Progress' by name: In Progress -> c805a0e9-73fc-4726-a1ab-d28b9a36469e
[BANKING-MATCH] Found existing banking type 'ERP' -> d9a45733-9624-42c2-afcc-888ce998dbbe
📥 DOWNLOADING ISSUE-LEVEL ATTACHMENTS FOR ISP-1891
   Total files: 1 (4.23 MB)

   [1/1] 📥 Downloading: ISP-1891.mov (4.23 MB)
  Attempt 1/3: Downloading from https://craftsilicon.atlassian.net/rest/api/3/attachment/content/129410...
  Following redirect 1/6 to: https://api.media.atlassian.com/file/955b892e-3f9c-411a-891c-a22532b5a222/binary?token=eyJhbGciOiJIUzI1NiJ9.eyJpc3MiOiJiN...
  Attempt 1/3: Downloading from https://api.media.atlassian.com/file/955b892e-3f9c-411a-891c-a22532b5a222/binary?token=eyJhbGciOiJIUzI1NiJ9.eyJpc3MiOiJiN...
  ✅ Downloaded 4431672 bytes successfully
  ⏳ Retrying in 2s...
  Attempt 2/3: Downloading from https://craftsilicon.atlassian.net/rest/api/3/attachment/content/129410...
  Following redirect 1/6 to: https://api.media.atlassian.com/file/955b892e-3f9c-411a-891c-a22532b5a222/binary?token=eyJhbGciOiJIUzI1NiJ9.eyJpc3MiOiJiN...
  Attempt 2/3: Downloading from https://api.media.atlassian.com/file/955b892e-3f9c-411a-891c-a22532b5a222/binary?token=eyJhbGciOiJIUzI1NiJ9.eyJpc3MiOiJiN...
  ✅ Downloaded 4431672 bytes successfully
  ⏳ Retrying in 4s...
  Attempt 3/3: Downloading from https://craftsilicon.atlassian.net/rest/api/3/attachment/content/129410...
  Following redirect 1/6 to: https://api.media.atlassian.com/file/955b892e-3f9c-411a-891c-a22532b5a222/binary?token=eyJhbGciOiJIUzI1NiJ9.eyJpc3MiOiJiN...
  Attempt 3/3: Downloading from https://api.media.atlassian.com/file/955b892e-3f9c-411a-891c-a22532b5a222/binary?token=eyJhbGciOiJIUzI1NiJ9.eyJpc3MiOiJiN...
  ✅ Downloaded 4431672 bytes successfully

📊 Attachment Summary for ISP-1891:
   ✅ Uploaded: 0
   ⏭️  Skipped: 0
   ❌ Failed: 1

[LABEL] Processing 2 label(s) for ISP-1891
[LABEL-MATCH] Found existing label 'New_ERP' (stored as 'new_erp') -> a9f0bd31-9bc0-4a7b-90fc-2ed53a305e8d
[LABEL-SKIP] Label 'new_erp' already attached to ISP-1891
[LABEL-MATCH] Found existing label 'QA' (stored as 'qa') -> f66526ba-6a94-47b5-8239-f9fae5aa2248
[LABEL-SKIP] Label 'qa' already attached to ISP-1891
[LABEL] Completed processing labels for ISP-1891. Total attached: 2
[DESCRIPTION-VALIDATE] ISP-1891: new_len=1027, existing_len=1042
[DESCRIPTION-UPDATE] ISP-1891: Updated description (1027 chars)
  Previous: <div class="trix-content">
  <p><strong>Repro Steps:</strong></p>
<p><strong>Scenario 1</strong></p>
...
  Updated: <p><strong>Repro Steps:</strong></p>
<p><strong>Scenario 1</strong></p>
<p>Enter valid <strong>Expect...
Processing issue 81/439: ISP-1890
[DEBUG-LABELS] Total labels found for ISP-1890: 2
[USER-MATCH] Matched 'Michael Wakhungu' by parsed first+last: Michael Wakhungu -> 597e3fd3-bd8d-4416-b3c9-e513fe79905f
[USER-MATCH] Matched 'Robert Mbugua Kanyoro' by email: robert.mbugua@craftsilicon.com -> fb1e0a05-f047-4e22-a52b-b9b1fe4b4358
[STATUS-MATCH] Matched status 'In Progress' by name: In Progress -> c805a0e9-73fc-4726-a1ab-d28b9a36469e
[BANKING-MATCH] Found existing banking type 'ERP' -> d9a45733-9624-42c2-afcc-888ce998dbbe
📥 DOWNLOADING ISSUE-LEVEL ATTACHMENTS FOR ISP-1890
   Total files: 1 (2.48 MB)

   [1/1] ⏭️  SKIP: ISP-1890.mov (already attached)

📊 Attachment Summary for ISP-1890:
   ✅ Uploaded: 0
   ⏭️  Skipped: 1
   ❌ Failed: 0

[LABEL] Processing 2 label(s) for ISP-1890
[LABEL-MATCH] Found existing label 'New_ERP' (stored as 'new_erp') -> a9f0bd31-9bc0-4a7b-90fc-2ed53a305e8d
[LABEL-SKIP] Label 'new_erp' already attached to ISP-1890
[LABEL-MATCH] Found existing label 'QA' (stored as 'qa') -> f66526ba-6a94-47b5-8239-f9fae5aa2248
[LABEL-SKIP] Label 'qa' already attached to ISP-1890
[LABEL] Completed processing labels for ISP-1890. Total attached: 2
[DESCRIPTION-VALIDATE] ISP-1890: new_len=427, existing_len=468
[DESCRIPTION-UPDATE] ISP-1890: Updated description (427 chars)
  Previous: <div class="trix-content">
  <p><strong>Repro Steps:</strong></p>
<p><strong>Actual Result –&nbsp;</s...
  Updated: <p><strong>Repro Steps:</strong></p>
<p><strong>Actual Result – </strong></p>
<p>The system allows sa...
Processing issue 82/439: ISP-1889
[DEBUG-LABELS] Total labels found for ISP-1889: 2
[USER-MATCH] Matched 'archana.verma' by parsed first+last: archana verma -> 7b5370b5-abcd-4ad2-908b-1791ca40d9c9
[USER-MATCH] Matched 'Robert Mbugua Kanyoro' by email: robert.mbugua@craftsilicon.com -> fb1e0a05-f047-4e22-a52b-b9b1fe4b4358
[STATUS-MATCH] Matched status 'In Progress' by name: In Progress -> c805a0e9-73fc-4726-a1ab-d28b9a36469e
[BANKING-MATCH] Found existing banking type 'ERP' -> d9a45733-9624-42c2-afcc-888ce998dbbe
📥 DOWNLOADING ISSUE-LEVEL ATTACHMENTS FOR ISP-1889
   Total files: 1 (9.08 MB)

   [1/1] ⏭️  SKIP: ISP-1889-Login issue.mp4 (already attached)

📊 Attachment Summary for ISP-1889:
   ✅ Uploaded: 0
   ⏭️  Skipped: 1
   ❌ Failed: 0

[LABEL] Processing 2 label(s) for ISP-1889
[LABEL-MATCH] Found existing label 'New_ERP' (stored as 'new_erp') -> a9f0bd31-9bc0-4a7b-90fc-2ed53a305e8d
[LABEL-SKIP] Label 'new_erp' already attached to ISP-1889
[LABEL-MATCH] Found existing label 'QA' (stored as 'qa') -> f66526ba-6a94-47b5-8239-f9fae5aa2248
[LABEL-SKIP] Label 'qa' already attached to ISP-1889
[LABEL] Completed processing labels for ISP-1889. Total attached: 2
[DESCRIPTION-VALIDATE] ISP-1889: new_len=934, existing_len=947
[DESCRIPTION-UPDATE] ISP-1889: Updated description (934 chars)
  Previous: <div class="trix-content">
  <p><strong>Actual Result-Some of the screens are accessible while for mo...
  Updated: <p><strong>Actual Result-Some of the screens are accessible while for most of the screens </strong><s...
Processing issue 83/439: ISP-1888
[DEBUG-LABELS] Total labels found for ISP-1888: 2
[USER-FALLBACK] Using default user for 'Stephen Mungai' -> b3613172-fc54-4742-b2ba-c10b97d15bf4
[USER-MATCH] Matched 'Robert Mbugua Kanyoro' by email: robert.mbugua@craftsilicon.com -> fb1e0a05-f047-4e22-a52b-b9b1fe4b4358
[STATUS-MATCH] Matched status 'In Progress' by name: In Progress -> c805a0e9-73fc-4726-a1ab-d28b9a36469e
[BANKING-MATCH] Found existing banking type 'ERP' -> d9a45733-9624-42c2-afcc-888ce998dbbe
📥 DOWNLOADING ISSUE-LEVEL ATTACHMENTS FOR ISP-1888
   Total files: 1 (7.03 MB)

   [1/1] 📥 Downloading: Reply from User copied in Mail.mp4 (7.03 MB)
  Attempt 1/3: Downloading from https://craftsilicon.atlassian.net/rest/api/3/attachment/content/129374...
  Following redirect 1/6 to: https://api.media.atlassian.com/file/e4bcdb70-3f29-44e7-8da7-11317d15ef2b/binary?token=eyJhbGciOiJIUzI1NiJ9.eyJpc3MiOiJiN...
  Attempt 1/3: Downloading from https://api.media.atlassian.com/file/e4bcdb70-3f29-44e7-8da7-11317d15ef2b/binary?token=eyJhbGciOiJIUzI1NiJ9.eyJpc3MiOiJiN...
  ✅ Downloaded 7368615 bytes successfully
  ⏳ Retrying in 2s...
  Attempt 2/3: Downloading from https://craftsilicon.atlassian.net/rest/api/3/attachment/content/129374...
  Following redirect 1/6 to: https://api.media.atlassian.com/file/e4bcdb70-3f29-44e7-8da7-11317d15ef2b/binary?token=eyJhbGciOiJIUzI1NiJ9.eyJpc3MiOiJiN...
  Attempt 2/3: Downloading from https://api.media.atlassian.com/file/e4bcdb70-3f29-44e7-8da7-11317d15ef2b/binary?token=eyJhbGciOiJIUzI1NiJ9.eyJpc3MiOiJiN...
  ✅ Downloaded 7368615 bytes successfully
  ⏳ Retrying in 4s...
  Attempt 3/3: Downloading from https://craftsilicon.atlassian.net/rest/api/3/attachment/content/129374...
  Following redirect 1/6 to: https://api.media.atlassian.com/file/e4bcdb70-3f29-44e7-8da7-11317d15ef2b/binary?token=eyJhbGciOiJIUzI1NiJ9.eyJpc3MiOiJiN...  Error on attempt 3/3: ActiveRecord::RecordNotUnique: PG::UniqueViolation: ERROR:  duplicate key value violates unique constraint "index_active_storage_attachments_uniqueness"
DETAIL:  Key (record_type, record_id, name, blob_id)=(Defect, cf535c94-b4ca-4d94-8d43-73e1bfa9d1db, attachments, b643d44e-7278-4798-8b4b-6c13cc72218f) already exists.
  Backtrace: /home/robert/.rbenv/versions/3.3.5/lib/ruby/gems/3.3.0/gems/activerecord-7.2.2.2/lib/active_record/connection_adapters/postgresql_adapter.rb:894:in `exec_params'
           /home/robert/.rbenv/versions/3.3.5/lib/ruby/gems/3.3.0/gems/activerecord-7.2.2.2/lib/active_record/connection_adapters/postgresql_adapter.rb:894:in `block (2 levels) in exec_no_cache'
           /home/robert/.rbenv/versions/3.3.5/lib/ruby/gems/3.3.0/gems/activerecord-7.2.2.2/lib/active_record/connection_adapters/abstract_adapter.rb:1004:in `block in with_raw_connection'
  ❌ FAILED after 3 attempts
  Error on attempt 1/3: ActiveRecord::RecordNotUnique: PG::UniqueViolation: ERROR:  duplicate key value violates unique constraint "index_active_storage_attachments_uniqueness"
DETAIL:  Key (record_type, record_id, name, blob_id)=(Defect, 2dbf3f21-bdf5-4b3e-bdcc-6b7b40cbe5e8, attachments, e1b25562-106a-4f5a-8ced-f674ab5e7ef4) already exists.
  Backtrace: /home/robert/.rbenv/versions/3.3.5/lib/ruby/gems/3.3.0/gems/activerecord-7.2.2.2/lib/active_record/connection_adapters/postgresql_adapter.rb:894:in `exec_params'
           /home/robert/.rbenv/versions/3.3.5/lib/ruby/gems/3.3.0/gems/activerecord-7.2.2.2/lib/active_record/connection_adapters/postgresql_adapter.rb:894:in `block (2 levels) in exec_no_cache'
           /home/robert/.rbenv/versions/3.3.5/lib/ruby/gems/3.3.0/gems/activerecord-7.2.2.2/lib/active_record/connection_adapters/abstract_adapter.rb:1004:in `block in with_raw_connection'
  Error on attempt 2/3: ActiveRecord::RecordNotUnique: PG::UniqueViolation: ERROR:  duplicate key value violates unique constraint "index_active_storage_attachments_uniqueness"
DETAIL:  Key (record_type, record_id, name, blob_id)=(Defect, 2dbf3f21-bdf5-4b3e-bdcc-6b7b40cbe5e8, attachments, e1b25562-106a-4f5a-8ced-f674ab5e7ef4) already exists.
  Backtrace: /home/robert/.rbenv/versions/3.3.5/lib/ruby/gems/3.3.0/gems/activerecord-7.2.2.2/lib/active_record/connection_adapters/postgresql_adapter.rb:894:in `exec_params'
           /home/robert/.rbenv/versions/3.3.5/lib/ruby/gems/3.3.0/gems/activerecord-7.2.2.2/lib/active_record/connection_adapters/postgresql_adapter.rb:894:in `block (2 levels) in exec_no_cache'
           /home/robert/.rbenv/versions/3.3.5/lib/ruby/gems/3.3.0/gems/activerecord-7.2.2.2/lib/active_record/connection_adapters/abstract_adapter.rb:1004:in `block in with_raw_connection'
  Error on attempt 3/3: ActiveRecord::RecordNotUnique: PG::UniqueViolation: ERROR:  duplicate key value violates unique constraint "index_active_storage_attachments_uniqueness"
DETAIL:  Key (record_type, record_id, name, blob_id)=(Defect, 2dbf3f21-bdf5-4b3e-bdcc-6b7b40cbe5e8, attachments, e1b25562-106a-4f5a-8ced-f674ab5e7ef4) already exists.
  Backtrace: /home/robert/.rbenv/versions/3.3.5/lib/ruby/gems/3.3.0/gems/activerecord-7.2.2.2/lib/active_record/connection_adapters/postgresql_adapter.rb:894:in `exec_params'
           /home/robert/.rbenv/versions/3.3.5/lib/ruby/gems/3.3.0/gems/activerecord-7.2.2.2/lib/active_record/connection_adapters/postgresql_adapter.rb:894:in `block (2 levels) in exec_no_cache'
           /home/robert/.rbenv/versions/3.3.5/lib/ruby/gems/3.3.0/gems/activerecord-7.2.2.2/lib/active_record/connection_adapters/abstract_adapter.rb:1004:in `block in with_raw_connection'
  ❌ FAILED after 3 attempts

  Attempt 3/3: Downloading from https://api.media.atlassian.com/file/e4bcdb70-3f29-44e7-8da7-11317d15ef2b/binary?token=eyJhbGciOiJIUzI1NiJ9.eyJpc3MiOiJiN...
  ✅ Downloaded 7368615 bytes successfully

📊 Attachment Summary for ISP-1888:
   ✅ Uploaded: 0
   ⏭️  Skipped: 0
   ❌ Failed: 1

[LABEL] Processing 2 label(s) for ISP-1888
[LABEL-MATCH] Found existing label 'New_ERP' (stored as 'new_erp') -> a9f0bd31-9bc0-4a7b-90fc-2ed53a305e8d
[LABEL-SKIP] Label 'new_erp' already attached to ISP-1888
[LABEL-MATCH] Found existing label 'QA' (stored as 'qa') -> f66526ba-6a94-47b5-8239-f9fae5aa2248
[LABEL-SKIP] Label 'qa' already attached to ISP-1888
[LABEL] Completed processing labels for ISP-1888. Total attached: 2
[DESCRIPTION-VALIDATE] ISP-1888: new_len=118, existing_len=154
[DESCRIPTION-UPDATE] ISP-1888: Updated description (118 chars)
  Previous: <div class="trix-content">
  <p><strong>Repro Steps:</strong></p>
<p><strong>Actual Results:</strong>...
  Updated: <p><strong>Repro Steps:</strong></p>
<p><strong>Actual Results:</strong></p>
<p><strong>Expected Resu...
Processing issue 84/439: ISP-1887
[DEBUG-LABELS] Total labels found for ISP-1887: 2
[USER-FALLBACK] Using default user for 'Stephen Mungai' -> b3613172-fc54-4742-b2ba-c10b97d15bf4
[USER-MATCH] Matched 'Robert Mbugua Kanyoro' by email: robert.mbugua@craftsilicon.com -> fb1e0a05-f047-4e22-a52b-b9b1fe4b4358
[STATUS-MATCH] Matched status 'In Progress' by name: In Progress -> c805a0e9-73fc-4726-a1ab-d28b9a36469e
[BANKING-MATCH] Found existing banking type 'ERP' -> d9a45733-9624-42c2-afcc-888ce998dbbe
📥 DOWNLOADING ISSUE-LEVEL ATTACHMENTS FOR ISP-1887
   Total files: 2 (10.92 MB)

   [1/2] ⏭️  SKIP: Not Equal To CSV and TXT Error.mp4 (already attached)
   [2/2] ⏭️  SKIP: Tagging Rule Contains Error.mp4 (already attached)

📊 Attachment Summary for ISP-1887:
   ✅ Uploaded: 0
   ⏭️  Skipped: 2
   ❌ Failed: 0

[LABEL] Processing 2 label(s) for ISP-1887
[LABEL-MATCH] Found existing label 'New_ERP' (stored as 'new_erp') -> a9f0bd31-9bc0-4a7b-90fc-2ed53a305e8d
[LABEL-SKIP] Label 'new_erp' already attached to ISP-1887
[LABEL-MATCH] Found existing label 'QA' (stored as 'qa') -> f66526ba-6a94-47b5-8239-f9fae5aa2248
[LABEL-SKIP] Label 'qa' already attached to ISP-1887
[LABEL] Completed processing labels for ISP-1887. Total attached: 2
[DESCRIPTION-VALIDATE] ISP-1887: new_len=267, existing_len=303
[DESCRIPTION-UPDATE] ISP-1887: Updated description (267 chars)
  Previous: <div class="trix-content">
  <p><strong>Repro Steps</strong></p>
<p><strong>Actual Results</strong></...
  Updated: <p><strong>Repro Steps</strong></p>
<p><strong>Actual Results</strong></p>
<p>The system is unable to...
Processing issue 85/439: ISP-1886
[DEBUG-LABELS] Total labels found for ISP-1886: 2
[USER-FALLBACK] Using default user for 'Stephen Mungai' -> b3613172-fc54-4742-b2ba-c10b97d15bf4
[USER-MATCH] Matched 'Robert Mbugua Kanyoro' by email: robert.mbugua@craftsilicon.com -> fb1e0a05-f047-4e22-a52b-b9b1fe4b4358
[STATUS-MATCH] Matched status 'In Progress' by name: In Progress -> c805a0e9-73fc-4726-a1ab-d28b9a36469e
[BANKING-MATCH] Found existing banking type 'ERP' -> d9a45733-9624-42c2-afcc-888ce998dbbe
📥 DOWNLOADING ISSUE-LEVEL ATTACHMENTS FOR ISP-1886
   Total files: 1 (7.26 MB)

   [1/1] 📥 Downloading: Tagging Rule Title.mp4 (7.26 MB)
  Attempt 1/3: Downloading from https://craftsilicon.atlassian.net/rest/api/3/attachment/content/129368...
  Following redirect 1/6 to: https://api.media.atlassian.com/file/46094693-0078-4649-8622-601119bb45eb/binary?token=eyJhbGciOiJIUzI1NiJ9.eyJpc3MiOiJiN...
  Attempt 1/3: Downloading from https://api.media.atlassian.com/file/46094693-0078-4649-8622-601119bb45eb/binary?token=eyJhbGciOiJIUzI1NiJ9.eyJpc3MiOiJiN...
  ✅ Downloaded 7608512 bytes successfully
  ⏳ Retrying in 2s...
  Attempt 2/3: Downloading from https://craftsilicon.atlassian.net/rest/api/3/attachment/content/129368...
  Following redirect 1/6 to: https://api.media.atlassian.com/file/46094693-0078-4649-8622-601119bb45eb/binary?token=eyJhbGciOiJIUzI1NiJ9.eyJpc3MiOiJiN...
  Attempt 2/3: Downloading from https://api.media.atlassian.com/file/46094693-0078-4649-8622-601119bb45eb/binary?token=eyJhbGciOiJIUzI1NiJ9.eyJpc3MiOiJiN...
  ✅ Downloaded 7608512 bytes successfully
  ⏳ Retrying in 4s...
  Attempt 3/3: Downloading from https://craftsilicon.atlassian.net/rest/api/3/attachment/content/129368...
  Following redirect 1/6 to: https://api.media.atlassian.com/file/46094693-0078-4649-8622-601119bb45eb/binary?token=eyJhbGciOiJIUzI1NiJ9.eyJpc3MiOiJiN...
  Attempt 3/3: Downloading from https://api.media.atlassian.com/file/46094693-0078-4649-8622-601119bb45eb/binary?token=eyJhbGciOiJIUzI1NiJ9.eyJpc3MiOiJiN...
  ✅ Downloaded 7608512 bytes successfully

📊 Attachment Summary for ISP-1886:
   ✅ Uploaded: 0
   ⏭️  Skipped: 0
   ❌ Failed: 1

[LABEL] Processing 2 label(s) for ISP-1886
[LABEL-MATCH] Found existing label 'New_ERP' (stored as 'new_erp') -> a9f0bd31-9bc0-4a7b-90fc-2ed53a305e8d
[LABEL-SKIP] Label 'new_erp' already attached to ISP-1886
[LABEL-MATCH] Found existing label 'QA' (stored as 'qa') -> f66526ba-6a94-47b5-8239-f9fae5aa2248
[LABEL-SKIP] Label 'qa' already attached to ISP-1886
[LABEL] Completed processing labels for ISP-1886. Total attached: 2
[DESCRIPTION-VALIDATE] ISP-1886: new_len=511, existing_len=551
[DESCRIPTION-UPDATE] ISP-1886: Updated description (511 chars)
  Previous: <div class="trix-content">
  <p><strong>Repro Steps:</strong></p>
<p><strong>Actual Results</strong><...
  Updated: <p><strong>Repro Steps:</strong></p>
<p><strong>Actual Results</strong></p>
<p>The system applies the...
Processing issue 86/439: ISP-1885
[DEBUG-LABELS] Total labels found for ISP-1885: 3
[USER-MATCH] Matched 'archana.verma' by parsed first+last: archana verma -> 7b5370b5-abcd-4ad2-908b-1791ca40d9c9
[USER-MATCH] Matched 'Robert Mbugua Kanyoro' by email: robert.mbugua@craftsilicon.com -> fb1e0a05-f047-4e22-a52b-b9b1fe4b4358
[STATUS-MATCH] Matched status 'In Progress' by name: In Progress -> c805a0e9-73fc-4726-a1ab-d28b9a36469e
[BANKING-MATCH] Found existing banking type 'ERP' -> d9a45733-9624-42c2-afcc-888ce998dbbe
📥 DOWNLOADING ISSUE-LEVEL ATTACHMENTS FOR ISP-1885
   Total files: 1 (7.03 MB)

   [1/1] ⏭️  SKIP: ISP-1885-New Tender.mp4 (already attached)

📊 Attachment Summary for ISP-1885:
   ✅ Uploaded: 0
   ⏭️  Skipped: 1
   ❌ Failed: 0

[LABEL] Processing 3 label(s) for ISP-1885
[LABEL-MATCH] Found existing label 'Blocker' (stored as 'blocker') -> 53446826-4aac-4ac5-bcac-9aadd9a0f375
[LABEL-SKIP] Label 'blocker' already attached to ISP-1885
[LABEL-MATCH] Found existing label 'New_ERP' (stored as 'new_erp') -> a9f0bd31-9bc0-4a7b-90fc-2ed53a305e8d
[LABEL-SKIP] Label 'new_erp' already attached to ISP-1885
[LABEL-MATCH] Found existing label 'QA' (stored as 'qa') -> f66526ba-6a94-47b5-8239-f9fae5aa2248
[LABEL-SKIP] Label 'qa' already attached to ISP-1885
[LABEL] Completed processing labels for ISP-1885. Total attached: 3
[DESCRIPTION-VALIDATE] ISP-1885: new_len=318, existing_len=331
[DESCRIPTION-UPDATE] ISP-1885: Updated description (318 chars)
  Previous: <div class="trix-content">
  <p><strong>Actual Result-</strong><span>500 server error is displayed. H...
  Updated: <p><strong>Actual Result-</strong><span style="color: #ff5630">500 server error is displayed. Hence n...
Processing issue 87/439: ISP-1884
[DEBUG-LABELS] Total labels found for ISP-1884: 2
[USER-FALLBACK] Using default user for 'Kiriba Delphine' -> b3613172-fc54-4742-b2ba-c10b97d15bf4
[USER-MATCH] Matched 'Robert Mbugua Kanyoro' by email: robert.mbugua@craftsilicon.com -> fb1e0a05-f047-4e22-a52b-b9b1fe4b4358
[STATUS-MATCH] Matched status 'In Progress' by name: In Progress -> c805a0e9-73fc-4726-a1ab-d28b9a36469e
[BANKING-MATCH] Found existing banking type 'ERP' -> d9a45733-9624-42c2-afcc-888ce998dbbe
📥 DOWNLOADING ISSUE-LEVEL ATTACHMENTS FOR ISP-1884
   Total files: 1 (2.69 MB)

   [1/1] ⏭️  SKIP: missingAsterskonAdd.mp4 (already attached)

📊 Attachment Summary for ISP-1884:
   ✅ Uploaded: 0
   ⏭️  Skipped: 1
   ❌ Failed: 0

[LABEL] Processing 2 label(s) for ISP-1884
[LABEL-MATCH] Found existing label 'New_ERP' (stored as 'new_erp') -> a9f0bd31-9bc0-4a7b-90fc-2ed53a305e8d
[LABEL-SKIP] Label 'new_erp' already attached to ISP-1884
[LABEL-MATCH] Found existing label 'QA' (stored as 'qa') -> f66526ba-6a94-47b5-8239-f9fae5aa2248
[LABEL-SKIP] Label 'qa' already attached to ISP-1884
[LABEL] Completed processing labels for ISP-1884. Total attached: 2
[DESCRIPTION-VALIDATE] ISP-1884: new_len=114, existing_len=150
[DESCRIPTION-UPDATE] ISP-1884: Updated description (114 chars)
  Previous: <div class="trix-content">
  <p><strong>Repro Steps:</strong></p>
<p><strong>Actual Result</strong></...
  Updated: <p><strong>Repro Steps:</strong></p>
<p><strong>Actual Result</strong></p>
<p><strong>Expected Result...
Processing issue 88/439: ISP-1883
[DEBUG-LABELS] Total labels found for ISP-1883: 2
[USER-FALLBACK] Using default user for 'Kiriba Delphine' -> b3613172-fc54-4742-b2ba-c10b97d15bf4
[USER-MATCH] Matched 'Robert Mbugua Kanyoro' by email: robert.mbugua@craftsilicon.com -> fb1e0a05-f047-4e22-a52b-b9b1fe4b4358
[STATUS-MATCH] Matched status 'Awaiting Build' by name: Awaiting Build -> bf46baa0-8c97-4afe-a65a-a300e43d70e6
[BANKING-MATCH] Found existing banking type 'ERP' -> d9a45733-9624-42c2-afcc-888ce998dbbe
📥 DOWNLOADING ISSUE-LEVEL ATTACHMENTS FOR ISP-1883
   Total files: 3 (1.86 MB)

   [1/3] ⏭️  SKIP: image-20251201-124637.png (already attached)
   [2/3] ⏭️  SKIP: image-20251201-124910.png (already attached)
   [3/3] 📥 Downloading: systmdefaultBranch.mp4 (1.63 MB)
  Attempt 1/3: Downloading from https://craftsilicon.atlassian.net/rest/api/3/attachment/content/129363...
  Following redirect 1/6 to: https://api.media.atlassian.com/file/3bf3e277-d5d4-45b0-bbda-7f15c4ffd621/binary?token=eyJhbGciOiJIUzI1NiJ9.eyJpc3MiOiJiN...
  Attempt 1/3: Downloading from https://api.media.atlassian.com/file/3bf3e277-d5d4-45b0-bbda-7f15c4ffd621/binary?token=eyJhbGciOiJIUzI1NiJ9.eyJpc3MiOiJiN...
  ✅ Downloaded 1711595 bytes successfully
   ✅ Successfully attached: systmdefaultBranch.mp4 (verified in storage)
  Attached systmdefaultBranch.mp4 to defect ISP-1883 (service_exists=true)

📊 Attachment Summary for ISP-1883:
   ✅ Uploaded: 1
   ⏭️  Skipped: 2
   ❌ Failed: 0

[LABEL] Processing 2 label(s) for ISP-1883
[LABEL-MATCH] Found existing label 'New_ERP' (stored as 'new_erp') -> a9f0bd31-9bc0-4a7b-90fc-2ed53a305e8d
[LABEL-ATTACH] Successfully attached label 'new_erp' (ID: a9f0bd31-9bc0-4a7b-90fc-2ed53a305e8d) to ISP-1883
[LABEL-MATCH] Found existing label 'QA' (stored as 'qa') -> f66526ba-6a94-47b5-8239-f9fae5aa2248
[LABEL-ATTACH] Successfully attached label 'qa' (ID: f66526ba-6a94-47b5-8239-f9fae5aa2248) to ISP-1883
[LABEL] Completed processing labels for ISP-1883. Total attached: 2
[COMMENTS] Importing 1 comment(s) for ISP-1883...
[USER-MATCH] Matched 'Robert Mbugua Kanyoro' by email: robert.mbugua@craftsilicon.com -> fb1e0a05-f047-4e22-a52b-b9b1fe4b4358
[RICH-TEXT] Comment 1 contains: color
[IMPORT] Added rich text comment by Robert Mbugua Kanyoro to ISP-1883 (id=3bba80c9-4dbb-422d-bd13-2cb2e05e381d, length=82)
[DESCRIPTION-VALIDATE] ISP-1883: new_len=558, existing_len=594
[DESCRIPTION-UPDATE] ISP-1883: Updated description (558 chars)
  Previous: <div class="trix-content">
  <p><strong>Repro</strong><strong>Steps:</strong></p>
<p><strong>Actual R...
  Updated: <p><strong>Repro</strong><strong>Steps:</strong></p>
<p><strong>Actual Result</strong></p>
<p>The sys...
Processing issue 89/439: ISP-1882
[DEBUG-LABELS] Total labels found for ISP-1882: 2
[USER-MATCH] Matched 'archana.verma' by parsed first+last: archana verma -> 7b5370b5-abcd-4ad2-908b-1791ca40d9c9
[USER-MATCH] Matched 'Robert Mbugua Kanyoro' by email: robert.mbugua@craftsilicon.com -> fb1e0a05-f047-4e22-a52b-b9b1fe4b4358
[STATUS-MATCH] Matched status 'In Progress' by name: In Progress -> c805a0e9-73fc-4726-a1ab-d28b9a36469e
[BANKING-MATCH] Found existing banking type 'ERP' -> d9a45733-9624-42c2-afcc-888ce998dbbe
📥 DOWNLOADING ISSUE-LEVEL ATTACHMENTS FOR ISP-1882
   Total files: 1 (25.8 MB)

   [1/1] 📥 Downloading: ISP-1882, 1880-Consolidated Needs defects.mp4 (25.8 MB)
  Attempt 1/5: Downloading from https://craftsilicon.atlassian.net/rest/api/3/attachment/content/129361...
  Following redirect 1/6 to: https://api.media.atlassian.com/file/9f50898f-3aa2-4a62-a08c-4956488c41f4/binary?token=eyJhbGciOiJIUzI1NiJ9.eyJpc3MiOiJiN...
  Attempt 1/5: Downloading from https://api.media.atlassian.com/file/9f50898f-3aa2-4a62-a08c-4956488c41f4/binary?token=eyJhbGciOiJIUzI1NiJ9.eyJpc3MiOiJiN...
  📊 Downloaded 10.0/25.8 MB...
  📊 Downloaded 20.0/25.8 MB...
  ✅ Downloaded 27049351 bytes successfully
   ✅ Successfully attached: ISP-1882, 1880-Consolidated Needs defects.mp4 (verified in storage)
  Attached ISP-1882, 1880-Consolidated Needs defects.mp4 to defect ISP-1882 (service_exists=true)

📊 Attachment Summary for ISP-1882:
   ✅ Uploaded: 1
   ⏭️  Skipped: 0
   ❌ Failed: 0

[LABEL] Processing 2 label(s) for ISP-1882
[LABEL-MATCH] Found existing label 'New_ERP' (stored as 'new_erp') -> a9f0bd31-9bc0-4a7b-90fc-2ed53a305e8d
[LABEL-ATTACH] Successfully attached label 'new_erp' (ID: a9f0bd31-9bc0-4a7b-90fc-2ed53a305e8d) to ISP-1882
[LABEL-MATCH] Found existing label 'QA' (stored as 'qa') -> f66526ba-6a94-47b5-8239-f9fae5aa2248
[LABEL-ATTACH] Successfully attached label 'qa' (ID: f66526ba-6a94-47b5-8239-f9fae5aa2248) to ISP-1882
[LABEL] Completed processing labels for ISP-1882. Total attached: 2
[DESCRIPTION-VALIDATE] ISP-1882: new_len=501, existing_len=514
[DESCRIPTION-UPDATE] ISP-1882: Updated description (501 chars)
  Previous: <div class="trix-content">
  <p><strong>Actual Result</strong>-<span>Details are not displayed. Inste...
  Updated: <p><strong>Actual Result</strong>-<span style="color: #ff5630">Details are not displayed. Instead app...
Processing issue 90/439: ISP-1881
[DEBUG-LABELS] Total labels found for ISP-1881: 2
[USER-FALLBACK] Using default user for 'Kiriba Delphine' -> b3613172-fc54-4742-b2ba-c10b97d15bf4
[USER-MATCH] Matched 'Robert Mbugua Kanyoro' by email: robert.mbugua@craftsilicon.com -> fb1e0a05-f047-4e22-a52b-b9b1fe4b4358
[STATUS-MATCH] Matched status 'In Progress' by name: In Progress -> c805a0e9-73fc-4726-a1ab-d28b9a36469e
[BANKING-MATCH] Found existing banking type 'ERP' -> d9a45733-9624-42c2-afcc-888ce998dbbe
📥 DOWNLOADING ISSUE-LEVEL ATTACHMENTS FOR ISP-1881
   Total files: 1 (1.08 MB)

   [1/1] 📥 Downloading: approvingZroQntty.mp4 (1.08 MB)
  Attempt 1/3: Downloading from https://craftsilicon.atlassian.net/rest/api/3/attachment/content/129360...
  Following redirect 1/6 to: https://api.media.atlassian.com/file/3fb05a9b-c9da-459f-a290-bbe2e05d10a2/binary?token=eyJhbGciOiJIUzI1NiJ9.eyJpc3MiOiJiN...
  Attempt 1/3: Downloading from https://api.media.atlassian.com/file/3fb05a9b-c9da-459f-a290-bbe2e05d10a2/binary?token=eyJhbGciOiJIUzI1NiJ9.eyJpc3MiOiJiN...
  ✅ Downloaded 1130583 bytes successfully
   ✅ Successfully attached: approvingZroQntty.mp4 (verified in storage)
  Attached approvingZroQntty.mp4 to defect ISP-1881 (service_exists=true)

📊 Attachment Summary for ISP-1881:
   ✅ Uploaded: 1
   ⏭️  Skipped: 0
   ❌ Failed: 0

[LABEL] Processing 2 label(s) for ISP-1881
[LABEL-MATCH] Found existing label 'New_ERP' (stored as 'new_erp') -> a9f0bd31-9bc0-4a7b-90fc-2ed53a305e8d
[LABEL-ATTACH] Successfully attached label 'new_erp' (ID: a9f0bd31-9bc0-4a7b-90fc-2ed53a305e8d) to ISP-1881
[LABEL-MATCH] Found existing label 'QA' (stored as 'qa') -> f66526ba-6a94-47b5-8239-f9fae5aa2248
[LABEL-ATTACH] Successfully attached label 'qa' (ID: f66526ba-6a94-47b5-8239-f9fae5aa2248) to ISP-1881
[LABEL] Completed processing labels for ISP-1881. Total attached: 2
[DESCRIPTION-VALIDATE] ISP-1881: new_len=551, existing_len=597
[DESCRIPTION-UPDATE] ISP-1881: Updated description (551 chars)
  Previous: <div class="trix-content">
  <p><strong>Repro Steps:</strong></p>
<p><strong>Actual Result</strong></...
  Updated: <p><strong>Repro Steps:</strong></p>
<p><strong>Actual Result</strong></p>
<p>The system accepts <str...
Processing issue 91/439: ISP-1880
[DEBUG-LABELS] Total labels found for ISP-1880: 2
[USER-MATCH] Matched 'archana.verma' by parsed first+last: archana verma -> 7b5370b5-abcd-4ad2-908b-1791ca40d9c9
[USER-MATCH] Matched 'Robert Mbugua Kanyoro' by email: robert.mbugua@craftsilicon.com -> fb1e0a05-f047-4e22-a52b-b9b1fe4b4358
[STATUS-MATCH] Matched status 'In Progress' by name: In Progress -> c805a0e9-73fc-4726-a1ab-d28b9a36469e
[BANKING-MATCH] Found existing banking type 'ERP' -> d9a45733-9624-42c2-afcc-888ce998dbbe
📥 DOWNLOADING ISSUE-LEVEL ATTACHMENTS FOR ISP-1880
   Total files: 2 (25.8 MB)

   [1/2] 📥 Downloading: ISP-1880-consolidated_needs (5).xlsx (0.01 MB)
  Attempt 1/3: Downloading from https://craftsilicon.atlassian.net/rest/api/3/attachment/content/129357...
  Following redirect 1/6 to: https://api.media.atlassian.com/file/cb75c35d-4a32-4ff8-8fed-e729b27f6f52/binary?token=eyJhbGciOiJIUzI1NiJ9.eyJpc3MiOiJiN...
  Attempt 1/3: Downloading from https://api.media.atlassian.com/file/cb75c35d-4a32-4ff8-8fed-e729b27f6f52/binary?token=eyJhbGciOiJIUzI1NiJ9.eyJpc3MiOiJiN...
  ✅ Downloaded 8629 bytes successfully
   ✅ Successfully attached: ISP-1880-consolidated_needs (5).xlsx (verified in storage)
  Attached ISP-1880-consolidated_needs (5).xlsx to defect ISP-1880 (service_exists=true)
   [2/2] 📥 Downloading: ISP-1880-Consolidated Needs defects.mp4 (25.8 MB)
  Attempt 1/5: Downloading from https://craftsilicon.atlassian.net/rest/api/3/attachment/content/129358...
  Following redirect 1/6 to: https://api.media.atlassian.com/file/1cd64e92-5b70-4d6e-b6af-e1a4b49a65bb/binary?token=eyJhbGciOiJIUzI1NiJ9.eyJpc3MiOiJiN...
  Attempt 1/5: Downloading from https://api.media.atlassian.com/file/1cd64e92-5b70-4d6e-b6af-e1a4b49a65bb/binary?token=eyJhbGciOiJIUzI1NiJ9.eyJpc3MiOiJiN...
  📊 Downloaded 10.0/25.8 MB...
  📊 Downloaded 20.0/25.8 MB...
  ✅ Downloaded 27049351 bytes successfully
   ✅ Successfully attached: ISP-1880-Consolidated Needs defects.mp4 (verified in storage)
  Attached ISP-1880-Consolidated Needs defects.mp4 to defect ISP-1880 (service_exists=true)

📊 Attachment Summary for ISP-1880:
   ✅ Uploaded: 2
   ⏭️  Skipped: 0
   ❌ Failed: 0

[LABEL] Processing 2 label(s) for ISP-1880
[LABEL-MATCH] Found existing label 'New_ERP' (stored as 'new_erp') -> a9f0bd31-9bc0-4a7b-90fc-2ed53a305e8d
[LABEL-ATTACH] Successfully attached label 'new_erp' (ID: a9f0bd31-9bc0-4a7b-90fc-2ed53a305e8d) to ISP-1880
[LABEL-MATCH] Found existing label 'QA' (stored as 'qa') -> f66526ba-6a94-47b5-8239-f9fae5aa2248
[LABEL-ATTACH] Successfully attached label 'qa' (ID: f66526ba-6a94-47b5-8239-f9fae5aa2248) to ISP-1880
[LABEL] Completed processing labels for ISP-1880. Total attached: 2
[DESCRIPTION-VALIDATE] ISP-1880: new_len=251, existing_len=287
[DESCRIPTION-UPDATE] ISP-1880: Updated description (251 chars)
  Previous: <div class="trix-content">
  <p><strong>Actual Result</strong>-Important details like Serial #, Need ...
  Updated: <p><strong>Actual Result</strong>-Important details like Serial #, Need Id, Unit Cost and Raised By a...
Processing issue 92/439: ISP-1879
[DEBUG-LABELS] Total labels found for ISP-1879: 2
[USER-MATCH] Matched 'archana.verma' by parsed first+last: archana verma -> 7b5370b5-abcd-4ad2-908b-1791ca40d9c9
[USER-MATCH] Matched 'Robert Mbugua Kanyoro' by email: robert.mbugua@craftsilicon.com -> fb1e0a05-f047-4e22-a52b-b9b1fe4b4358
[STATUS-MATCH] Matched status 'In Progress' by name: In Progress -> c805a0e9-73fc-4726-a1ab-d28b9a36469e
[BANKING-MATCH] Found existing banking type 'ERP' -> d9a45733-9624-42c2-afcc-888ce998dbbe
📥 DOWNLOADING ISSUE-LEVEL ATTACHMENTS FOR ISP-1879
   Total files: 1 (25.05 MB)

   [1/1] 📥 Downloading: ISP-1879-Planned Quarter and Unit cost.mp4 (25.05 MB)
  Attempt 1/5: Downloading from https://craftsilicon.atlassian.net/rest/api/3/attachment/content/129272...
  Following redirect 1/6 to: https://api.media.atlassian.com/file/f635b874-87e5-463c-8718-fe157a547abd/binary?token=eyJhbGciOiJIUzI1NiJ9.eyJpc3MiOiJiN...
  Attempt 1/5: Downloading from https://api.media.atlassian.com/file/f635b874-87e5-463c-8718-fe157a547abd/binary?token=eyJhbGciOiJIUzI1NiJ9.eyJpc3MiOiJiN...
  📊 Downloaded 10.0/25.05 MB...
  📊 Downloaded 20.0/25.05 MB...
  ✅ Downloaded 26263459 bytes successfully
   ✅ Successfully attached: ISP-1879-Planned Quarter and Unit cost.mp4 (verified in storage)
  Attached ISP-1879-Planned Quarter and Unit cost.mp4 to defect ISP-1879 (service_exists=true)

📊 Attachment Summary for ISP-1879:
   ✅ Uploaded: 1
   ⏭️  Skipped: 0
   ❌ Failed: 0

[LABEL] Processing 2 label(s) for ISP-1879
[LABEL-MATCH] Found existing label 'New_ERP' (stored as 'new_erp') -> a9f0bd31-9bc0-4a7b-90fc-2ed53a305e8d
[LABEL-ATTACH] Successfully attached label 'new_erp' (ID: a9f0bd31-9bc0-4a7b-90fc-2ed53a305e8d) to ISP-1879
[LABEL-MATCH] Found existing label 'QA' (stored as 'qa') -> f66526ba-6a94-47b5-8239-f9fae5aa2248
[LABEL-ATTACH] Successfully attached label 'qa' (ID: f66526ba-6a94-47b5-8239-f9fae5aa2248) to ISP-1879
[LABEL] Completed processing labels for ISP-1879. Total attached: 2
[DESCRIPTION-VALIDATE] ISP-1879: new_len=114, existing_len=150
[DESCRIPTION-UPDATE] ISP-1879: Updated description (114 chars)
  Previous: <div class="trix-content">
  <p><strong>Actual Result</strong>-<strong>In the Edit mode</strong>, </p...
  Updated: <p><strong>Actual Result</strong>-<strong>In the Edit mode</strong>, </p>
<p><strong>Expected Result<...
Processing issue 93/439: ISP-1878
[DEBUG-LABELS] Total labels found for ISP-1878: 2
[USER-FALLBACK] Using default user for 'Kiriba Delphine' -> b3613172-fc54-4742-b2ba-c10b97d15bf4
[USER-MATCH] Matched 'Robert Mbugua Kanyoro' by email: robert.mbugua@craftsilicon.com -> fb1e0a05-f047-4e22-a52b-b9b1fe4b4358
[STATUS-MATCH] Matched status 'In Progress' by name: In Progress -> c805a0e9-73fc-4726-a1ab-d28b9a36469e
[BANKING-MATCH] Found existing banking type 'ERP' -> d9a45733-9624-42c2-afcc-888ce998dbbe
📥 DOWNLOADING ISSUE-LEVEL ATTACHMENTS FOR ISP-1878
   Total files: 1 (3.48 MB)

   [1/1] 📥 Downloading: editValidationError.mp4 (3.48 MB)
  Attempt 1/3: Downloading from https://craftsilicon.atlassian.net/rest/api/3/attachment/content/129268...
  Following redirect 1/6 to: https://api.media.atlassian.com/file/b679f4f3-1058-4192-bc46-08bb5dbff234/binary?token=eyJhbGciOiJIUzI1NiJ9.eyJpc3MiOiJiN...
  Attempt 1/3: Downloading from https://api.media.atlassian.com/file/b679f4f3-1058-4192-bc46-08bb5dbff234/binary?token=eyJhbGciOiJIUzI1NiJ9.eyJpc3MiOiJiN...
  ✅ Downloaded 3652234 bytes successfully
   ✅ Successfully attached: editValidationError.mp4 (verified in storage)
  Attached editValidationError.mp4 to defect ISP-1878 (service_exists=true)

📊 Attachment Summary for ISP-1878:
   ✅ Uploaded: 1
   ⏭️  Skipped: 0
   ❌ Failed: 0

[LABEL] Processing 2 label(s) for ISP-1878
[LABEL-MATCH] Found existing label 'New_ERP' (stored as 'new_erp') -> a9f0bd31-9bc0-4a7b-90fc-2ed53a305e8d
[LABEL-ATTACH] Successfully attached label 'new_erp' (ID: a9f0bd31-9bc0-4a7b-90fc-2ed53a305e8d) to ISP-1878
[LABEL-MATCH] Found existing label 'QA' (stored as 'qa') -> f66526ba-6a94-47b5-8239-f9fae5aa2248
[LABEL-ATTACH] Successfully attached label 'qa' (ID: f66526ba-6a94-47b5-8239-f9fae5aa2248) to ISP-1878
[LABEL] Completed processing labels for ISP-1878. Total attached: 2
[DESCRIPTION-VALIDATE] ISP-1878: new_len=77, existing_len=113
[DESCRIPTION-UPDATE] ISP-1878: Updated description (77 chars)
  Previous: <div class="trix-content">
  <p><strong>Repro Steps:</strong></p>
<p><strong>Expected Result:</strong...
Processing issue 94/439: ISP-1877
[DEBUG-LABELS] Total labels found for ISP-1877: 2
[USER-MATCH] Matched 'archana.verma' by parsed first+last: archana verma -> 7b5370b5-abcd-4ad2-908b-1791ca40d9c9
[USER-MATCH] Matched 'Robert Mbugua Kanyoro' by email: robert.mbugua@craftsilicon.com -> fb1e0a05-f047-4e22-a52b-b9b1fe4b4358
[STATUS-MATCH] Matched status 'In Progress' by name: In Progress -> c805a0e9-73fc-4726-a1ab-d28b9a36469e
[BANKING-MATCH] Found existing banking type 'ERP' -> d9a45733-9624-42c2-afcc-888ce998dbbe
📥 DOWNLOADING ISSUE-LEVEL ATTACHMENTS FOR ISP-1877
   Total files: 1 (27.53 MB)

   [1/1] 📥 Downloading: ISP-1877 and Retest ISP-1481-Pass and ISP-1482-Fail and ISP-1483-Pass-Purchase Order retests.mp4 (27.53 MB)
  Attempt 1/5: Downloading from https://craftsilicon.atlassian.net/rest/api/3/attachment/content/129251...
  Following redirect 1/6 to: https://api.media.atlassian.com/file/92298565-af7f-4df9-9b8f-45b126b8ccfa/binary?token=eyJhbGciOiJIUzI1NiJ9.eyJpc3MiOiJiN...
  Attempt 1/5: Downloading from https://api.media.atlassian.com/file/92298565-af7f-4df9-9b8f-45b126b8ccfa/binary?token=eyJhbGciOiJIUzI1NiJ9.eyJpc3MiOiJiN...
  📊 Downloaded 10.0/27.53 MB...
  📊 Downloaded 20.0/27.53 MB...
  ✅ Downloaded 28862973 bytes successfully
   ✅ Successfully attached: ISP-1877 and Retest ISP-1481-Pass and ISP-1482-Fail and ISP-1483-Pass-Purchase Order retests.mp4 (verified in storage)
  Attached ISP-1877 and Retest ISP-1481-Pass and ISP-1482-Fail and ISP-1483-Pass-Purchase Order retests.mp4 to defect ISP-1877 (service_exists=true)

📊 Attachment Summary for ISP-1877:
   ✅ Uploaded: 1
   ⏭️  Skipped: 0
   ❌ Failed: 0

[LABEL] Processing 2 label(s) for ISP-1877
[LABEL-MATCH] Found existing label 'New_ERP' (stored as 'new_erp') -> a9f0bd31-9bc0-4a7b-90fc-2ed53a305e8d
[LABEL-ATTACH] Successfully attached label 'new_erp' (ID: a9f0bd31-9bc0-4a7b-90fc-2ed53a305e8d) to ISP-1877
[LABEL-MATCH] Found existing label 'QA' (stored as 'qa') -> f66526ba-6a94-47b5-8239-f9fae5aa2248
[LABEL-ATTACH] Successfully attached label 'qa' (ID: f66526ba-6a94-47b5-8239-f9fae5aa2248) to ISP-1877
[LABEL] Completed processing labels for ISP-1877. Total attached: 2
[DESCRIPTION-VALIDATE] ISP-1877: new_len=79, existing_len=115
[DESCRIPTION-UPDATE] ISP-1877: Updated description (79 chars)
  Previous: <div class="trix-content">
  <p><strong>Actual Result-</strong></p>
<p><strong>Expected Result-</stro...
Processing issue 95/439: ISP-1876
[DEBUG-LABELS] Total labels found for ISP-1876: 2
[USER-FALLBACK] Using default user for 'Stephen Mungai' -> b3613172-fc54-4742-b2ba-c10b97d15bf4
[USER-MATCH] Matched 'Robert Mbugua Kanyoro' by email: robert.mbugua@craftsilicon.com -> fb1e0a05-f047-4e22-a52b-b9b1fe4b4358
[STATUS-MATCH] Matched status 'In Progress' by name: In Progress -> c805a0e9-73fc-4726-a1ab-d28b9a36469e
[BANKING-MATCH] Found existing banking type 'ERP' -> d9a45733-9624-42c2-afcc-888ce998dbbe
📥 DOWNLOADING ISSUE-LEVEL ATTACHMENTS FOR ISP-1876
   Total files: 1 (7.03 MB)

   [1/1] 📥 Downloading: Reply from User copied in Mail.mp4 (7.03 MB)
  Attempt 1/3: Downloading from https://craftsilicon.atlassian.net/rest/api/3/attachment/content/129189...
  Following redirect 1/6 to: https://api.media.atlassian.com/file/e952fc42-d02c-4e6e-bf3e-7b60690f32d1/binary?token=eyJhbGciOiJIUzI1NiJ9.eyJpc3MiOiJiN...
  Attempt 1/3: Downloading from https://api.media.atlassian.com/file/e952fc42-d02c-4e6e-bf3e-7b60690f32d1/binary?token=eyJhbGciOiJIUzI1NiJ9.eyJpc3MiOiJiN...
  ✅ Downloaded 7368615 bytes successfully
   ✅ Successfully attached: Reply from User copied in Mail.mp4 (verified in storage)
  Attached Reply from User copied in Mail.mp4 to defect ISP-1876 (service_exists=true)

📊 Attachment Summary for ISP-1876:
   ✅ Uploaded: 1
   ⏭️  Skipped: 0
   ❌ Failed: 0

[LABEL] Processing 2 label(s) for ISP-1876
[LABEL-MATCH] Found existing label 'New_ERP' (stored as 'new_erp') -> a9f0bd31-9bc0-4a7b-90fc-2ed53a305e8d
[LABEL-ATTACH] Successfully attached label 'new_erp' (ID: a9f0bd31-9bc0-4a7b-90fc-2ed53a305e8d) to ISP-1876
[LABEL-MATCH] Found existing label 'QA' (stored as 'qa') -> f66526ba-6a94-47b5-8239-f9fae5aa2248
[LABEL-ATTACH] Successfully attached label 'qa' (ID: f66526ba-6a94-47b5-8239-f9fae5aa2248) to ISP-1876
[LABEL] Completed processing labels for ISP-1876. Total attached: 2
[DESCRIPTION-VALIDATE] ISP-1876: new_len=78, existing_len=114
[DESCRIPTION-UPDATE] ISP-1876: Updated description (78 chars)
  Previous: <div class="trix-content">
  <p><strong>Repro Steps:</strong></p>
<p><strong>Expected Results:</stron...
Processing issue 96/439: ISP-1875
[DEBUG-LABELS] Total labels found for ISP-1875: 2
[USER-FALLBACK] Using default user for 'Stephen Mungai' -> b3613172-fc54-4742-b2ba-c10b97d15bf4
[USER-FALLBACK] Using default user for 'Stephen Mungai' -> b3613172-fc54-4742-b2ba-c10b97d15bf4
[STATUS-MATCH] Matched status 'Closed' by name: Closed -> 8c60b5b6-b9e9-405d-8d7d-d672cb9b23f1
[BANKING-MATCH] Found existing banking type 'ERP' -> d9a45733-9624-42c2-afcc-888ce998dbbe
📥 DOWNLOADING ISSUE-LEVEL ATTACHMENTS FOR ISP-1875
   Total files: 3 (30.29 MB)

   [1/3] 📥 Downloading: image-20251201-062719.png (0.02 MB)
  Attempt 1/3: Downloading from https://craftsilicon.atlassian.net/rest/api/3/attachment/content/130198...
  Following redirect 1/6 to: https://api.media.atlassian.com/file/4f584e8e-ab3b-46f8-aa8f-9fe40c2f1ceb/binary?token=eyJhbGciOiJIUzI1NiJ9.eyJpc3MiOiJiN...
  Attempt 1/3: Downloading from https://api.media.atlassian.com/file/4f584e8e-ab3b-46f8-aa8f-9fe40c2f1ceb/binary?token=eyJhbGciOiJIUzI1NiJ9.eyJpc3MiOiJiN...
  ✅ Downloaded 16923 bytes successfully
   ✅ Successfully attached: image-20251201-062719.png (verified in storage)
  Attached image-20251201-062719.png to defect ISP-1875 (service_exists=true)
   [2/3] 📥 Downloading: Retest ISP-1875 Failed.mp4 (22.53 MB)
  Attempt 1/5: Downloading from https://craftsilicon.atlassian.net/rest/api/3/attachment/content/130259...
  Following redirect 1/6 to: https://api.media.atlassian.com/file/8dff6f57-2435-4b39-9660-6bf9923ec05a/binary?token=eyJhbGciOiJIUzI1NiJ9.eyJpc3MiOiJiN...
  Attempt 1/5: Downloading from https://api.media.atlassian.com/file/8dff6f57-2435-4b39-9660-6bf9923ec05a/binary?token=eyJhbGciOiJIUzI1NiJ9.eyJpc3MiOiJiN...
  📊 Downloaded 10.0/22.53 MB...
  📊 Downloaded 20.0/22.53 MB...
  ✅ Downloaded 23620091 bytes successfully
/home/robert/.rbenv/versions/3.3.5/lib/ruby/gems/3.3.0/gems/net-protocol-0.2.2/lib/net/protocol.rb:229:in `wait_readable': Interrupt
	from /home/robert/.rbenv/versions/3.3.5/lib/ruby/gems/3.3.0/gems/net-protocol-0.2.2/lib/net/protocol.rb:229:in `rbuf_fill'
	from /home/robert/.rbenv/versions/3.3.5/lib/ruby/gems/3.3.0/gems/net-protocol-0.2.2/lib/net/protocol.rb:164:in `read'
	from /home/robert/.rbenv/versions/3.3.5/lib/ruby/gems/3.3.0/gems/net-http-0.6.0/lib/net/http/response.rb:603:in `block in read_body_0'
	from /home/robert/.rbenv/versions/3.3.5/lib/ruby/gems/3.3.0/gems/net-http-0.6.0/lib/net/http/response.rb:559:in `inflater'
	from /home/robert/.rbenv/versions/3.3.5/lib/ruby/gems/3.3.0/gems/net-http-0.6.0/lib/net/http/response.rb:593:in `read_body_0'
	from /home/robert/.rbenv/versions/3.3.5/lib/ruby/gems/3.3.0/gems/net-http-0.6.0/lib/net/http/response.rb:363:in `read_body'
	from /home/robert/.rbenv/versions/3.3.5/lib/ruby/gems/3.3.0/gems/net-http-0.6.0/lib/net/http/response.rb:401:in `body'
	from /home/robert/.rbenv/versions/3.3.5/lib/ruby/gems/3.3.0/gems/net-http-0.6.0/lib/net/http/response.rb:321:in `reading_body'
	from /home/robert/.rbenv/versions/3.3.5/lib/ruby/gems/3.3.0/gems/net-http-0.6.0/lib/net/http.rb:2430:in `transport_request'
	from /home/robert/.rbenv/versions/3.3.5/lib/ruby/gems/3.3.0/gems/net-http-0.6.0/lib/net/http.rb:2384:in `request'
	from /home/robert/.rbenv/versions/3.3.5/lib/ruby/gems/3.3.0/gems/sentry-ruby-6.0.0/lib/sentry/net/http.rb:44:in `block in request'
	from /home/robert/.rbenv/versions/3.3.5/lib/ruby/gems/3.3.0/gems/sentry-ruby-6.0.0/lib/sentry/hub.rb:139:in `with_child_span'
	from /home/robert/.rbenv/versions/3.3.5/lib/ruby/gems/3.3.0/gems/sentry-ruby-6.0.0/lib/sentry-ruby.rb:525:in `with_child_span'
	from /home/robert/.rbenv/versions/3.3.5/lib/ruby/gems/3.3.0/gems/sentry-ruby-6.0.0/lib/sentry/net/http.rb:37:in `request'
	from /home/robert/.rbenv/versions/3.3.5/lib/ruby/gems/3.3.0/gems/net-http-0.6.0/lib/net/http.rb:2377:in `block in request'
	from /home/robert/.rbenv/versions/3.3.5/lib/ruby/gems/3.3.0/gems/net-http-0.6.0/lib/net/http.rb:1632:in `start'
	from /home/robert/.rbenv/versions/3.3.5/lib/ruby/gems/3.3.0/gems/net-http-0.6.0/lib/net/http.rb:2375:in `request'
	from /home/robert/.rbenv/versions/3.3.5/lib/ruby/gems/3.3.0/gems/sentry-ruby-6.0.0/lib/sentry/net/http.rb:34:in `request'
	from /home/robert/Desktop/CSPM-New/Task_Fresh/TaskBridgeApp/scripts/import_jira_with_modules.rb:1580:in `block (2 levels) in fetch_and_attach_attachments'
	from <internal:kernel>:187:in `loop'
	from /home/robert/Desktop/CSPM-New/Task_Fresh/TaskBridgeApp/scripts/import_jira_with_modules.rb:1548:in `block in fetch_and_attach_attachments'
	from /home/robert/Desktop/CSPM-New/Task_Fresh/TaskBridgeApp/scripts/import_jira_with_modules.rb:1514:in `each'
	from /home/robert/Desktop/CSPM-New/Task_Fresh/TaskBridgeApp/scripts/import_jira_with_modules.rb:1514:in `each_with_index'
	from /home/robert/Desktop/CSPM-New/Task_Fresh/TaskBridgeApp/scripts/import_jira_with_modules.rb:1514:in `fetch_and_attach_attachments'
	from /home/robert/Desktop/CSPM-New/Task_Fresh/TaskBridgeApp/scripts/import_jira_with_modules.rb:2461:in `import_issue_with_modules'
	from /home/robert/Desktop/CSPM-New/Task_Fresh/TaskBridgeApp/scripts/import_jira_with_modules.rb:2565:in `block in <main>'
	from /home/robert/Desktop/CSPM-New/Task_Fresh/TaskBridgeApp/scripts/import_jira_with_modules.rb:2560:in `each'
	from /home/robert/Desktop/CSPM-New/Task_Fresh/TaskBridgeApp/scripts/import_jira_with_modules.rb:2560:in `each_with_index'
	from /home/robert/Desktop/CSPM-New/Task_Fresh/TaskBridgeApp/scripts/import_jira_with_modules.rb:2560:in `<main>'
	from /home/robert/.rbenv/versions/3.3.5/lib/ruby/gems/3.3.0/gems/railties-7.2.2.2/lib/rails/commands/runner/runner_command.rb:44:in `load'
	from /home/robert/.rbenv/versions/3.3.5/lib/ruby/gems/3.3.0/gems/railties-7.2.2.2/lib/rails/commands/runner/runner_command.rb:44:in `block in perform'
	from /home/robert/.rbenv/versions/3.3.5/lib/ruby/gems/3.3.0/gems/activesupport-7.2.2.2/lib/active_support/execution_wrapper.rb:91:in `wrap'
	from /home/robert/.rbenv/versions/3.3.5/lib/ruby/gems/3.3.0/gems/railties-7.2.2.2/lib/rails/commands/runner/runner_command.rb:70:in `conditional_executor'
	from /home/robert/.rbenv/versions/3.3.5/lib/ruby/gems/3.3.0/gems/railties-7.2.2.2/lib/rails/commands/runner/runner_command.rb:43:in `perform'
	from /home/robert/.rbenv/versions/3.3.5/lib/ruby/gems/3.3.0/gems/thor-1.4.0/lib/thor/command.rb:28:in `run'
	from /home/robert/.rbenv/versions/3.3.5/lib/ruby/gems/3.3.0/gems/thor-1.4.0/lib/thor/invocation.rb:127:in `invoke_command'
	from /home/robert/.rbenv/versions/3.3.5/lib/ruby/gems/3.3.0/gems/railties-7.2.2.2/lib/rails/command/base.rb:178:in `invoke_command'
	from /home/robert/.rbenv/versions/3.3.5/lib/ruby/gems/3.3.0/gems/thor-1.4.0/lib/thor.rb:538:in `dispatch'
	from /home/robert/.rbenv/versions/3.3.5/lib/ruby/gems/3.3.0/gems/railties-7.2.2.2/lib/rails/command/base.rb:73:in `perform'
	from /home/robert/.rbenv/versions/3.3.5/lib/ruby/gems/3.3.0/gems/railties-7.2.2.2/lib/rails/command.rb:71:in `block in invoke'
	from /home/robert/.rbenv/versions/3.3.5/lib/ruby/gems/3.3.0/gems/railties-7.2.2.2/lib/rails/command.rb:149:in `with_argv'
	from /home/robert/.rbenv/versions/3.3.5/lib/ruby/gems/3.3.0/gems/railties-7.2.2.2/lib/rails/command.rb:69:in `invoke'
	from /home/robert/.rbenv/versions/3.3.5/lib/ruby/gems/3.3.0/gems/railties-7.2.2.2/lib/rails/commands.rb:18:in `<main>'
	from /home/robert/.rbenv/versions/3.3.5/lib/ruby/3.3.0/bundled_gems.rb:75:in `require'
	from /home/robert/.rbenv/versions/3.3.5/lib/ruby/3.3.0/bundled_gems.rb:75:in `block (2 levels) in replace_require'
	from /home/robert/.rbenv/versions/3.3.5/lib/ruby/gems/3.3.0/gems/bootsnap-1.18.6/lib/bootsnap/load_path_cache/core_ext/kernel_require.rb:30:in `require'
	from bin/rails:4:in `<main>'
   ✅ Successfully attached: Retest ISP-1875 Failed.mp4 (verified in storage)
  Attached Retest ISP-1875 Failed.mp4 to defect ISP-1875 (service_exists=true)
   [3/3] 📥 Downloading: Retest ISP-1875 Pass.mp4 (7.75 MB)
  Attempt 1/3: Downloading from https://craftsilicon.atlassian.net/rest/api/3/attachment/content/130278...
  Following redirect 1/6 to: https://api.media.atlassian.com/file/743e732b-d991-4840-b81e-4845e19d3c19/binary?token=eyJhbGciOiJIUzI1NiJ9.eyJpc3MiOiJiN...
  Attempt 1/3: Downloading from https://api.media.atlassian.com/file/743e732b-d991-4840-b81e-4845e19d3c19/binary?token=eyJhbGciOiJIUzI1NiJ9.eyJpc3MiOiJiN...
