DEBUG: Parsed projects from command line: ["ISP"]
DEBUG: Cleaned project list: ["ISP"]
Starting direct Jira import with modules for project(s): ISP (dry_run: false)
Discovering custom fields...
Found Module field: customfield_10232 - Imarisha Mobile Banking Modules
Found Submodule field: customfield_10233 - Imarisha Mobile Banking Modules/Sub-Modules
Found TARGET Submodule field: customfield_10464 - Imarisha  ERP Modules / Sub-Modules
Found TARGET Module field: customfield_10465 - Imarisha  ERP Modules
Found Banking Type field: customfield_10141 - BankingType
Fetching Jira issues with JQL: project = ISP AND labels = QA AND issuetype = Bug AND status IN ("Awaiting Build", "Awaiting client API", "Awaiting Client Information", BLOCKED, Failed-QA, "In Progress", On-Hold, "QA Testing", Reopened, Resolved, "Support Testing", "To Do", Closed) AND cf[10141] = "ERP" ORDER BY created DESC
Projects: ISP
DEBUG: Project keys received: ["ISP"]
DEBUG: Full JQL: project = ISP AND labels = QA AND issuetype = Bug AND status IN ("Awaiting Build", "Awaiting client API", "Awaiting Client Information", BLOCKED, Failed-QA, "In Progress", On-Hold, "QA Testing", Reopened, Resolved, "Support Testing", "To Do", Closed) AND cf[10141] = "ERP" ORDER BY created DESC
Page 1: Requesting with nextPageToken=nil
✓ Page 1: Fetched 100 issues (total collected: 100) [isLast: false, hasNextToken: YES]
Page 2: Requesting with nextPageToken=Ck1jcmVhdGVkJmNyZWF0Z...
✓ Page 2: Fetched 100 issues (total collected: 200) [isLast: false, hasNextToken: YES]
Page 3: Requesting with nextPageToken=Ck1jcmVhdGVkJmNyZWF0Z...
✓ Page 3: Fetched 100 issues (total collected: 300) [isLast: false, hasNextToken: YES]
Page 4: Requesting with nextPageToken=Ck1jcmVhdGVkJmNyZWF0Z...
✓ Page 4: Fetched 100 issues (total collected: 400) [isLast: false, hasNextToken: YES]
Page 5: Requesting with nextPageToken=Ck1jcmVhdGVkJmNyZWF0Z...
✓ Page 5: Fetched 39 issues (total collected: 439) [isLast: true, hasNextToken: NO]
✓ Jira indicates last page (isLast: true) - pagination complete
📊 Total issues fetched from Jira: 439 (across 5 pages)
Successfully fetched 439 issues from Jira across 1 project(s)
Using custom fields - Module: customfield_10465, Submodule: customfield_10464, Banking Type: customfield_10141

Issues per project:
  - ISP: 439 issue(s)
Processing issue 1/439: ISP-1990
[DEBUG-LABELS] Total labels found for ISP-1990: 2
[USER-MATCH] Matched 'archana.verma' by parsed first+last: archana verma -> 7b5370b5-abcd-4ad2-908b-1791ca40d9c9
[USER-MATCH] Matched 'Robert Mbugua Kanyoro' by email: robert.mbugua@craftsilicon.com -> fb1e0a05-f047-4e22-a52b-b9b1fe4b4358
[STATUS-MATCH] Matched status 'To Do' by name: TO DO -> 26ce9725-f948-4e26-8bfd-5e353e685e59
[BANKING-MATCH] Found existing banking type 'ERP' -> d9a45733-9624-42c2-afcc-888ce998dbbe
📥 DOWNLOADING ISSUE-LEVEL ATTACHMENTS FOR ISP-1990
   Total files: 1 (17.83 MB)

   [1/1] 📥 Downloading: ISP-1990-Search and Show Entries.mp4 (17.83 MB)
  Attempt 1/3: Downloading from https://craftsilicon.atlassian.net/rest/api/3/attachment/content/130281...
  Following redirect 1/6 to: https://api.media.atlassian.com/file/cdb04882-81fd-438a-982a-db7e87be894a/binary?token=eyJhbGciOiJIUzI1NiJ9.eyJpc3MiOiJiN...
  Attempt 1/3: Downloading from https://api.media.atlassian.com/file/cdb04882-81fd-438a-982a-db7e87be894a/binary?token=eyJhbGciOiJIUzI1NiJ9.eyJpc3MiOiJiN...
  📊 Downloaded 10.0/17.83 MB...
  ✅ Downloaded 18695439 bytes successfully
[1;34mINFO [0m 2025-12-03T00:26:29.409Z pid=3417456 tid=21cbg: Sidekiq 8.0.8 connecting to Redis with options {:size=>10, :pool_name=>"internal", :url=>"redis://:REDACTED@localhost:6379/0"}
   ✅ Successfully attached: ISP-1990-Search and Show Entries.mp4 (verified in storage)
  Attached ISP-1990-Search and Show Entries.mp4 to defect ISP-1990 (service_exists=true)

📊 Attachment Summary for ISP-1990:
   ✅ Uploaded: 1
   ⏭️  Skipped: 0
   ❌ Failed: 0

[LABEL] Processing 2 label(s) for ISP-1990
[LABEL-MATCH] Found existing label 'New_ERP' (stored as 'new_erp') -> a9f0bd31-9bc0-4a7b-90fc-2ed53a305e8d
[LABEL-ATTACH] Successfully attached label 'new_erp' (ID: a9f0bd31-9bc0-4a7b-90fc-2ed53a305e8d) to ISP-1990
[LABEL-MATCH] Found existing label 'QA' (stored as 'qa') -> f66526ba-6a94-47b5-8239-f9fae5aa2248
[LABEL-ATTACH] Successfully attached label 'qa' (ID: f66526ba-6a94-47b5-8239-f9fae5aa2248) to ISP-1990
[LABEL] Completed processing labels for ISP-1990. Total attached: 2
[DESCRIPTION-VALIDATE] ISP-1990: new_len=371, existing_len=407
[DESCRIPTION-UPDATE] ISP-1990: Updated description (371 chars)
  Previous: <div class="trix-content">
  <p><strong>Actual Result-</strong>In full screen mode and when the side ...
  Updated: <p><strong>Actual Result-</strong>In full screen mode and when the side bar is restored back, on both...
Processing issue 2/439: ISP-1989
[DEBUG-LABELS] Total labels found for ISP-1989: 2
[USER-MATCH] Matched 'archana.verma' by parsed first+last: archana verma -> 7b5370b5-abcd-4ad2-908b-1791ca40d9c9
[USER-MATCH] Matched 'Robert Mbugua Kanyoro' by email: robert.mbugua@craftsilicon.com -> fb1e0a05-f047-4e22-a52b-b9b1fe4b4358
[STATUS-MATCH] Matched status 'To Do' by name: TO DO -> 26ce9725-f948-4e26-8bfd-5e353e685e59
[BANKING-MATCH] Found existing banking type 'ERP' -> d9a45733-9624-42c2-afcc-888ce998dbbe
📥 DOWNLOADING ISSUE-LEVEL ATTACHMENTS FOR ISP-1989
   Total files: 1 (9.47 MB)

   [1/1] 📥 Downloading: ISP-1989-PO for Tender.mp4 (9.47 MB)
  Attempt 1/3: Downloading from https://craftsilicon.atlassian.net/rest/api/3/attachment/content/130280...
  Following redirect 1/6 to: https://api.media.atlassian.com/file/54d45251-6a04-42f5-a29e-b19bf770ab82/binary?token=eyJhbGciOiJIUzI1NiJ9.eyJpc3MiOiJiN...
  Attempt 1/3: Downloading from https://api.media.atlassian.com/file/54d45251-6a04-42f5-a29e-b19bf770ab82/binary?token=eyJhbGciOiJIUzI1NiJ9.eyJpc3MiOiJiN...
  ✅ Downloaded 9930424 bytes successfully
   ✅ Successfully attached: ISP-1989-PO for Tender.mp4 (verified in storage)
  Attached ISP-1989-PO for Tender.mp4 to defect ISP-1989 (service_exists=true)

📊 Attachment Summary for ISP-1989:
   ✅ Uploaded: 1
   ⏭️  Skipped: 0
   ❌ Failed: 0

[LABEL] Processing 2 label(s) for ISP-1989
[LABEL-MATCH] Found existing label 'New_ERP' (stored as 'new_erp') -> a9f0bd31-9bc0-4a7b-90fc-2ed53a305e8d
[LABEL-ATTACH] Successfully attached label 'new_erp' (ID: a9f0bd31-9bc0-4a7b-90fc-2ed53a305e8d) to ISP-1989
[LABEL-MATCH] Found existing label 'QA' (stored as 'qa') -> f66526ba-6a94-47b5-8239-f9fae5aa2248
[LABEL-ATTACH] Successfully attached label 'qa' (ID: f66526ba-6a94-47b5-8239-f9fae5aa2248) to ISP-1989
[LABEL] Completed processing labels for ISP-1989. Total attached: 2
[DESCRIPTION-VALIDATE] ISP-1989: new_len=354, existing_len=367
[DESCRIPTION-UPDATE] ISP-1989: Updated description (354 chars)
  Previous: <div class="trix-content">
  <p><strong>Actual Result-</strong><span>Tender no. dropdown is displayed...
  Updated: <p><strong>Actual Result-</strong><span style="color: #ff5630">Tender no. dropdown is displayed as bl...
Processing issue 3/439: ISP-1988
[DEBUG-LABELS] Total labels found for ISP-1988: 2
[USER-MATCH] Matched 'archana.verma' by parsed first+last: archana verma -> 7b5370b5-abcd-4ad2-908b-1791ca40d9c9
[USER-MATCH] Matched 'Robert Mbugua Kanyoro' by email: robert.mbugua@craftsilicon.com -> fb1e0a05-f047-4e22-a52b-b9b1fe4b4358
[STATUS-MATCH] Matched status 'In Progress' by name: In Progress -> c805a0e9-73fc-4726-a1ab-d28b9a36469e
[BANKING-MATCH] Found existing banking type 'ERP' -> d9a45733-9624-42c2-afcc-888ce998dbbe
📥 DOWNLOADING ISSUE-LEVEL ATTACHMENTS FOR ISP-1988
   Total files: 1 (21.9 MB)

   [1/1] 📥 Downloading: ISP-1988-Tender based on Proc plan.mp4 (21.9 MB)
  Attempt 1/5: Downloading from https://craftsilicon.atlassian.net/rest/api/3/attachment/content/130273...
  Following redirect 1/6 to: https://api.media.atlassian.com/file/6b2edd1b-5042-4eb0-9c77-97c927cb9f55/binary?token=eyJhbGciOiJIUzI1NiJ9.eyJpc3MiOiJiN...
  Attempt 1/5: Downloading from https://api.media.atlassian.com/file/6b2edd1b-5042-4eb0-9c77-97c927cb9f55/binary?token=eyJhbGciOiJIUzI1NiJ9.eyJpc3MiOiJiN...
  📊 Downloaded 10.0/21.9 MB...
  📊 Downloaded 20.0/21.9 MB...
  ✅ Downloaded 22960062 bytes successfully
   ✅ Successfully attached: ISP-1988-Tender based on Proc plan.mp4 (verified in storage)
  Attached ISP-1988-Tender based on Proc plan.mp4 to defect ISP-1988 (service_exists=true)

📊 Attachment Summary for ISP-1988:
   ✅ Uploaded: 1
   ⏭️  Skipped: 0
   ❌ Failed: 0

[LABEL] Processing 2 label(s) for ISP-1988
[LABEL-MATCH] Found existing label 'New_ERP' (stored as 'new_erp') -> a9f0bd31-9bc0-4a7b-90fc-2ed53a305e8d
[LABEL-ATTACH] Successfully attached label 'new_erp' (ID: a9f0bd31-9bc0-4a7b-90fc-2ed53a305e8d) to ISP-1988
[LABEL-MATCH] Found existing label 'QA' (stored as 'qa') -> f66526ba-6a94-47b5-8239-f9fae5aa2248
[LABEL-ATTACH] Successfully attached label 'qa' (ID: f66526ba-6a94-47b5-8239-f9fae5aa2248) to ISP-1988
[LABEL] Completed processing labels for ISP-1988. Total attached: 2
[DESCRIPTION-VALIDATE] ISP-1988: new_len=79, existing_len=115
[DESCRIPTION-UPDATE] ISP-1988: Updated description (79 chars)
  Previous: <div class="trix-content">
  <p><strong>Actual Result-</strong></p>
<p><strong>Expected Result-</stro...
Processing issue 4/439: ISP-1979
[DEBUG-LABELS] Total labels found for ISP-1979: 2
[USER-MATCH] Matched 'archana.verma' by parsed first+last: archana verma -> 7b5370b5-abcd-4ad2-908b-1791ca40d9c9
[USER-MATCH] Matched 'Robert Mbugua Kanyoro' by email: robert.mbugua@craftsilicon.com -> fb1e0a05-f047-4e22-a52b-b9b1fe4b4358
[STATUS-MATCH] Matched status 'In Progress' by name: In Progress -> c805a0e9-73fc-4726-a1ab-d28b9a36469e
[BANKING-MATCH] Found existing banking type 'ERP' -> d9a45733-9624-42c2-afcc-888ce998dbbe
📥 DOWNLOADING ISSUE-LEVEL ATTACHMENTS FOR ISP-1979
   Total files: 1 (21.34 MB)

   [1/1] 📥 Downloading: ISP-1979, 1978-Tender details.mp4 (21.34 MB)
  Attempt 1/5: Downloading from https://craftsilicon.atlassian.net/rest/api/3/attachment/content/130216...
  Following redirect 1/6 to: https://api.media.atlassian.com/file/e05414be-f676-4be8-becd-00f2c7d6b76f/binary?token=eyJhbGciOiJIUzI1NiJ9.eyJpc3MiOiJiN...
  Attempt 1/5: Downloading from https://api.media.atlassian.com/file/e05414be-f676-4be8-becd-00f2c7d6b76f/binary?token=eyJhbGciOiJIUzI1NiJ9.eyJpc3MiOiJiN...
  📊 Downloaded 10.0/21.34 MB...
  📊 Downloaded 20.0/21.34 MB...
  ✅ Downloaded 22378248 bytes successfully
   ✅ Successfully attached: ISP-1979, 1978-Tender details.mp4 (verified in storage)
  Attached ISP-1979, 1978-Tender details.mp4 to defect ISP-1979 (service_exists=true)

📊 Attachment Summary for ISP-1979:
   ✅ Uploaded: 1
   ⏭️  Skipped: 0
   ❌ Failed: 0

[LABEL] Processing 2 label(s) for ISP-1979
[LABEL-MATCH] Found existing label 'New_ERP' (stored as 'new_erp') -> a9f0bd31-9bc0-4a7b-90fc-2ed53a305e8d
[LABEL-ATTACH] Successfully attached label 'new_erp' (ID: a9f0bd31-9bc0-4a7b-90fc-2ed53a305e8d) to ISP-1979
[LABEL-MATCH] Found existing label 'QA' (stored as 'qa') -> f66526ba-6a94-47b5-8239-f9fae5aa2248
[LABEL-ATTACH] Successfully attached label 'qa' (ID: f66526ba-6a94-47b5-8239-f9fae5aa2248) to ISP-1979
[LABEL] Completed processing labels for ISP-1979. Total attached: 2
[DESCRIPTION-VALIDATE] ISP-1979: new_len=332, existing_len=345
[DESCRIPTION-UPDATE] ISP-1979: Updated description (332 chars)
  Previous: <div class="trix-content">
  <p><strong>Actual Result-</strong><span>Items in this Tender section are...
  Updated: <p><strong>Actual Result-</strong><span style="color: #ff5630">Items in this Tender section are displ...
Processing issue 5/439: ISP-1978
[DEBUG-LABELS] Total labels found for ISP-1978: 2
[USER-MATCH] Matched 'archana.verma' by parsed first+last: archana verma -> 7b5370b5-abcd-4ad2-908b-1791ca40d9c9
[USER-MATCH] Matched 'Robert Mbugua Kanyoro' by email: robert.mbugua@craftsilicon.com -> fb1e0a05-f047-4e22-a52b-b9b1fe4b4358
[STATUS-MATCH] Matched status 'In Progress' by name: In Progress -> c805a0e9-73fc-4726-a1ab-d28b9a36469e
[BANKING-MATCH] Found existing banking type 'ERP' -> d9a45733-9624-42c2-afcc-888ce998dbbe
📥 DOWNLOADING ISSUE-LEVEL ATTACHMENTS FOR ISP-1978
   Total files: 1 (21.34 MB)

   [1/1] 📥 Downloading: ISP-1978-Tender details.mp4 (21.34 MB)
  Attempt 1/5: Downloading from https://craftsilicon.atlassian.net/rest/api/3/attachment/content/130215...
  Following redirect 1/6 to: https://api.media.atlassian.com/file/93523a22-dcd3-4480-8eea-08827b9d038f/binary?token=eyJhbGciOiJIUzI1NiJ9.eyJpc3MiOiJiN...
  Attempt 1/5: Downloading from https://api.media.atlassian.com/file/93523a22-dcd3-4480-8eea-08827b9d038f/binary?token=eyJhbGciOiJIUzI1NiJ9.eyJpc3MiOiJiN...
  📊 Downloaded 10.0/21.34 MB...
  📊 Downloaded 20.0/21.34 MB...
  ✅ Downloaded 22378248 bytes successfully
   ✅ Successfully attached: ISP-1978-Tender details.mp4 (verified in storage)
  Attached ISP-1978-Tender details.mp4 to defect ISP-1978 (service_exists=true)

📊 Attachment Summary for ISP-1978:
   ✅ Uploaded: 1
   ⏭️  Skipped: 0
   ❌ Failed: 0

[LABEL] Processing 2 label(s) for ISP-1978
[LABEL-MATCH] Found existing label 'New_ERP' (stored as 'new_erp') -> a9f0bd31-9bc0-4a7b-90fc-2ed53a305e8d
[LABEL-ATTACH] Successfully attached label 'new_erp' (ID: a9f0bd31-9bc0-4a7b-90fc-2ed53a305e8d) to ISP-1978
[LABEL-MATCH] Found existing label 'QA' (stored as 'qa') -> f66526ba-6a94-47b5-8239-f9fae5aa2248
[LABEL-ATTACH] Successfully attached label 'qa' (ID: f66526ba-6a94-47b5-8239-f9fae5aa2248) to ISP-1978
[LABEL] Completed processing labels for ISP-1978. Total attached: 2
[DESCRIPTION-VALIDATE] ISP-1978: new_len=476, existing_len=489
[DESCRIPTION-UPDATE] ISP-1978: Updated description (476 chars)
  Previous: <div class="trix-content">
  <p><strong>Actual Result-</strong><span>Tender is saved successfully wit...
  Updated: <p><strong>Actual Result-</strong><span style="color: #ff5630">Tender is saved successfully with inco...
Processing issue 6/439: ISP-1975
[DEBUG-LABELS] Total labels found for ISP-1975: 3
[USER-MATCH] Matched 'archana.verma' by parsed first+last: archana verma -> 7b5370b5-abcd-4ad2-908b-1791ca40d9c9
[USER-MATCH] Matched 'Robert Mbugua Kanyoro' by email: robert.mbugua@craftsilicon.com -> fb1e0a05-f047-4e22-a52b-b9b1fe4b4358
[STATUS-MATCH] Matched status 'In Progress' by name: In Progress -> c805a0e9-73fc-4726-a1ab-d28b9a36469e
[BANKING-MATCH] Found existing banking type 'ERP' -> d9a45733-9624-42c2-afcc-888ce998dbbe
📥 DOWNLOADING ISSUE-LEVEL ATTACHMENTS FOR ISP-1975
   Total files: 1 (39.09 MB)

   [1/1] 📥 Downloading: ISP-1975,1974, ISP-1973-Bulk Responsive and Contract Issues.mp4 (39.09 MB)
  Attempt 1/5: Downloading from https://craftsilicon.atlassian.net/rest/api/3/attachment/content/130209...
  Following redirect 1/6 to: https://api.media.atlassian.com/file/4c33180a-ed0f-407b-b29b-ffd2bbc9c567/binary?token=eyJhbGciOiJIUzI1NiJ9.eyJpc3MiOiJiN...
  Attempt 1/5: Downloading from https://api.media.atlassian.com/file/4c33180a-ed0f-407b-b29b-ffd2bbc9c567/binary?token=eyJhbGciOiJIUzI1NiJ9.eyJpc3MiOiJiN...
  📊 Downloaded 10.0/39.09 MB...
  📊 Downloaded 20.0/39.09 MB...
  📊 Downloaded 30.0/39.09 MB...
  ✅ Downloaded 40992984 bytes successfully
   ✅ Successfully attached: ISP-1975,1974, ISP-1973-Bulk Responsive and Contract Issues.mp4 (verified in storage)
  Attached ISP-1975,1974, ISP-1973-Bulk Responsive and Contract Issues.mp4 to defect ISP-1975 (service_exists=true)

📊 Attachment Summary for ISP-1975:
   ✅ Uploaded: 1
   ⏭️  Skipped: 0
   ❌ Failed: 0

[LABEL] Processing 3 label(s) for ISP-1975
[LABEL-MATCH] Found existing label 'Blocker' (stored as 'blocker') -> 53446826-4aac-4ac5-bcac-9aadd9a0f375
[LABEL-ATTACH] Successfully attached label 'blocker' (ID: 53446826-4aac-4ac5-bcac-9aadd9a0f375) to ISP-1975
[LABEL-MATCH] Found existing label 'New_ERP' (stored as 'new_erp') -> a9f0bd31-9bc0-4a7b-90fc-2ed53a305e8d
[LABEL-ATTACH] Successfully attached label 'new_erp' (ID: a9f0bd31-9bc0-4a7b-90fc-2ed53a305e8d) to ISP-1975
[LABEL-MATCH] Found existing label 'QA' (stored as 'qa') -> f66526ba-6a94-47b5-8239-f9fae5aa2248
[LABEL-ATTACH] Successfully attached label 'qa' (ID: f66526ba-6a94-47b5-8239-f9fae5aa2248) to ISP-1975
[LABEL] Completed processing labels for ISP-1975. Total attached: 3
[DESCRIPTION-VALIDATE] ISP-1975: new_len=79, existing_len=115
[DESCRIPTION-UPDATE] ISP-1975: Updated description (79 chars)
  Previous: <div class="trix-content">
  <p><strong>Actual Result-</strong></p>
<p><strong>Expected Result-</stro...
Processing issue 7/439: ISP-1974
[DEBUG-LABELS] Total labels found for ISP-1974: 2
[USER-MATCH] Matched 'archana.verma' by parsed first+last: archana verma -> 7b5370b5-abcd-4ad2-908b-1791ca40d9c9
[USER-MATCH] Matched 'Robert Mbugua Kanyoro' by email: robert.mbugua@craftsilicon.com -> fb1e0a05-f047-4e22-a52b-b9b1fe4b4358
[STATUS-MATCH] Matched status 'In Progress' by name: In Progress -> c805a0e9-73fc-4726-a1ab-d28b9a36469e
[BANKING-MATCH] Found existing banking type 'ERP' -> d9a45733-9624-42c2-afcc-888ce998dbbe
📥 DOWNLOADING ISSUE-LEVEL ATTACHMENTS FOR ISP-1974
   Total files: 1 (39.09 MB)

   [1/1] 📥 Downloading: ISP-1974, ISP-1973-Bulk Responsive and Contract Issues.mp4 (39.09 MB)
  Attempt 1/5: Downloading from https://craftsilicon.atlassian.net/rest/api/3/attachment/content/130208...
  Following redirect 1/6 to: https://api.media.atlassian.com/file/7ab85a16-0f49-40ff-a07f-aa6788fd8f1a/binary?token=eyJhbGciOiJIUzI1NiJ9.eyJpc3MiOiJiN...
  Attempt 1/5: Downloading from https://api.media.atlassian.com/file/7ab85a16-0f49-40ff-a07f-aa6788fd8f1a/binary?token=eyJhbGciOiJIUzI1NiJ9.eyJpc3MiOiJiN...
  📊 Downloaded 10.0/39.09 MB...
  📊 Downloaded 20.0/39.09 MB...
  📊 Downloaded 30.0/39.09 MB...
  ✅ Downloaded 40992984 bytes successfully
   ✅ Successfully attached: ISP-1974, ISP-1973-Bulk Responsive and Contract Issues.mp4 (verified in storage)
  Attached ISP-1974, ISP-1973-Bulk Responsive and Contract Issues.mp4 to defect ISP-1974 (service_exists=true)

📊 Attachment Summary for ISP-1974:
   ✅ Uploaded: 1
   ⏭️  Skipped: 0
   ❌ Failed: 0

[LABEL] Processing 2 label(s) for ISP-1974
[LABEL-MATCH] Found existing label 'New_ERP' (stored as 'new_erp') -> a9f0bd31-9bc0-4a7b-90fc-2ed53a305e8d
[LABEL-ATTACH] Successfully attached label 'new_erp' (ID: a9f0bd31-9bc0-4a7b-90fc-2ed53a305e8d) to ISP-1974
[LABEL-MATCH] Found existing label 'QA' (stored as 'qa') -> f66526ba-6a94-47b5-8239-f9fae5aa2248
[LABEL-ATTACH] Successfully attached label 'qa' (ID: f66526ba-6a94-47b5-8239-f9fae5aa2248) to ISP-1974
[LABEL] Completed processing labels for ISP-1974. Total attached: 2
[DESCRIPTION-VALIDATE] ISP-1974: new_len=79, existing_len=115
[DESCRIPTION-UPDATE] ISP-1974: Updated description (79 chars)
  Previous: <div class="trix-content">
  <p><strong>Actual Result-</strong></p>
<p><strong>Expected Result-</stro...
Processing issue 8/439: ISP-1973
[DEBUG-LABELS] Total labels found for ISP-1973: 2
[USER-MATCH] Matched 'archana.verma' by parsed first+last: archana verma -> 7b5370b5-abcd-4ad2-908b-1791ca40d9c9
[USER-MATCH] Matched 'Robert Mbugua Kanyoro' by email: robert.mbugua@craftsilicon.com -> fb1e0a05-f047-4e22-a52b-b9b1fe4b4358
[STATUS-MATCH] Matched status 'In Progress' by name: In Progress -> c805a0e9-73fc-4726-a1ab-d28b9a36469e
[BANKING-MATCH] Found existing banking type 'ERP' -> d9a45733-9624-42c2-afcc-888ce998dbbe
📥 DOWNLOADING ISSUE-LEVEL ATTACHMENTS FOR ISP-1973
   Total files: 2 (42.9 MB)

   [1/2] 📥 Downloading: ISP-1973-Bulk Non responsive.mp4 (3.8 MB)
  Attempt 1/3: Downloading from https://craftsilicon.atlassian.net/rest/api/3/attachment/content/130206...
  Following redirect 1/6 to: https://api.media.atlassian.com/file/b03c81db-a17d-4e67-a494-604d0823d967/binary?token=eyJhbGciOiJIUzI1NiJ9.eyJpc3MiOiJiN...
  Attempt 1/3: Downloading from https://api.media.atlassian.com/file/b03c81db-a17d-4e67-a494-604d0823d967/binary?token=eyJhbGciOiJIUzI1NiJ9.eyJpc3MiOiJiN...
  ✅ Downloaded 3988244 bytes successfully
   ✅ Successfully attached: ISP-1973-Bulk Non responsive.mp4 (verified in storage)
  Attached ISP-1973-Bulk Non responsive.mp4 to defect ISP-1973 (service_exists=true)
   [2/2] 📥 Downloading: ISP-1973-Bulk Responsive and Contract Issues.mp4 (39.09 MB)
  Attempt 1/5: Downloading from https://craftsilicon.atlassian.net/rest/api/3/attachment/content/130207...
  Following redirect 1/6 to: https://api.media.atlassian.com/file/0787234b-859e-4fb2-ab2f-a50311f8108c/binary?token=eyJhbGciOiJIUzI1NiJ9.eyJpc3MiOiJiN...
  Attempt 1/5: Downloading from https://api.media.atlassian.com/file/0787234b-859e-4fb2-ab2f-a50311f8108c/binary?token=eyJhbGciOiJIUzI1NiJ9.eyJpc3MiOiJiN...
  📊 Downloaded 10.0/39.09 MB...
  📊 Downloaded 20.0/39.09 MB...
  📊 Downloaded 30.0/39.09 MB...
  ✅ Downloaded 40992984 bytes successfully
   ✅ Successfully attached: ISP-1973-Bulk Responsive and Contract Issues.mp4 (verified in storage)
  Attached ISP-1973-Bulk Responsive and Contract Issues.mp4 to defect ISP-1973 (service_exists=true)

📊 Attachment Summary for ISP-1973:
   ✅ Uploaded: 2
   ⏭️  Skipped: 0
   ❌ Failed: 0

[LABEL] Processing 2 label(s) for ISP-1973
[LABEL-MATCH] Found existing label 'New_ERP' (stored as 'new_erp') -> a9f0bd31-9bc0-4a7b-90fc-2ed53a305e8d
[LABEL-ATTACH] Successfully attached label 'new_erp' (ID: a9f0bd31-9bc0-4a7b-90fc-2ed53a305e8d) to ISP-1973
[LABEL-MATCH] Found existing label 'QA' (stored as 'qa') -> f66526ba-6a94-47b5-8239-f9fae5aa2248
[LABEL-ATTACH] Successfully attached label 'qa' (ID: f66526ba-6a94-47b5-8239-f9fae5aa2248) to ISP-1973
[LABEL] Completed processing labels for ISP-1973. Total attached: 2
[DESCRIPTION-VALIDATE] ISP-1973: new_len=79, existing_len=115
[DESCRIPTION-UPDATE] ISP-1973: Updated description (79 chars)
  Previous: <div class="trix-content">
  <p><strong>Actual Result-</strong></p>
<p><strong>Expected Result-</stro...
Processing issue 9/439: ISP-1972
[DEBUG-LABELS] Total labels found for ISP-1972: 2
[USER-MATCH] Matched 'archana.verma' by parsed first+last: archana verma -> 7b5370b5-abcd-4ad2-908b-1791ca40d9c9
[USER-MATCH] Matched 'Robert Mbugua Kanyoro' by email: robert.mbugua@craftsilicon.com -> fb1e0a05-f047-4e22-a52b-b9b1fe4b4358
[STATUS-MATCH] Matched status 'In Progress' by name: In Progress -> c805a0e9-73fc-4726-a1ab-d28b9a36469e
[BANKING-MATCH] Found existing banking type 'ERP' -> d9a45733-9624-42c2-afcc-888ce998dbbe
📥 DOWNLOADING ISSUE-LEVEL ATTACHMENTS FOR ISP-1972
   Total files: 1 (25.63 MB)

   [1/1] 📥 Downloading: ISP-1972-Update Respon Check after Award.mp4 (25.63 MB)
  Attempt 1/5: Downloading from https://craftsilicon.atlassian.net/rest/api/3/attachment/content/130201...
  Following redirect 1/6 to: https://api.media.atlassian.com/file/d227cacf-2ad9-4760-92ce-4eb16b652e29/binary?token=eyJhbGciOiJIUzI1NiJ9.eyJpc3MiOiJiN...
  Attempt 1/5: Downloading from https://api.media.atlassian.com/file/d227cacf-2ad9-4760-92ce-4eb16b652e29/binary?token=eyJhbGciOiJIUzI1NiJ9.eyJpc3MiOiJiN...
  📊 Downloaded 10.0/25.63 MB...
  📊 Downloaded 20.0/25.63 MB...
  ✅ Downloaded 26878903 bytes successfully
   ✅ Successfully attached: ISP-1972-Update Respon Check after Award.mp4 (verified in storage)
  Attached ISP-1972-Update Respon Check after Award.mp4 to defect ISP-1972 (service_exists=true)

📊 Attachment Summary for ISP-1972:
   ✅ Uploaded: 1
   ⏭️  Skipped: 0
   ❌ Failed: 0

[LABEL] Processing 2 label(s) for ISP-1972
[LABEL-MATCH] Found existing label 'New_ERP' (stored as 'new_erp') -> a9f0bd31-9bc0-4a7b-90fc-2ed53a305e8d
[LABEL-ATTACH] Successfully attached label 'new_erp' (ID: a9f0bd31-9bc0-4a7b-90fc-2ed53a305e8d) to ISP-1972
[LABEL-MATCH] Found existing label 'QA' (stored as 'qa') -> f66526ba-6a94-47b5-8239-f9fae5aa2248
[LABEL-ATTACH] Successfully attached label 'qa' (ID: f66526ba-6a94-47b5-8239-f9fae5aa2248) to ISP-1972
[LABEL] Completed processing labels for ISP-1972. Total attached: 2
[DESCRIPTION-VALIDATE] ISP-1972: new_len=533, existing_len=546
[DESCRIPTION-UPDATE] ISP-1972: Updated description (533 chars)
  Previous: <div class="trix-content">
  <p><strong>Actual Result-</strong><span>Edit button is enabled and user ...
  Updated: <p><strong>Actual Result-</strong><span style="color: #ff5630">Edit button is enabled and user can mo...
Processing issue 10/439: ISP-1971
[DEBUG-LABELS] Total labels found for ISP-1971: 2
[USER-MATCH] Matched 'archana.verma' by parsed first+last: archana verma -> 7b5370b5-abcd-4ad2-908b-1791ca40d9c9
[USER-MATCH] Matched 'Robert Mbugua Kanyoro' by email: robert.mbugua@craftsilicon.com -> fb1e0a05-f047-4e22-a52b-b9b1fe4b4358
[STATUS-MATCH] Matched status 'In Progress' by name: In Progress -> c805a0e9-73fc-4726-a1ab-d28b9a36469e
[BANKING-MATCH] Found existing banking type 'ERP' -> d9a45733-9624-42c2-afcc-888ce998dbbe
📥 DOWNLOADING ISSUE-LEVEL ATTACHMENTS FOR ISP-1971
   Total files: 1 (23.56 MB)

   [1/1] 📥 Downloading: ISP-1971-Edit mode.mp4 (23.56 MB)
  Attempt 1/5: Downloading from https://craftsilicon.atlassian.net/rest/api/3/attachment/content/130199...
  Following redirect 1/6 to: https://api.media.atlassian.com/file/28a6c10a-9f32-47ae-8860-0732d692a2d4/binary?token=eyJhbGciOiJIUzI1NiJ9.eyJpc3MiOiJiN...
  Attempt 1/5: Downloading from https://api.media.atlassian.com/file/28a6c10a-9f32-47ae-8860-0732d692a2d4/binary?token=eyJhbGciOiJIUzI1NiJ9.eyJpc3MiOiJiN...
  📊 Downloaded 10.0/23.56 MB...
  📊 Downloaded 20.0/23.56 MB...
  ✅ Downloaded 24706637 bytes successfully
   ✅ Successfully attached: ISP-1971-Edit mode.mp4 (verified in storage)
  Attached ISP-1971-Edit mode.mp4 to defect ISP-1971 (service_exists=true)

📊 Attachment Summary for ISP-1971:
   ✅ Uploaded: 1
   ⏭️  Skipped: 0
   ❌ Failed: 0

[LABEL] Processing 2 label(s) for ISP-1971
[LABEL-MATCH] Found existing label 'New_ERP' (stored as 'new_erp') -> a9f0bd31-9bc0-4a7b-90fc-2ed53a305e8d
[LABEL-ATTACH] Successfully attached label 'new_erp' (ID: a9f0bd31-9bc0-4a7b-90fc-2ed53a305e8d) to ISP-1971
[LABEL-MATCH] Found existing label 'QA' (stored as 'qa') -> f66526ba-6a94-47b5-8239-f9fae5aa2248
[LABEL-ATTACH] Successfully attached label 'qa' (ID: f66526ba-6a94-47b5-8239-f9fae5aa2248) to ISP-1971
[LABEL] Completed processing labels for ISP-1971. Total attached: 2
[DESCRIPTION-VALIDATE] ISP-1971: new_len=40, existing_len=76
[DESCRIPTION-UPDATE] ISP-1971: Updated description (40 chars)
Processing issue 11/439: ISP-1970
[DEBUG-LABELS] Total labels found for ISP-1970: 2
[USER-FALLBACK] Using default user for 'Kiriba Delphine' -> b3613172-fc54-4742-b2ba-c10b97d15bf4
[USER-MATCH] Matched 'Robert Mbugua Kanyoro' by email: robert.mbugua@craftsilicon.com -> fb1e0a05-f047-4e22-a52b-b9b1fe4b4358
[STATUS-MATCH] Matched status 'In Progress' by name: In Progress -> c805a0e9-73fc-4726-a1ab-d28b9a36469e
[BANKING-MATCH] Found existing banking type 'ERP' -> d9a45733-9624-42c2-afcc-888ce998dbbe
📥 DOWNLOADING ISSUE-LEVEL ATTACHMENTS FOR ISP-1970
   Total files: 1 (0.78 MB)

   [1/1] 📥 Downloading: addstckItm.mp4 (0.78 MB)
  Attempt 1/3: Downloading from https://craftsilicon.atlassian.net/rest/api/3/attachment/content/130197...
  Following redirect 1/6 to: https://api.media.atlassian.com/file/539e5d8f-e090-4766-8a13-7aa6e839ff80/binary?token=eyJhbGciOiJIUzI1NiJ9.eyJpc3MiOiJiN...
  Attempt 1/3: Downloading from https://api.media.atlassian.com/file/539e5d8f-e090-4766-8a13-7aa6e839ff80/binary?token=eyJhbGciOiJIUzI1NiJ9.eyJpc3MiOiJiN...
  ✅ Downloaded 814447 bytes successfully
   ✅ Successfully attached: addstckItm.mp4 (verified in storage)
  Attached addstckItm.mp4 to defect ISP-1970 (service_exists=true)

📊 Attachment Summary for ISP-1970:
   ✅ Uploaded: 1
   ⏭️  Skipped: 0
   ❌ Failed: 0

[LABEL] Processing 2 label(s) for ISP-1970
[LABEL-MATCH] Found existing label 'New_ERP' (stored as 'new_erp') -> a9f0bd31-9bc0-4a7b-90fc-2ed53a305e8d
[LABEL-ATTACH] Successfully attached label 'new_erp' (ID: a9f0bd31-9bc0-4a7b-90fc-2ed53a305e8d) to ISP-1970
[LABEL-MATCH] Found existing label 'QA' (stored as 'qa') -> f66526ba-6a94-47b5-8239-f9fae5aa2248
[LABEL-ATTACH] Successfully attached label 'qa' (ID: f66526ba-6a94-47b5-8239-f9fae5aa2248) to ISP-1970
[LABEL] Completed processing labels for ISP-1970. Total attached: 2
[DESCRIPTION-VALIDATE] ISP-1970: new_len=114, existing_len=150
[DESCRIPTION-UPDATE] ISP-1970: Updated description (114 chars)
  Previous: <div class="trix-content">
  <p><strong>Repro Steps:</strong></p>
<p><strong>Actual Result</strong></...
  Updated: <p><strong>Repro Steps:</strong></p>
<p><strong>Actual Result</strong></p>
<p><strong>Expected Result...
Processing issue 12/439: ISP-1969
[DEBUG-LABELS] Total labels found for ISP-1969: 2
[USER-FALLBACK] Using default user for 'Kiriba Delphine' -> b3613172-fc54-4742-b2ba-c10b97d15bf4
[USER-MATCH] Matched 'Robert Mbugua Kanyoro' by email: robert.mbugua@craftsilicon.com -> fb1e0a05-f047-4e22-a52b-b9b1fe4b4358
[STATUS-MATCH] Matched status 'In Progress' by name: In Progress -> c805a0e9-73fc-4726-a1ab-d28b9a36469e
[BANKING-MATCH] Found existing banking type 'ERP' -> d9a45733-9624-42c2-afcc-888ce998dbbe
📥 DOWNLOADING ISSUE-LEVEL ATTACHMENTS FOR ISP-1969
   Total files: 1 (15.57 MB)

   [1/1] 📥 Downloading: stckAdjstmntFtureDte.mp4 (15.57 MB)
  Attempt 1/3: Downloading from https://craftsilicon.atlassian.net/rest/api/3/attachment/content/130163...
  Following redirect 1/6 to: https://api.media.atlassian.com/file/8007ea11-f7a8-46eb-a2fd-ec173215d5ec/binary?token=eyJhbGciOiJIUzI1NiJ9.eyJpc3MiOiJiN...
  Attempt 1/3: Downloading from https://api.media.atlassian.com/file/8007ea11-f7a8-46eb-a2fd-ec173215d5ec/binary?token=eyJhbGciOiJIUzI1NiJ9.eyJpc3MiOiJiN...
  📊 Downloaded 10.0/15.57 MB...
  ✅ Downloaded 16321779 bytes successfully
   ✅ Successfully attached: stckAdjstmntFtureDte.mp4 (verified in storage)
  Attached stckAdjstmntFtureDte.mp4 to defect ISP-1969 (service_exists=true)

📊 Attachment Summary for ISP-1969:
   ✅ Uploaded: 1
   ⏭️  Skipped: 0
   ❌ Failed: 0

[LABEL] Processing 2 label(s) for ISP-1969
[LABEL-MATCH] Found existing label 'New_ERP' (stored as 'new_erp') -> a9f0bd31-9bc0-4a7b-90fc-2ed53a305e8d
[LABEL-ATTACH] Successfully attached label 'new_erp' (ID: a9f0bd31-9bc0-4a7b-90fc-2ed53a305e8d) to ISP-1969
[LABEL-MATCH] Found existing label 'QA' (stored as 'qa') -> f66526ba-6a94-47b5-8239-f9fae5aa2248
[LABEL-ATTACH] Successfully attached label 'qa' (ID: f66526ba-6a94-47b5-8239-f9fae5aa2248) to ISP-1969
[LABEL] Completed processing labels for ISP-1969. Total attached: 2
[DESCRIPTION-VALIDATE] ISP-1969: new_len=455, existing_len=491
[DESCRIPTION-UPDATE] ISP-1969: Updated description (455 chars)
  Previous: <div class="trix-content">
  <p><strong>Repro Steps:</strong></p>
<p><strong>Actual Result</strong></...
  Updated: <p><strong>Repro Steps:</strong></p>
<p><strong>Actual Result</strong></p>
<p>The system allows users...
Processing issue 13/439: ISP-1968
[DEBUG-LABELS] Total labels found for ISP-1968: 2
[USER-FALLBACK] Using default user for 'Kiriba Delphine' -> b3613172-fc54-4742-b2ba-c10b97d15bf4
[USER-MATCH] Matched 'Robert Mbugua Kanyoro' by email: robert.mbugua@craftsilicon.com -> fb1e0a05-f047-4e22-a52b-b9b1fe4b4358
[STATUS-MATCH] Matched status 'In Progress' by name: In Progress -> c805a0e9-73fc-4726-a1ab-d28b9a36469e
[BANKING-MATCH] Found existing banking type 'ERP' -> d9a45733-9624-42c2-afcc-888ce998dbbe
📥 DOWNLOADING ISSUE-LEVEL ATTACHMENTS FOR ISP-1968
   Total files: 1 (1.4 MB)

   [1/1] 📥 Downloading: stckAdjstmnt.mp4 (1.4 MB)
  Attempt 1/3: Downloading from https://craftsilicon.atlassian.net/rest/api/3/attachment/content/130161...
  Following redirect 1/6 to: https://api.media.atlassian.com/file/e29ca6d2-9b78-48c3-b260-9a4f3c085837/binary?token=eyJhbGciOiJIUzI1NiJ9.eyJpc3MiOiJiN...
  Attempt 1/3: Downloading from https://api.media.atlassian.com/file/e29ca6d2-9b78-48c3-b260-9a4f3c085837/binary?token=eyJhbGciOiJIUzI1NiJ9.eyJpc3MiOiJiN...
  ✅ Downloaded 1470199 bytes successfully
   ✅ Successfully attached: stckAdjstmnt.mp4 (verified in storage)
  Attached stckAdjstmnt.mp4 to defect ISP-1968 (service_exists=true)

📊 Attachment Summary for ISP-1968:
   ✅ Uploaded: 1
   ⏭️  Skipped: 0
   ❌ Failed: 0

[LABEL] Processing 2 label(s) for ISP-1968
[LABEL-MATCH] Found existing label 'New_ERP' (stored as 'new_erp') -> a9f0bd31-9bc0-4a7b-90fc-2ed53a305e8d
[LABEL-ATTACH] Successfully attached label 'new_erp' (ID: a9f0bd31-9bc0-4a7b-90fc-2ed53a305e8d) to ISP-1968
[LABEL-MATCH] Found existing label 'QA' (stored as 'qa') -> f66526ba-6a94-47b5-8239-f9fae5aa2248
[LABEL-ATTACH] Successfully attached label 'qa' (ID: f66526ba-6a94-47b5-8239-f9fae5aa2248) to ISP-1968
[LABEL] Completed processing labels for ISP-1968. Total attached: 2
[DESCRIPTION-VALIDATE] ISP-1968: new_len=413, existing_len=449
[DESCRIPTION-UPDATE] ISP-1968: Updated description (413 chars)
  Previous: <div class="trix-content">
  <p><strong>Repro Steps:</strong></p>
<p><strong>Actual Result</strong></...
  Updated: <p><strong>Repro Steps:</strong></p>
<p><strong>Actual Result</strong></p>
<p><strong>Expected Result...
Processing issue 14/439: ISP-1967
[DEBUG-LABELS] Total labels found for ISP-1967: 2
[USER-FALLBACK] Using default user for 'Kiriba Delphine' -> b3613172-fc54-4742-b2ba-c10b97d15bf4
[USER-MATCH] Matched 'Robert Mbugua Kanyoro' by email: robert.mbugua@craftsilicon.com -> fb1e0a05-f047-4e22-a52b-b9b1fe4b4358
[STATUS-MATCH] Matched status 'In Progress' by name: In Progress -> c805a0e9-73fc-4726-a1ab-d28b9a36469e
[BANKING-MATCH] Found existing banking type 'ERP' -> d9a45733-9624-42c2-afcc-888ce998dbbe
📥 DOWNLOADING ISSUE-LEVEL ATTACHMENTS FOR ISP-1967
   Total files: 1 (0.47 MB)

   [1/1] 📥 Downloading: fromBrnchFld.mp4 (0.47 MB)
  Attempt 1/3: Downloading from https://craftsilicon.atlassian.net/rest/api/3/attachment/content/130159...
  Following redirect 1/6 to: https://api.media.atlassian.com/file/0a9a4a22-fdc1-4c1b-b230-84d4b514c0ab/binary?token=eyJhbGciOiJIUzI1NiJ9.eyJpc3MiOiJiN...
  Attempt 1/3: Downloading from https://api.media.atlassian.com/file/0a9a4a22-fdc1-4c1b-b230-84d4b514c0ab/binary?token=eyJhbGciOiJIUzI1NiJ9.eyJpc3MiOiJiN...
  ✅ Downloaded 491898 bytes successfully
   ✅ Successfully attached: fromBrnchFld.mp4 (verified in storage)
  Attached fromBrnchFld.mp4 to defect ISP-1967 (service_exists=true)

📊 Attachment Summary for ISP-1967:
   ✅ Uploaded: 1
   ⏭️  Skipped: 0
   ❌ Failed: 0

[LABEL] Processing 2 label(s) for ISP-1967
[LABEL-MATCH] Found existing label 'New_ERP' (stored as 'new_erp') -> a9f0bd31-9bc0-4a7b-90fc-2ed53a305e8d
[LABEL-ATTACH] Successfully attached label 'new_erp' (ID: a9f0bd31-9bc0-4a7b-90fc-2ed53a305e8d) to ISP-1967
[LABEL-MATCH] Found existing label 'QA' (stored as 'qa') -> f66526ba-6a94-47b5-8239-f9fae5aa2248
[LABEL-ATTACH] Successfully attached label 'qa' (ID: f66526ba-6a94-47b5-8239-f9fae5aa2248) to ISP-1967
[LABEL] Completed processing labels for ISP-1967. Total attached: 2
[DESCRIPTION-VALIDATE] ISP-1967: new_len=353, existing_len=389
[DESCRIPTION-UPDATE] ISP-1967: Updated description (353 chars)
  Previous: <div class="trix-content">
  <p><strong>Repro Steps:</strong></p>
<p><strong>Actual Result</strong></...
  Updated: <p><strong>Repro Steps:</strong></p>
<p><strong>Actual Result</strong></p>
<p><strong>Expected Result...
Processing issue 15/439: ISP-1966
[DEBUG-LABELS] Total labels found for ISP-1966: 2
[USER-MATCH] Matched 'archana.verma' by parsed first+last: archana verma -> 7b5370b5-abcd-4ad2-908b-1791ca40d9c9
[USER-MATCH] Matched 'Robert Mbugua Kanyoro' by email: robert.mbugua@craftsilicon.com -> fb1e0a05-f047-4e22-a52b-b9b1fe4b4358
[STATUS-MATCH] Matched status 'In Progress' by name: In Progress -> c805a0e9-73fc-4726-a1ab-d28b9a36469e
[BANKING-MATCH] Found existing banking type 'ERP' -> d9a45733-9624-42c2-afcc-888ce998dbbe
📥 DOWNLOADING ISSUE-LEVEL ATTACHMENTS FOR ISP-1966
   Total files: 1 (28.85 MB)

   [1/1] 📥 Downloading: ISP-1966,1962-Bid opening.mp4 (28.85 MB)
  Attempt 1/5: Downloading from https://craftsilicon.atlassian.net/rest/api/3/attachment/content/130157...
  Following redirect 1/6 to: https://api.media.atlassian.com/file/5ad01eca-8703-4557-8a92-d977055560ca/binary?token=eyJhbGciOiJIUzI1NiJ9.eyJpc3MiOiJiN...
  Attempt 1/5: Downloading from https://api.media.atlassian.com/file/5ad01eca-8703-4557-8a92-d977055560ca/binary?token=eyJhbGciOiJIUzI1NiJ9.eyJpc3MiOiJiN...
  📊 Downloaded 10.0/28.85 MB...
  📊 Downloaded 20.0/28.85 MB...
  ✅ Downloaded 30247539 bytes successfully
   ✅ Successfully attached: ISP-1966,1962-Bid opening.mp4 (verified in storage)
  Attached ISP-1966,1962-Bid opening.mp4 to defect ISP-1966 (service_exists=true)

📊 Attachment Summary for ISP-1966:
   ✅ Uploaded: 1
   ⏭️  Skipped: 0
   ❌ Failed: 0

[LABEL] Processing 2 label(s) for ISP-1966
[LABEL-MATCH] Found existing label 'New_ERP' (stored as 'new_erp') -> a9f0bd31-9bc0-4a7b-90fc-2ed53a305e8d
[LABEL-ATTACH] Successfully attached label 'new_erp' (ID: a9f0bd31-9bc0-4a7b-90fc-2ed53a305e8d) to ISP-1966
[LABEL-MATCH] Found existing label 'QA' (stored as 'qa') -> f66526ba-6a94-47b5-8239-f9fae5aa2248
[LABEL-ATTACH] Successfully attached label 'qa' (ID: f66526ba-6a94-47b5-8239-f9fae5aa2248) to ISP-1966
[LABEL] Completed processing labels for ISP-1966. Total attached: 2
[DESCRIPTION-VALIDATE] ISP-1966: new_len=183, existing_len=219
[DESCRIPTION-UPDATE] ISP-1966: Updated description (183 chars)
  Previous: <div class="trix-content">
  <p><strong>Actual Result-</strong></p>
<p><strong>Expected Result-</stro...
  Updated: <p><strong>Actual Result-</strong></p>
<p><strong>Expected Result-</strong>Instruction for Ready for ...
Processing issue 16/439: ISP-1965
[DEBUG-LABELS] Total labels found for ISP-1965: 2
[USER-MATCH] Matched 'archana.verma' by parsed first+last: archana verma -> 7b5370b5-abcd-4ad2-908b-1791ca40d9c9
[USER-MATCH] Matched 'Robert Mbugua Kanyoro' by email: robert.mbugua@craftsilicon.com -> fb1e0a05-f047-4e22-a52b-b9b1fe4b4358
[STATUS-MATCH] Matched status 'In Progress' by name: In Progress -> c805a0e9-73fc-4726-a1ab-d28b9a36469e
[BANKING-MATCH] Found existing banking type 'ERP' -> d9a45733-9624-42c2-afcc-888ce998dbbe
📥 DOWNLOADING ISSUE-LEVEL ATTACHMENTS FOR ISP-1965
   Total files: 1 (21.69 MB)

   [1/1] 📥 Downloading: ISP-1965, 1964,1963-Tender docs and timing.mp4 (21.69 MB)
  Attempt 1/5: Downloading from https://craftsilicon.atlassian.net/rest/api/3/attachment/content/130156...
  Following redirect 1/6 to: https://api.media.atlassian.com/file/0f143343-75bf-4b01-ac3b-05d032fa1409/binary?token=eyJhbGciOiJIUzI1NiJ9.eyJpc3MiOiJiN...
  Attempt 1/5: Downloading from https://api.media.atlassian.com/file/0f143343-75bf-4b01-ac3b-05d032fa1409/binary?token=eyJhbGciOiJIUzI1NiJ9.eyJpc3MiOiJiN...
  📊 Downloaded 10.0/21.69 MB...
  📊 Downloaded 20.0/21.69 MB...
  ✅ Downloaded 22744712 bytes successfully
   ✅ Successfully attached: ISP-1965, 1964,1963-Tender docs and timing.mp4 (verified in storage)
  Attached ISP-1965, 1964,1963-Tender docs and timing.mp4 to defect ISP-1965 (service_exists=true)

📊 Attachment Summary for ISP-1965:
   ✅ Uploaded: 1
   ⏭️  Skipped: 0
   ❌ Failed: 0

[LABEL] Processing 2 label(s) for ISP-1965
[LABEL-MATCH] Found existing label 'New_ERP' (stored as 'new_erp') -> a9f0bd31-9bc0-4a7b-90fc-2ed53a305e8d
[LABEL-ATTACH] Successfully attached label 'new_erp' (ID: a9f0bd31-9bc0-4a7b-90fc-2ed53a305e8d) to ISP-1965
[LABEL-MATCH] Found existing label 'QA' (stored as 'qa') -> f66526ba-6a94-47b5-8239-f9fae5aa2248
[LABEL-ATTACH] Successfully attached label 'qa' (ID: f66526ba-6a94-47b5-8239-f9fae5aa2248) to ISP-1965
[LABEL] Completed processing labels for ISP-1965. Total attached: 2
[DESCRIPTION-VALIDATE] ISP-1965: new_len=336, existing_len=349
[DESCRIPTION-UPDATE] ISP-1965: Updated description (336 chars)
  Previous: <div class="trix-content">
  <p><strong>Actual Result-</strong><span>Documents cannot be viewed and I...
  Updated: <p><strong>Actual Result-</strong><span style="color: #ff5630">Documents cannot be viewed and I am ge...
Processing issue 17/439: ISP-1964
[DEBUG-LABELS] Total labels found for ISP-1964: 2
[USER-MATCH] Matched 'archana.verma' by parsed first+last: archana verma -> 7b5370b5-abcd-4ad2-908b-1791ca40d9c9
[USER-MATCH] Matched 'Robert Mbugua Kanyoro' by email: robert.mbugua@craftsilicon.com -> fb1e0a05-f047-4e22-a52b-b9b1fe4b4358
[STATUS-MATCH] Matched status 'In Progress' by name: In Progress -> c805a0e9-73fc-4726-a1ab-d28b9a36469e
[BANKING-MATCH] Found existing banking type 'ERP' -> d9a45733-9624-42c2-afcc-888ce998dbbe
📥 DOWNLOADING ISSUE-LEVEL ATTACHMENTS FOR ISP-1964
   Total files: 1 (21.69 MB)

   [1/1] 📥 Downloading: ISP-1964,1963-Tender docs and timing.mp4 (21.69 MB)
  Attempt 1/5: Downloading from https://craftsilicon.atlassian.net/rest/api/3/attachment/content/130155...
  Following redirect 1/6 to: https://api.media.atlassian.com/file/15719087-14f3-482d-a802-b8f8fac05d5b/binary?token=eyJhbGciOiJIUzI1NiJ9.eyJpc3MiOiJiN...
  Attempt 1/5: Downloading from https://api.media.atlassian.com/file/15719087-14f3-482d-a802-b8f8fac05d5b/binary?token=eyJhbGciOiJIUzI1NiJ9.eyJpc3MiOiJiN...
  📊 Downloaded 10.0/21.69 MB...
  📊 Downloaded 20.0/21.69 MB...
  ✅ Downloaded 22744712 bytes successfully
   ✅ Successfully attached: ISP-1964,1963-Tender docs and timing.mp4 (verified in storage)
  Attached ISP-1964,1963-Tender docs and timing.mp4 to defect ISP-1964 (service_exists=true)

📊 Attachment Summary for ISP-1964:
   ✅ Uploaded: 1
   ⏭️  Skipped: 0
   ❌ Failed: 0

[LABEL] Processing 2 label(s) for ISP-1964
[LABEL-MATCH] Found existing label 'New_ERP' (stored as 'new_erp') -> a9f0bd31-9bc0-4a7b-90fc-2ed53a305e8d
[LABEL-ATTACH] Successfully attached label 'new_erp' (ID: a9f0bd31-9bc0-4a7b-90fc-2ed53a305e8d) to ISP-1964
[LABEL-MATCH] Found existing label 'QA' (stored as 'qa') -> f66526ba-6a94-47b5-8239-f9fae5aa2248
[LABEL-ATTACH] Successfully attached label 'qa' (ID: f66526ba-6a94-47b5-8239-f9fae5aa2248) to ISP-1964
[LABEL] Completed processing labels for ISP-1964. Total attached: 2
[DESCRIPTION-VALIDATE] ISP-1964: new_len=79, existing_len=115
[DESCRIPTION-UPDATE] ISP-1964: Updated description (79 chars)
  Previous: <div class="trix-content">
  <p><strong>Actual Result-</strong></p>
<p><strong>Expected Result-</stro...
Processing issue 18/439: ISP-1962
[DEBUG-LABELS] Total labels found for ISP-1962: 2
[USER-MATCH] Matched 'archana.verma' by parsed first+last: archana verma -> 7b5370b5-abcd-4ad2-908b-1791ca40d9c9
[USER-MATCH] Matched 'Robert Mbugua Kanyoro' by email: robert.mbugua@craftsilicon.com -> fb1e0a05-f047-4e22-a52b-b9b1fe4b4358
[STATUS-MATCH] Matched status 'In Progress' by name: In Progress -> c805a0e9-73fc-4726-a1ab-d28b9a36469e
[BANKING-MATCH] Found existing banking type 'ERP' -> d9a45733-9624-42c2-afcc-888ce998dbbe
📥 DOWNLOADING ISSUE-LEVEL ATTACHMENTS FOR ISP-1962
   Total files: 1 (28.85 MB)

   [1/1] 📥 Downloading: ISP-1962-Bid opening.mp4 (28.85 MB)
  Attempt 1/5: Downloading from https://craftsilicon.atlassian.net/rest/api/3/attachment/content/130089...
  Following redirect 1/6 to: https://api.media.atlassian.com/file/18457c4e-3d13-4f27-8e05-10e862fc292b/binary?token=eyJhbGciOiJIUzI1NiJ9.eyJpc3MiOiJiN...
  Attempt 1/5: Downloading from https://api.media.atlassian.com/file/18457c4e-3d13-4f27-8e05-10e862fc292b/binary?token=eyJhbGciOiJIUzI1NiJ9.eyJpc3MiOiJiN...
  📊 Downloaded 10.0/28.85 MB...
  📊 Downloaded 20.0/28.85 MB...
  ✅ Downloaded 30247539 bytes successfully
   ✅ Successfully attached: ISP-1962-Bid opening.mp4 (verified in storage)
  Attached ISP-1962-Bid opening.mp4 to defect ISP-1962 (service_exists=true)

📊 Attachment Summary for ISP-1962:
   ✅ Uploaded: 1
   ⏭️  Skipped: 0
   ❌ Failed: 0

[LABEL] Processing 2 label(s) for ISP-1962
[LABEL-MATCH] Found existing label 'New_ERP' (stored as 'new_erp') -> a9f0bd31-9bc0-4a7b-90fc-2ed53a305e8d
[LABEL-ATTACH] Successfully attached label 'new_erp' (ID: a9f0bd31-9bc0-4a7b-90fc-2ed53a305e8d) to ISP-1962
[LABEL-MATCH] Found existing label 'QA' (stored as 'qa') -> f66526ba-6a94-47b5-8239-f9fae5aa2248
[LABEL-ATTACH] Successfully attached label 'qa' (ID: f66526ba-6a94-47b5-8239-f9fae5aa2248) to ISP-1962
[LABEL] Completed processing labels for ISP-1962. Total attached: 2
[DESCRIPTION-VALIDATE] ISP-1962: new_len=374, existing_len=410
[DESCRIPTION-UPDATE] ISP-1962: Updated description (374 chars)
  Previous: <div class="trix-content">
  <p><strong>Actual Result-</strong></p>
<p><strong>Expected Result-</stro...
  Updated: <p><strong>Actual Result-</strong></p>
<p><strong>Expected Result-</strong>On the listing on Tender B...
Processing issue 19/439: ISP-1961
[DEBUG-LABELS] Total labels found for ISP-1961: 2
[USER-FALLBACK] Using default user for 'Stephen Mungai' -> b3613172-fc54-4742-b2ba-c10b97d15bf4
[USER-MATCH] Matched 'Robert Mbugua Kanyoro' by email: robert.mbugua@craftsilicon.com -> fb1e0a05-f047-4e22-a52b-b9b1fe4b4358
[STATUS-MATCH] Matched status 'In Progress' by name: In Progress -> c805a0e9-73fc-4726-a1ab-d28b9a36469e
[BANKING-MATCH] Found existing banking type 'ERP' -> d9a45733-9624-42c2-afcc-888ce998dbbe
📥 DOWNLOADING ISSUE-LEVEL ATTACHMENTS FOR ISP-1961
   Total files: 1 (3.97 MB)

   [1/1] 📥 Downloading: Price ID Error 25.11.2025.mp4 (3.97 MB)
  Attempt 1/3: Downloading from https://craftsilicon.atlassian.net/rest/api/3/attachment/content/130022...
  Following redirect 1/6 to: https://api.media.atlassian.com/file/f09228b2-cd71-4a6b-b94b-081321a9fa20/binary?token=eyJhbGciOiJIUzI1NiJ9.eyJpc3MiOiJiN...
  Attempt 1/3: Downloading from https://api.media.atlassian.com/file/f09228b2-cd71-4a6b-b94b-081321a9fa20/binary?token=eyJhbGciOiJIUzI1NiJ9.eyJpc3MiOiJiN...
  ✅ Downloaded 4166420 bytes successfully
   ✅ Successfully attached: Price ID Error 25.11.2025.mp4 (verified in storage)
  Attached Price ID Error 25.11.2025.mp4 to defect ISP-1961 (service_exists=true)

📊 Attachment Summary for ISP-1961:
   ✅ Uploaded: 1
   ⏭️  Skipped: 0
   ❌ Failed: 0

[LABEL] Processing 2 label(s) for ISP-1961
[LABEL-MATCH] Found existing label 'New_ERP' (stored as 'new_erp') -> a9f0bd31-9bc0-4a7b-90fc-2ed53a305e8d
[LABEL-ATTACH] Successfully attached label 'new_erp' (ID: a9f0bd31-9bc0-4a7b-90fc-2ed53a305e8d) to ISP-1961
[LABEL-MATCH] Found existing label 'QA' (stored as 'qa') -> f66526ba-6a94-47b5-8239-f9fae5aa2248
[LABEL-ATTACH] Successfully attached label 'qa' (ID: f66526ba-6a94-47b5-8239-f9fae5aa2248) to ISP-1961
[LABEL] Completed processing labels for ISP-1961. Total attached: 2
[DESCRIPTION-VALIDATE] ISP-1961: new_len=115, existing_len=151
[DESCRIPTION-UPDATE] ISP-1961: Updated description (115 chars)
  Previous: <div class="trix-content">
  <p><strong>Repro Steps</strong></p>
<p><strong>Actual Results</strong></...
  Updated: <p><strong>Repro Steps</strong></p>
<p><strong>Actual Results</strong></p>
<p><strong>Expected Result...
Processing issue 20/439: ISP-1960
[DEBUG-LABELS] Total labels found for ISP-1960: 2
[USER-FALLBACK] Using default user for 'Stephen Mungai' -> b3613172-fc54-4742-b2ba-c10b97d15bf4
[USER-MATCH] Matched 'Robert Mbugua Kanyoro' by email: robert.mbugua@craftsilicon.com -> fb1e0a05-f047-4e22-a52b-b9b1fe4b4358
[STATUS-MATCH] Matched status 'In Progress' by name: In Progress -> c805a0e9-73fc-4726-a1ab-d28b9a36469e
[BANKING-MATCH] Found existing banking type 'ERP' -> d9a45733-9624-42c2-afcc-888ce998dbbe
📥 DOWNLOADING ISSUE-LEVEL ATTACHMENTS FOR ISP-1960
   Total files: 1 (1.67 MB)

   [1/1] 📥 Downloading: Add Price Currency &Amount.mp4 (1.67 MB)
  Attempt 1/3: Downloading from https://craftsilicon.atlassian.net/rest/api/3/attachment/content/130020...
  Following redirect 1/6 to: https://api.media.atlassian.com/file/5bd0f666-7e74-44d3-a483-59932de0197f/binary?token=eyJhbGciOiJIUzI1NiJ9.eyJpc3MiOiJiN...
  Attempt 1/3: Downloading from https://api.media.atlassian.com/file/5bd0f666-7e74-44d3-a483-59932de0197f/binary?token=eyJhbGciOiJIUzI1NiJ9.eyJpc3MiOiJiN...
  ✅ Downloaded 1749587 bytes successfully
   ✅ Successfully attached: Add Price Currency &Amount.mp4 (verified in storage)
  Attached Add Price Currency &Amount.mp4 to defect ISP-1960 (service_exists=true)

📊 Attachment Summary for ISP-1960:
   ✅ Uploaded: 1
   ⏭️  Skipped: 0
   ❌ Failed: 0

[LABEL] Processing 2 label(s) for ISP-1960
[LABEL-MATCH] Found existing label 'New_ERP' (stored as 'new_erp') -> a9f0bd31-9bc0-4a7b-90fc-2ed53a305e8d
[LABEL-ATTACH] Successfully attached label 'new_erp' (ID: a9f0bd31-9bc0-4a7b-90fc-2ed53a305e8d) to ISP-1960
[LABEL-MATCH] Found existing label 'QA' (stored as 'qa') -> f66526ba-6a94-47b5-8239-f9fae5aa2248
[LABEL-ATTACH] Successfully attached label 'qa' (ID: f66526ba-6a94-47b5-8239-f9fae5aa2248) to ISP-1960
[LABEL] Completed processing labels for ISP-1960. Total attached: 2
[DESCRIPTION-VALIDATE] ISP-1960: new_len=388, existing_len=424
[DESCRIPTION-UPDATE] ISP-1960: Updated description (388 chars)
  Previous: <div class="trix-content">
  <p><strong>Repro Steps</strong></p>
<p><strong>Actual Results</strong></...
  Updated: <p><strong>Repro Steps</strong></p>
<p><strong>Actual Results</strong></p>
<p>When a large numeric am...
Processing issue 21/439: ISP-1959
[DEBUG-LABELS] Total labels found for ISP-1959: 2
[USER-FALLBACK] Using default user for 'Stephen Mungai' -> b3613172-fc54-4742-b2ba-c10b97d15bf4
[USER-MATCH] Matched 'Robert Mbugua Kanyoro' by email: robert.mbugua@craftsilicon.com -> fb1e0a05-f047-4e22-a52b-b9b1fe4b4358
[STATUS-MATCH] Matched status 'In Progress' by name: In Progress -> c805a0e9-73fc-4726-a1ab-d28b9a36469e
[BANKING-MATCH] Found existing banking type 'ERP' -> d9a45733-9624-42c2-afcc-888ce998dbbe
📥 DOWNLOADING ISSUE-LEVEL ATTACHMENTS FOR ISP-1959
   Total files: 1 (1.67 MB)

   [1/1] 📥 Downloading: Add Price Currency &Amount.mp4 (1.67 MB)
  Attempt 1/3: Downloading from https://craftsilicon.atlassian.net/rest/api/3/attachment/content/130018...
  Following redirect 1/6 to: https://api.media.atlassian.com/file/b89168d6-1ce2-4aa7-a163-b3ab836c59ed/binary?token=eyJhbGciOiJIUzI1NiJ9.eyJpc3MiOiJiN...
  Attempt 1/3: Downloading from https://api.media.atlassian.com/file/b89168d6-1ce2-4aa7-a163-b3ab836c59ed/binary?token=eyJhbGciOiJIUzI1NiJ9.eyJpc3MiOiJiN...
  ✅ Downloaded 1749587 bytes successfully
   ✅ Successfully attached: Add Price Currency &Amount.mp4 (verified in storage)
  Attached Add Price Currency &Amount.mp4 to defect ISP-1959 (service_exists=true)

📊 Attachment Summary for ISP-1959:
   ✅ Uploaded: 1
   ⏭️  Skipped: 0
   ❌ Failed: 0

[LABEL] Processing 2 label(s) for ISP-1959
[LABEL-MATCH] Found existing label 'New_ERP' (stored as 'new_erp') -> a9f0bd31-9bc0-4a7b-90fc-2ed53a305e8d
[LABEL-ATTACH] Successfully attached label 'new_erp' (ID: a9f0bd31-9bc0-4a7b-90fc-2ed53a305e8d) to ISP-1959
[LABEL-MATCH] Found existing label 'QA' (stored as 'qa') -> f66526ba-6a94-47b5-8239-f9fae5aa2248
[LABEL-ATTACH] Successfully attached label 'qa' (ID: f66526ba-6a94-47b5-8239-f9fae5aa2248) to ISP-1959
[LABEL] Completed processing labels for ISP-1959. Total attached: 2
[DESCRIPTION-VALIDATE] ISP-1959: new_len=225, existing_len=261
[DESCRIPTION-UPDATE] ISP-1959: Updated description (225 chars)
  Previous: <div class="trix-content">
  <p><strong>Repro Steps</strong></p>
<p><strong>Actual Results</strong></...
  Updated: <p><strong>Repro Steps</strong></p>
<p><strong>Actual Results</strong></p>
<p><strong>Expected Result...
Processing issue 22/439: ISP-1956
[DEBUG-LABELS] Total labels found for ISP-1956: 2
[USER-MATCH] Matched 'archana.verma' by parsed first+last: archana verma -> 7b5370b5-abcd-4ad2-908b-1791ca40d9c9
[USER-MATCH] Matched 'Robert Mbugua Kanyoro' by email: robert.mbugua@craftsilicon.com -> fb1e0a05-f047-4e22-a52b-b9b1fe4b4358
[STATUS-MATCH] Matched status 'In Progress' by name: In Progress -> c805a0e9-73fc-4726-a1ab-d28b9a36469e
[BANKING-MATCH] Found existing banking type 'ERP' -> d9a45733-9624-42c2-afcc-888ce998dbbe
📥 DOWNLOADING ISSUE-LEVEL ATTACHMENTS FOR ISP-1956
   Total files: 1 (14.1 MB)

   [1/1] 📥 Downloading: ISP-1956-Missing details.mp4 (14.1 MB)
  Attempt 1/3: Downloading from https://craftsilicon.atlassian.net/rest/api/3/attachment/content/129980...
  Following redirect 1/6 to: https://api.media.atlassian.com/file/cddb1591-80b1-443b-af22-f84c0e988550/binary?token=eyJhbGciOiJIUzI1NiJ9.eyJpc3MiOiJiN...
  Attempt 1/3: Downloading from https://api.media.atlassian.com/file/cddb1591-80b1-443b-af22-f84c0e988550/binary?token=eyJhbGciOiJIUzI1NiJ9.eyJpc3MiOiJiN...
  📊 Downloaded 10.0/14.1 MB...
  ✅ Downloaded 14784904 bytes successfully
   ✅ Successfully attached: ISP-1956-Missing details.mp4 (verified in storage)
  Attached ISP-1956-Missing details.mp4 to defect ISP-1956 (service_exists=true)

📊 Attachment Summary for ISP-1956:
   ✅ Uploaded: 1
   ⏭️  Skipped: 0
   ❌ Failed: 0

[LABEL] Processing 2 label(s) for ISP-1956
[LABEL-MATCH] Found existing label 'New_ERP' (stored as 'new_erp') -> a9f0bd31-9bc0-4a7b-90fc-2ed53a305e8d
[LABEL-ATTACH] Successfully attached label 'new_erp' (ID: a9f0bd31-9bc0-4a7b-90fc-2ed53a305e8d) to ISP-1956
[LABEL-MATCH] Found existing label 'QA' (stored as 'qa') -> f66526ba-6a94-47b5-8239-f9fae5aa2248
[LABEL-ATTACH] Successfully attached label 'qa' (ID: f66526ba-6a94-47b5-8239-f9fae5aa2248) to ISP-1956
[LABEL] Completed processing labels for ISP-1956. Total attached: 2
[DESCRIPTION-VALIDATE] ISP-1956: new_len=430, existing_len=455
[DESCRIPTION-UPDATE] ISP-1956: Updated description (430 chars)
  Previous: <div class="trix-content">
  <p><strong>Actual Result-</strong><span>For all the Suppliers, Contact P...
  Updated: <p><strong>Actual Result-</strong><span style="color: #ff5630">For all the Suppliers, Contact Person,...
Processing issue 23/439: ISP-1955
[DEBUG-LABELS] Total labels found for ISP-1955: 3
[USER-MATCH] Matched 'archana.verma' by parsed first+last: archana verma -> 7b5370b5-abcd-4ad2-908b-1791ca40d9c9
[USER-MATCH] Matched 'Robert Mbugua Kanyoro' by email: robert.mbugua@craftsilicon.com -> fb1e0a05-f047-4e22-a52b-b9b1fe4b4358
[STATUS-MATCH] Matched status 'In Progress' by name: In Progress -> c805a0e9-73fc-4726-a1ab-d28b9a36469e
[BANKING-MATCH] Found existing banking type 'ERP' -> d9a45733-9624-42c2-afcc-888ce998dbbe
📥 DOWNLOADING ISSUE-LEVEL ATTACHMENTS FOR ISP-1955
   Total files: 1 (54.78 MB)

   [1/1] 📥 Downloading: ISP-1955,1954-Tender opening process.mp4 (54.78 MB)
  Attempt 1/5: Downloading from https://craftsilicon.atlassian.net/rest/api/3/attachment/content/129979...
  Following redirect 1/6 to: https://api.media.atlassian.com/file/515c67e2-c176-436d-b28b-f5279820bd1f/binary?token=eyJhbGciOiJIUzI1NiJ9.eyJpc3MiOiJiN...
  Attempt 1/5: Downloading from https://api.media.atlassian.com/file/515c67e2-c176-436d-b28b-f5279820bd1f/binary?token=eyJhbGciOiJIUzI1NiJ9.eyJpc3MiOiJiN...
  📊 Downloaded 10.0/54.78 MB...
  📊 Downloaded 20.0/54.78 MB...
  📊 Downloaded 30.0/54.78 MB...
  📊 Downloaded 40.0/54.78 MB...
  📊 Downloaded 50.0/54.78 MB...
  ✅ Downloaded 57440120 bytes successfully
   ✅ Successfully attached: ISP-1955,1954-Tender opening process.mp4 (verified in storage)
  Attached ISP-1955,1954-Tender opening process.mp4 to defect ISP-1955 (service_exists=true)

📊 Attachment Summary for ISP-1955:
   ✅ Uploaded: 1
   ⏭️  Skipped: 0
   ❌ Failed: 0

[LABEL] Processing 3 label(s) for ISP-1955
[LABEL-MATCH] Found existing label 'Blocker' (stored as 'blocker') -> 53446826-4aac-4ac5-bcac-9aadd9a0f375
[LABEL-ATTACH] Successfully attached label 'blocker' (ID: 53446826-4aac-4ac5-bcac-9aadd9a0f375) to ISP-1955
[LABEL-MATCH] Found existing label 'New_ERP' (stored as 'new_erp') -> a9f0bd31-9bc0-4a7b-90fc-2ed53a305e8d
[LABEL-ATTACH] Successfully attached label 'new_erp' (ID: a9f0bd31-9bc0-4a7b-90fc-2ed53a305e8d) to ISP-1955
[LABEL-MATCH] Found existing label 'QA' (stored as 'qa') -> f66526ba-6a94-47b5-8239-f9fae5aa2248
[LABEL-ATTACH] Successfully attached label 'qa' (ID: f66526ba-6a94-47b5-8239-f9fae5aa2248) to ISP-1955
[LABEL] Completed processing labels for ISP-1955. Total attached: 3
[DESCRIPTION-VALIDATE] ISP-1955: new_len=593, existing_len=647
[DESCRIPTION-UPDATE] ISP-1955: Updated description (593 chars)
  Previous: <div class="trix-content">
  <p><strong>Actual Result-</strong></p>
<p><strong>Expected Result-</stro...
  Updated: <p><strong>Actual Result-</strong></p>
<p><strong>Expected Result-</strong>O<strong>n the Procurement...
Processing issue 24/439: ISP-1954
[DEBUG-LABELS] Total labels found for ISP-1954: 2
[USER-MATCH] Matched 'archana.verma' by parsed first+last: archana verma -> 7b5370b5-abcd-4ad2-908b-1791ca40d9c9
[USER-MATCH] Matched 'Robert Mbugua Kanyoro' by email: robert.mbugua@craftsilicon.com -> fb1e0a05-f047-4e22-a52b-b9b1fe4b4358
[STATUS-MATCH] Matched status 'In Progress' by name: In Progress -> c805a0e9-73fc-4726-a1ab-d28b9a36469e
[BANKING-MATCH] Found existing banking type 'ERP' -> d9a45733-9624-42c2-afcc-888ce998dbbe
📥 DOWNLOADING ISSUE-LEVEL ATTACHMENTS FOR ISP-1954
   Total files: 1 (54.78 MB)

   [1/1] 📥 Downloading: ISP-1954-Tender opening process.mp4 (54.78 MB)
  Attempt 1/5: Downloading from https://craftsilicon.atlassian.net/rest/api/3/attachment/content/129946...
  Following redirect 1/6 to: https://api.media.atlassian.com/file/84b4a041-5310-480d-9032-bbced35ac75f/binary?token=eyJhbGciOiJIUzI1NiJ9.eyJpc3MiOiJiN...
  Attempt 1/5: Downloading from https://api.media.atlassian.com/file/84b4a041-5310-480d-9032-bbced35ac75f/binary?token=eyJhbGciOiJIUzI1NiJ9.eyJpc3MiOiJiN...
  📊 Downloaded 10.0/54.78 MB...
  📊 Downloaded 20.0/54.78 MB...
  📊 Downloaded 30.0/54.78 MB...
  📊 Downloaded 40.0/54.78 MB...
  📊 Downloaded 50.0/54.78 MB...
  ✅ Downloaded 57440120 bytes successfully
   ✅ Successfully attached: ISP-1954-Tender opening process.mp4 (verified in storage)
  Attached ISP-1954-Tender opening process.mp4 to defect ISP-1954 (service_exists=true)

📊 Attachment Summary for ISP-1954:
   ✅ Uploaded: 1
   ⏭️  Skipped: 0
   ❌ Failed: 0

[LABEL] Processing 2 label(s) for ISP-1954
[LABEL-MATCH] Found existing label 'New_ERP' (stored as 'new_erp') -> a9f0bd31-9bc0-4a7b-90fc-2ed53a305e8d
[LABEL-ATTACH] Successfully attached label 'new_erp' (ID: a9f0bd31-9bc0-4a7b-90fc-2ed53a305e8d) to ISP-1954
[LABEL-MATCH] Found existing label 'QA' (stored as 'qa') -> f66526ba-6a94-47b5-8239-f9fae5aa2248
[LABEL-ATTACH] Successfully attached label 'qa' (ID: f66526ba-6a94-47b5-8239-f9fae5aa2248) to ISP-1954
[LABEL] Completed processing labels for ISP-1954. Total attached: 2
[DESCRIPTION-VALIDATE] ISP-1954: new_len=393, existing_len=429
[DESCRIPTION-UPDATE] ISP-1954: Updated description (393 chars)
  Previous: <div class="trix-content">
  <p><strong>Actual Result-</strong>Rejected tender with Draft Status is a...
  Updated: <p><strong>Actual Result-</strong>Rejected tender with Draft Status is also listed in Select Tender d...
Processing issue 25/439: ISP-1953
[DEBUG-LABELS] Total labels found for ISP-1953: 2
[USER-MATCH] Matched 'archana.verma' by parsed first+last: archana verma -> 7b5370b5-abcd-4ad2-908b-1791ca40d9c9
[USER-MATCH] Matched 'Robert Mbugua Kanyoro' by email: robert.mbugua@craftsilicon.com -> fb1e0a05-f047-4e22-a52b-b9b1fe4b4358
[STATUS-MATCH] Matched status 'In Progress' by name: In Progress -> c805a0e9-73fc-4726-a1ab-d28b9a36469e
[BANKING-MATCH] Found existing banking type 'ERP' -> d9a45733-9624-42c2-afcc-888ce998dbbe
📥 DOWNLOADING ISSUE-LEVEL ATTACHMENTS FOR ISP-1953
   Total files: 1 (12.12 MB)

   [1/1] 📥 Downloading: ISP-1953-TPP-Tender Status.mp4 (12.12 MB)
  Attempt 1/3: Downloading from https://craftsilicon.atlassian.net/rest/api/3/attachment/content/129913...
  Following redirect 1/6 to: https://api.media.atlassian.com/file/52b6e00c-cd85-4c0e-8f5c-b3a956b9a947/binary?token=eyJhbGciOiJIUzI1NiJ9.eyJpc3MiOiJiN...
  Attempt 1/3: Downloading from https://api.media.atlassian.com/file/52b6e00c-cd85-4c0e-8f5c-b3a956b9a947/binary?token=eyJhbGciOiJIUzI1NiJ9.eyJpc3MiOiJiN...
  📊 Downloaded 10.0/12.12 MB...
  ✅ Downloaded 12713797 bytes successfully
   ✅ Successfully attached: ISP-1953-TPP-Tender Status.mp4 (verified in storage)
  Attached ISP-1953-TPP-Tender Status.mp4 to defect ISP-1953 (service_exists=true)

📊 Attachment Summary for ISP-1953:
   ✅ Uploaded: 1
   ⏭️  Skipped: 0
   ❌ Failed: 0

[LABEL] Processing 2 label(s) for ISP-1953
[LABEL-MATCH] Found existing label 'New_ERP' (stored as 'new_erp') -> a9f0bd31-9bc0-4a7b-90fc-2ed53a305e8d
[LABEL-ATTACH] Successfully attached label 'new_erp' (ID: a9f0bd31-9bc0-4a7b-90fc-2ed53a305e8d) to ISP-1953
[LABEL-MATCH] Found existing label 'QA' (stored as 'qa') -> f66526ba-6a94-47b5-8239-f9fae5aa2248
[LABEL-ATTACH] Successfully attached label 'qa' (ID: f66526ba-6a94-47b5-8239-f9fae5aa2248) to ISP-1953
[LABEL] Completed processing labels for ISP-1953. Total attached: 2
[DESCRIPTION-VALIDATE] ISP-1953: new_len=801, existing_len=745
[DESCRIPTION-UPDATE] ISP-1953: Updated description (801 chars)
  Previous: <div class="trix-content">
  <p><strong>Actual Result-Tenders with status as “Opening in progress” on...
  Updated: <p><strong>Actual Result-Tenders with status as “Opening in progress” on ERP portal </strong><span st...
Processing issue 26/439: ISP-1952
[DEBUG-LABELS] Total labels found for ISP-1952: 2
[USER-MATCH] Matched 'archana.verma' by parsed first+last: archana verma -> 7b5370b5-abcd-4ad2-908b-1791ca40d9c9
[USER-MATCH] Matched 'Robert Mbugua Kanyoro' by email: robert.mbugua@craftsilicon.com -> fb1e0a05-f047-4e22-a52b-b9b1fe4b4358
[STATUS-MATCH] Matched status 'In Progress' by name: In Progress -> c805a0e9-73fc-4726-a1ab-d28b9a36469e
[BANKING-MATCH] Found existing banking type 'ERP' -> d9a45733-9624-42c2-afcc-888ce998dbbe
📥 DOWNLOADING ISSUE-LEVEL ATTACHMENTS FOR ISP-1952
   Total files: 1 (18.14 MB)

   [1/1] 📥 Downloading: ISP-1952-Suppliers listing-Search.mp4 (18.14 MB)
  Attempt 1/3: Downloading from https://craftsilicon.atlassian.net/rest/api/3/attachment/content/129912...
  Following redirect 1/6 to: https://api.media.atlassian.com/file/78d1cf1b-2094-45db-b364-73ff8b79489a/binary?token=eyJhbGciOiJIUzI1NiJ9.eyJpc3MiOiJiN...
  Attempt 1/3: Downloading from https://api.media.atlassian.com/file/78d1cf1b-2094-45db-b364-73ff8b79489a/binary?token=eyJhbGciOiJIUzI1NiJ9.eyJpc3MiOiJiN...
  📊 Downloaded 10.0/18.14 MB...
  ✅ Downloaded 19021390 bytes successfully
   ✅ Successfully attached: ISP-1952-Suppliers listing-Search.mp4 (verified in storage)
  Attached ISP-1952-Suppliers listing-Search.mp4 to defect ISP-1952 (service_exists=true)

📊 Attachment Summary for ISP-1952:
   ✅ Uploaded: 1
   ⏭️  Skipped: 0
   ❌ Failed: 0

[LABEL] Processing 2 label(s) for ISP-1952
[LABEL-MATCH] Found existing label 'New_ERP' (stored as 'new_erp') -> a9f0bd31-9bc0-4a7b-90fc-2ed53a305e8d
[LABEL-ATTACH] Successfully attached label 'new_erp' (ID: a9f0bd31-9bc0-4a7b-90fc-2ed53a305e8d) to ISP-1952
[LABEL-MATCH] Found existing label 'QA' (stored as 'qa') -> f66526ba-6a94-47b5-8239-f9fae5aa2248
[LABEL-ATTACH] Successfully attached label 'qa' (ID: f66526ba-6a94-47b5-8239-f9fae5aa2248) to ISP-1952
[LABEL] Completed processing labels for ISP-1952. Total attached: 2
[DESCRIPTION-VALIDATE] ISP-1952: new_len=545, existing_len=535
[DESCRIPTION-UPDATE] ISP-1952: Updated description (545 chars)
  Previous: <div class="trix-content">
  <p><strong>Actual Result-</strong><span>System either displays the error...
  Updated: <p><strong>Actual Result-</strong><span style="color: #ff5630">System either displays the error-</spa...
Processing issue 27/439: ISP-1949
[DEBUG-LABELS] Total labels found for ISP-1949: 2
[USER-MATCH] Matched 'archana.verma' by parsed first+last: archana verma -> 7b5370b5-abcd-4ad2-908b-1791ca40d9c9
[USER-MATCH] Matched 'Robert Mbugua Kanyoro' by email: robert.mbugua@craftsilicon.com -> fb1e0a05-f047-4e22-a52b-b9b1fe4b4358
[STATUS-MATCH] Matched status 'In Progress' by name: In Progress -> c805a0e9-73fc-4726-a1ab-d28b9a36469e
[BANKING-MATCH] Found existing banking type 'ERP' -> d9a45733-9624-42c2-afcc-888ce998dbbe
📥 DOWNLOADING ISSUE-LEVEL ATTACHMENTS FOR ISP-1949
   Total files: 1 (21.13 MB)

   [1/1] 📥 Downloading: ISP-1949, 1947-Draft.mp4 (21.13 MB)
  Attempt 1/5: Downloading from https://craftsilicon.atlassian.net/rest/api/3/attachment/content/129871...
  Following redirect 1/6 to: https://api.media.atlassian.com/file/9db4d8f6-eb1f-42bb-800c-1db3cd484e49/binary?token=eyJhbGciOiJIUzI1NiJ9.eyJpc3MiOiJiN...
  Attempt 1/5: Downloading from https://api.media.atlassian.com/file/9db4d8f6-eb1f-42bb-800c-1db3cd484e49/binary?token=eyJhbGciOiJIUzI1NiJ9.eyJpc3MiOiJiN...
  📊 Downloaded 10.0/21.13 MB...
  📊 Downloaded 20.0/21.13 MB...
  ✅ Downloaded 22161263 bytes successfully
   ✅ Successfully attached: ISP-1949, 1947-Draft.mp4 (verified in storage)
  Attached ISP-1949, 1947-Draft.mp4 to defect ISP-1949 (service_exists=true)

📊 Attachment Summary for ISP-1949:
   ✅ Uploaded: 1
   ⏭️  Skipped: 0
   ❌ Failed: 0

[LABEL] Processing 2 label(s) for ISP-1949
[LABEL-MATCH] Found existing label 'New_ERP' (stored as 'new_erp') -> a9f0bd31-9bc0-4a7b-90fc-2ed53a305e8d
[LABEL-ATTACH] Successfully attached label 'new_erp' (ID: a9f0bd31-9bc0-4a7b-90fc-2ed53a305e8d) to ISP-1949
[LABEL-MATCH] Found existing label 'QA' (stored as 'qa') -> f66526ba-6a94-47b5-8239-f9fae5aa2248
[LABEL-ATTACH] Successfully attached label 'qa' (ID: f66526ba-6a94-47b5-8239-f9fae5aa2248) to ISP-1949
[LABEL] Completed processing labels for ISP-1949. Total attached: 2
[DESCRIPTION-VALIDATE] ISP-1949: new_len=525, existing_len=538
[DESCRIPTION-UPDATE] ISP-1949: Updated description (525 chars)
  Previous: <div class="trix-content">
  <p><strong>Actual Result-</strong>In Draft mode, changes made by the use...
  Updated: <p><strong>Actual Result-</strong>In Draft mode, changes made by the user to Amount, Bid validity and...
Processing issue 28/439: ISP-1948
[DEBUG-LABELS] Total labels found for ISP-1948: 2
[USER-MATCH] Matched 'archana.verma' by parsed first+last: archana verma -> 7b5370b5-abcd-4ad2-908b-1791ca40d9c9
[USER-MATCH] Matched 'Robert Mbugua Kanyoro' by email: robert.mbugua@craftsilicon.com -> fb1e0a05-f047-4e22-a52b-b9b1fe4b4358
[STATUS-MATCH] Matched status 'In Progress' by name: In Progress -> c805a0e9-73fc-4726-a1ab-d28b9a36469e
[BANKING-MATCH] Found existing banking type 'ERP' -> d9a45733-9624-42c2-afcc-888ce998dbbe
📥 DOWNLOADING ISSUE-LEVEL ATTACHMENTS FOR ISP-1948
   Total files: 1 (8.41 MB)

   [1/1] 📥 Downloading: ISP-1948-Submit through TPP and manual.mp4 (8.41 MB)
  Attempt 1/3: Downloading from https://craftsilicon.atlassian.net/rest/api/3/attachment/content/129867...
  Following redirect 1/6 to: https://api.media.atlassian.com/file/d8086957-4cbd-4ce3-8567-31645d7ace0d/binary?token=eyJhbGciOiJIUzI1NiJ9.eyJpc3MiOiJiN...
  Attempt 1/3: Downloading from https://api.media.atlassian.com/file/d8086957-4cbd-4ce3-8567-31645d7ace0d/binary?token=eyJhbGciOiJIUzI1NiJ9.eyJpc3MiOiJiN...
  ✅ Downloaded 8815855 bytes successfully
   ✅ Successfully attached: ISP-1948-Submit through TPP and manual.mp4 (verified in storage)
  Attached ISP-1948-Submit through TPP and manual.mp4 to defect ISP-1948 (service_exists=true)

📊 Attachment Summary for ISP-1948:
   ✅ Uploaded: 1
   ⏭️  Skipped: 0
   ❌ Failed: 0

[LABEL] Processing 2 label(s) for ISP-1948
[LABEL-MATCH] Found existing label 'New_ERP' (stored as 'new_erp') -> a9f0bd31-9bc0-4a7b-90fc-2ed53a305e8d
[LABEL-ATTACH] Successfully attached label 'new_erp' (ID: a9f0bd31-9bc0-4a7b-90fc-2ed53a305e8d) to ISP-1948
[LABEL-MATCH] Found existing label 'QA' (stored as 'qa') -> f66526ba-6a94-47b5-8239-f9fae5aa2248
[LABEL-ATTACH] Successfully attached label 'qa' (ID: f66526ba-6a94-47b5-8239-f9fae5aa2248) to ISP-1948
[LABEL] Completed processing labels for ISP-1948. Total attached: 2
[DESCRIPTION-VALIDATE] ISP-1948: new_len=128, existing_len=164
[DESCRIPTION-UPDATE] ISP-1948: Updated description (128 chars)
  Previous: <div class="trix-content">
  <p><strong>Actual Result-</strong>Bid is saved successfully. No error is...
  Updated: <p><strong>Actual Result-</strong>Bid is saved successfully. No error is displayed.</p>
<p><strong>Ex...
Processing issue 29/439: ISP-1947
[DEBUG-LABELS] Total labels found for ISP-1947: 2
[USER-MATCH] Matched 'archana.verma' by parsed first+last: archana verma -> 7b5370b5-abcd-4ad2-908b-1791ca40d9c9
[USER-MATCH] Matched 'Robert Mbugua Kanyoro' by email: robert.mbugua@craftsilicon.com -> fb1e0a05-f047-4e22-a52b-b9b1fe4b4358
[STATUS-MATCH] Matched status 'In Progress' by name: In Progress -> c805a0e9-73fc-4726-a1ab-d28b9a36469e
[BANKING-MATCH] Found existing banking type 'ERP' -> d9a45733-9624-42c2-afcc-888ce998dbbe
📥 DOWNLOADING ISSUE-LEVEL ATTACHMENTS FOR ISP-1947
   Total files: 1 (21.13 MB)

   [1/1] 📥 Downloading: ISP-1947-Draft.mp4 (21.13 MB)
  Attempt 1/5: Downloading from https://craftsilicon.atlassian.net/rest/api/3/attachment/content/129865...
  Following redirect 1/6 to: https://api.media.atlassian.com/file/3cbe5658-4419-4f3a-b7a1-ddd5ccd7acf5/binary?token=eyJhbGciOiJIUzI1NiJ9.eyJpc3MiOiJiN...
  Attempt 1/5: Downloading from https://api.media.atlassian.com/file/3cbe5658-4419-4f3a-b7a1-ddd5ccd7acf5/binary?token=eyJhbGciOiJIUzI1NiJ9.eyJpc3MiOiJiN...
  📊 Downloaded 10.0/21.13 MB...
  📊 Downloaded 20.0/21.13 MB...
  ✅ Downloaded 22161263 bytes successfully
   ✅ Successfully attached: ISP-1947-Draft.mp4 (verified in storage)
  Attached ISP-1947-Draft.mp4 to defect ISP-1947 (service_exists=true)

📊 Attachment Summary for ISP-1947:
   ✅ Uploaded: 1
   ⏭️  Skipped: 0
   ❌ Failed: 0

[LABEL] Processing 2 label(s) for ISP-1947
[LABEL-MATCH] Found existing label 'New_ERP' (stored as 'new_erp') -> a9f0bd31-9bc0-4a7b-90fc-2ed53a305e8d
[LABEL-ATTACH] Successfully attached label 'new_erp' (ID: a9f0bd31-9bc0-4a7b-90fc-2ed53a305e8d) to ISP-1947
[LABEL-MATCH] Found existing label 'QA' (stored as 'qa') -> f66526ba-6a94-47b5-8239-f9fae5aa2248
[LABEL-ATTACH] Successfully attached label 'qa' (ID: f66526ba-6a94-47b5-8239-f9fae5aa2248) to ISP-1947
[LABEL] Completed processing labels for ISP-1947. Total attached: 2
[DESCRIPTION-VALIDATE] ISP-1947: new_len=441, existing_len=454
[DESCRIPTION-UPDATE] ISP-1947: Updated description (441 chars)
  Previous: <div class="trix-content">
  <p><strong>Actual Result-</strong><span>Submit Final Bid button is not r...
  Updated: <p><strong>Actual Result-</strong><span style="color: #ff5630">Submit Final Bid button is not respons...
Processing issue 30/439: ISP-1944
[DEBUG-LABELS] Total labels found for ISP-1944: 2
[USER-MATCH] Matched 'archana.verma' by parsed first+last: archana verma -> 7b5370b5-abcd-4ad2-908b-1791ca40d9c9
[USER-MATCH] Matched 'Robert Mbugua Kanyoro' by email: robert.mbugua@craftsilicon.com -> fb1e0a05-f047-4e22-a52b-b9b1fe4b4358
[STATUS-MATCH] Matched status 'In Progress' by name: In Progress -> c805a0e9-73fc-4726-a1ab-d28b9a36469e
[BANKING-MATCH] Found existing banking type 'ERP' -> d9a45733-9624-42c2-afcc-888ce998dbbe
📥 DOWNLOADING ISSUE-LEVEL ATTACHMENTS FOR ISP-1944
   Total files: 1 (11.18 MB)

   [1/1] 📥 Downloading: ISP-1944-Bid submission past dates.mp4 (11.18 MB)
  Attempt 1/3: Downloading from https://craftsilicon.atlassian.net/rest/api/3/attachment/content/129793...
  Following redirect 1/6 to: https://api.media.atlassian.com/file/7df9de04-2e1c-4e33-b446-78268cf93e7b/binary?token=eyJhbGciOiJIUzI1NiJ9.eyJpc3MiOiJiN...
  Attempt 1/3: Downloading from https://api.media.atlassian.com/file/7df9de04-2e1c-4e33-b446-78268cf93e7b/binary?token=eyJhbGciOiJIUzI1NiJ9.eyJpc3MiOiJiN...
  📊 Downloaded 10.0/11.18 MB...
  ✅ Downloaded 11725276 bytes successfully
   ✅ Successfully attached: ISP-1944-Bid submission past dates.mp4 (verified in storage)
  Attached ISP-1944-Bid submission past dates.mp4 to defect ISP-1944 (service_exists=true)

📊 Attachment Summary for ISP-1944:
   ✅ Uploaded: 1
   ⏭️  Skipped: 0
   ❌ Failed: 0

[LABEL] Processing 2 label(s) for ISP-1944
[LABEL-MATCH] Found existing label 'New_ERP' (stored as 'new_erp') -> a9f0bd31-9bc0-4a7b-90fc-2ed53a305e8d
[LABEL-ATTACH] Successfully attached label 'new_erp' (ID: a9f0bd31-9bc0-4a7b-90fc-2ed53a305e8d) to ISP-1944
[LABEL-MATCH] Found existing label 'QA' (stored as 'qa') -> f66526ba-6a94-47b5-8239-f9fae5aa2248
[LABEL-ATTACH] Successfully attached label 'qa' (ID: f66526ba-6a94-47b5-8239-f9fae5aa2248) to ISP-1944
[LABEL] Completed processing labels for ISP-1944. Total attached: 2
[DESCRIPTION-VALIDATE] ISP-1944: new_len=464, existing_len=477
[DESCRIPTION-UPDATE] ISP-1944: Updated description (464 chars)
  Previous: <div class="trix-content">
  <p><strong>Actual Result-</strong><span>System is allowing to save the M...
  Updated: <p><strong>Actual Result-</strong><span style="color: #ff5630">System is allowing to save the Manual ...
Processing issue 31/439: ISP-1943
[DEBUG-LABELS] Total labels found for ISP-1943: 2
[USER-MATCH] Matched 'archana.verma' by parsed first+last: archana verma -> 7b5370b5-abcd-4ad2-908b-1791ca40d9c9
[USER-MATCH] Matched 'Robert Mbugua Kanyoro' by email: robert.mbugua@craftsilicon.com -> fb1e0a05-f047-4e22-a52b-b9b1fe4b4358
[STATUS-MATCH] Matched status 'In Progress' by name: In Progress -> c805a0e9-73fc-4726-a1ab-d28b9a36469e
[BANKING-MATCH] Found existing banking type 'ERP' -> d9a45733-9624-42c2-afcc-888ce998dbbe
📥 DOWNLOADING ISSUE-LEVEL ATTACHMENTS FOR ISP-1943
   Total files: 1 (12.66 MB)

   [1/1] 📥 Downloading: ISP-1943, 1942-Tender-Time and multiple submissions.mp4 (12.66 MB)
  Attempt 1/3: Downloading from https://craftsilicon.atlassian.net/rest/api/3/attachment/content/129760...
  Following redirect 1/6 to: https://api.media.atlassian.com/file/00975ae4-833c-49f7-8912-a12256788e57/binary?token=eyJhbGciOiJIUzI1NiJ9.eyJpc3MiOiJiN...
  Attempt 1/3: Downloading from https://api.media.atlassian.com/file/00975ae4-833c-49f7-8912-a12256788e57/binary?token=eyJhbGciOiJIUzI1NiJ9.eyJpc3MiOiJiN...
  📊 Downloaded 10.0/12.66 MB...
  ✅ Downloaded 13270044 bytes successfully
   ✅ Successfully attached: ISP-1943, 1942-Tender-Time and multiple submissions.mp4 (verified in storage)
  Attached ISP-1943, 1942-Tender-Time and multiple submissions.mp4 to defect ISP-1943 (service_exists=true)

📊 Attachment Summary for ISP-1943:
   ✅ Uploaded: 1
   ⏭️  Skipped: 0
   ❌ Failed: 0

[LABEL] Processing 2 label(s) for ISP-1943
[LABEL-MATCH] Found existing label 'New_ERP' (stored as 'new_erp') -> a9f0bd31-9bc0-4a7b-90fc-2ed53a305e8d
[LABEL-ATTACH] Successfully attached label 'new_erp' (ID: a9f0bd31-9bc0-4a7b-90fc-2ed53a305e8d) to ISP-1943
[LABEL-MATCH] Found existing label 'QA' (stored as 'qa') -> f66526ba-6a94-47b5-8239-f9fae5aa2248
[LABEL-ATTACH] Successfully attached label 'qa' (ID: f66526ba-6a94-47b5-8239-f9fae5aa2248) to ISP-1943
[LABEL] Completed processing labels for ISP-1943. Total attached: 2
[DESCRIPTION-VALIDATE] ISP-1943: new_len=475, existing_len=511
[DESCRIPTION-UPDATE] ISP-1943: Updated description (475 chars)
  Previous: <div class="trix-content">
  <p><strong>Actual Result-</strong>Submissions are saved successfully. No...
  Updated: <p><strong>Actual Result-</strong>Submissions are saved successfully. No error is displayed.</p>
<p><...
Processing issue 32/439: ISP-1942
[DEBUG-LABELS] Total labels found for ISP-1942: 2
[USER-MATCH] Matched 'archana.verma' by parsed first+last: archana verma -> 7b5370b5-abcd-4ad2-908b-1791ca40d9c9
[USER-MATCH] Matched 'Robert Mbugua Kanyoro' by email: robert.mbugua@craftsilicon.com -> fb1e0a05-f047-4e22-a52b-b9b1fe4b4358
[STATUS-MATCH] Matched status 'In Progress' by name: In Progress -> c805a0e9-73fc-4726-a1ab-d28b9a36469e
[BANKING-MATCH] Found existing banking type 'ERP' -> d9a45733-9624-42c2-afcc-888ce998dbbe
📥 DOWNLOADING ISSUE-LEVEL ATTACHMENTS FOR ISP-1942
   Total files: 1 (12.66 MB)

   [1/1] 📥 Downloading: ISP-1942-Tender-Time and multiple submissions.mp4 (12.66 MB)
  Attempt 1/3: Downloading from https://craftsilicon.atlassian.net/rest/api/3/attachment/content/129759...
  Following redirect 1/6 to: https://api.media.atlassian.com/file/62635bf9-03d5-4f49-8d95-7ba9286243cf/binary?token=eyJhbGciOiJIUzI1NiJ9.eyJpc3MiOiJiN...
  Attempt 1/3: Downloading from https://api.media.atlassian.com/file/62635bf9-03d5-4f49-8d95-7ba9286243cf/binary?token=eyJhbGciOiJIUzI1NiJ9.eyJpc3MiOiJiN...
  📊 Downloaded 10.0/12.66 MB...
  ✅ Downloaded 13270044 bytes successfully
   ✅ Successfully attached: ISP-1942-Tender-Time and multiple submissions.mp4 (verified in storage)
  Attached ISP-1942-Tender-Time and multiple submissions.mp4 to defect ISP-1942 (service_exists=true)

📊 Attachment Summary for ISP-1942:
   ✅ Uploaded: 1
   ⏭️  Skipped: 0
   ❌ Failed: 0

[LABEL] Processing 2 label(s) for ISP-1942
[LABEL-MATCH] Found existing label 'New_ERP' (stored as 'new_erp') -> a9f0bd31-9bc0-4a7b-90fc-2ed53a305e8d
[LABEL-ATTACH] Successfully attached label 'new_erp' (ID: a9f0bd31-9bc0-4a7b-90fc-2ed53a305e8d) to ISP-1942
[LABEL-MATCH] Found existing label 'QA' (stored as 'qa') -> f66526ba-6a94-47b5-8239-f9fae5aa2248
[LABEL-ATTACH] Successfully attached label 'qa' (ID: f66526ba-6a94-47b5-8239-f9fae5aa2248) to ISP-1942
[LABEL] Completed processing labels for ISP-1942. Total attached: 2
[DESCRIPTION-VALIDATE] ISP-1942: new_len=447, existing_len=460
[DESCRIPTION-UPDATE] ISP-1942: Updated description (447 chars)
  Previous: <div class="trix-content">
  <p><strong>Actual Result-</strong>On viewing the Submission using View b...
  Updated: <p><strong>Actual Result-</strong>On viewing the Submission using View button or the Manual Bid Submi...
Processing issue 33/439: ISP-1941
[DEBUG-LABELS] Total labels found for ISP-1941: 2
[USER-MATCH] Matched 'archana.verma' by parsed first+last: archana verma -> 7b5370b5-abcd-4ad2-908b-1791ca40d9c9
[USER-MATCH] Matched 'Robert Mbugua Kanyoro' by email: robert.mbugua@craftsilicon.com -> fb1e0a05-f047-4e22-a52b-b9b1fe4b4358
[STATUS-MATCH] Matched status 'In Progress' by name: In Progress -> c805a0e9-73fc-4726-a1ab-d28b9a36469e
[BANKING-MATCH] Found existing banking type 'ERP' -> d9a45733-9624-42c2-afcc-888ce998dbbe
📥 DOWNLOADING ISSUE-LEVEL ATTACHMENTS FOR ISP-1941
   Total files: 1 (5.63 MB)

   [1/1] 📥 Downloading: ISP-1941-Suppliers duplication.mp4 (5.63 MB)
  Attempt 1/3: Downloading from https://craftsilicon.atlassian.net/rest/api/3/attachment/content/129758...
  Following redirect 1/6 to: https://api.media.atlassian.com/file/3dfc978e-83aa-4fce-b29b-642615c656a1/binary?token=eyJhbGciOiJIUzI1NiJ9.eyJpc3MiOiJiN...
  Attempt 1/3: Downloading from https://api.media.atlassian.com/file/3dfc978e-83aa-4fce-b29b-642615c656a1/binary?token=eyJhbGciOiJIUzI1NiJ9.eyJpc3MiOiJiN...
  ✅ Downloaded 5903837 bytes successfully
   ✅ Successfully attached: ISP-1941-Suppliers duplication.mp4 (verified in storage)
  Attached ISP-1941-Suppliers duplication.mp4 to defect ISP-1941 (service_exists=true)

📊 Attachment Summary for ISP-1941:
   ✅ Uploaded: 1
   ⏭️  Skipped: 0
   ❌ Failed: 0

[LABEL] Processing 2 label(s) for ISP-1941
[LABEL-MATCH] Found existing label 'New_ERP' (stored as 'new_erp') -> a9f0bd31-9bc0-4a7b-90fc-2ed53a305e8d
[LABEL-ATTACH] Successfully attached label 'new_erp' (ID: a9f0bd31-9bc0-4a7b-90fc-2ed53a305e8d) to ISP-1941
[LABEL-MATCH] Found existing label 'QA' (stored as 'qa') -> f66526ba-6a94-47b5-8239-f9fae5aa2248
[LABEL-ATTACH] Successfully attached label 'qa' (ID: f66526ba-6a94-47b5-8239-f9fae5aa2248) to ISP-1941
[LABEL] Completed processing labels for ISP-1941. Total attached: 2
[DESCRIPTION-VALIDATE] ISP-1941: new_len=363, existing_len=376
[DESCRIPTION-UPDATE] ISP-1941: Updated description (363 chars)
  Previous: <div class="trix-content">
  <p><strong>Actual Result-</strong><span>Suppliers are duplicated i.e. sa...
  Updated: <p><strong>Actual Result-</strong><span style="color: #ff5630">Suppliers are duplicated i.e. same Sup...
Processing issue 34/439: ISP-1940
[DEBUG-LABELS] Total labels found for ISP-1940: 2
[USER-MATCH] Matched 'archana.verma' by parsed first+last: archana verma -> 7b5370b5-abcd-4ad2-908b-1791ca40d9c9
[USER-MATCH] Matched 'Robert Mbugua Kanyoro' by email: robert.mbugua@craftsilicon.com -> fb1e0a05-f047-4e22-a52b-b9b1fe4b4358
[STATUS-MATCH] Matched status 'In Progress' by name: In Progress -> c805a0e9-73fc-4726-a1ab-d28b9a36469e
[BANKING-MATCH] Found existing banking type 'ERP' -> d9a45733-9624-42c2-afcc-888ce998dbbe
📥 DOWNLOADING ISSUE-LEVEL ATTACHMENTS FOR ISP-1940
   Total files: 1 (5.81 MB)

   [1/1] 📥 Downloading: ISP-1940-Tender Name.mp4 (5.81 MB)
  Attempt 1/3: Downloading from https://craftsilicon.atlassian.net/rest/api/3/attachment/content/129725...
  Following redirect 1/6 to: https://api.media.atlassian.com/file/a6068211-204f-4bce-b05e-c5470f0f7c22/binary?token=eyJhbGciOiJIUzI1NiJ9.eyJpc3MiOiJiN...
  Attempt 1/3: Downloading from https://api.media.atlassian.com/file/a6068211-204f-4bce-b05e-c5470f0f7c22/binary?token=eyJhbGciOiJIUzI1NiJ9.eyJpc3MiOiJiN...
  ✅ Downloaded 6096843 bytes successfully
   ✅ Successfully attached: ISP-1940-Tender Name.mp4 (verified in storage)
  Attached ISP-1940-Tender Name.mp4 to defect ISP-1940 (service_exists=true)

📊 Attachment Summary for ISP-1940:
   ✅ Uploaded: 1
   ⏭️  Skipped: 0
   ❌ Failed: 0

[LABEL] Processing 2 label(s) for ISP-1940
[LABEL-MATCH] Found existing label 'New_ERP' (stored as 'new_erp') -> a9f0bd31-9bc0-4a7b-90fc-2ed53a305e8d
[LABEL-ATTACH] Successfully attached label 'new_erp' (ID: a9f0bd31-9bc0-4a7b-90fc-2ed53a305e8d) to ISP-1940
[LABEL-MATCH] Found existing label 'QA' (stored as 'qa') -> f66526ba-6a94-47b5-8239-f9fae5aa2248
[LABEL-ATTACH] Successfully attached label 'qa' (ID: f66526ba-6a94-47b5-8239-f9fae5aa2248) to ISP-1940
[LABEL] Completed processing labels for ISP-1940. Total attached: 2
[DESCRIPTION-VALIDATE] ISP-1940: new_len=40, existing_len=76
[DESCRIPTION-UPDATE] ISP-1940: Updated description (40 chars)
Processing issue 35/439: ISP-1939
[DEBUG-LABELS] Total labels found for ISP-1939: 2
[USER-MATCH] Matched 'archana.verma' by parsed first+last: archana verma -> 7b5370b5-abcd-4ad2-908b-1791ca40d9c9
[USER-MATCH] Matched 'Robert Mbugua Kanyoro' by email: robert.mbugua@craftsilicon.com -> fb1e0a05-f047-4e22-a52b-b9b1fe4b4358
[STATUS-MATCH] Matched status 'In Progress' by name: In Progress -> c805a0e9-73fc-4726-a1ab-d28b9a36469e
[BANKING-MATCH] Found existing banking type 'ERP' -> d9a45733-9624-42c2-afcc-888ce998dbbe
📥 DOWNLOADING ISSUE-LEVEL ATTACHMENTS FOR ISP-1939
   Total files: 1 (36.24 MB)

   [1/1] 📥 Downloading: ISP-1939,1938-Tender defects.mp4 (36.24 MB)
  Attempt 1/5: Downloading from https://craftsilicon.atlassian.net/rest/api/3/attachment/content/129724...
  Following redirect 1/6 to: https://api.media.atlassian.com/file/0d6ff85a-a01f-4d7e-aa48-55bfcece9cc5/binary?token=eyJhbGciOiJIUzI1NiJ9.eyJpc3MiOiJiN...
  Attempt 1/5: Downloading from https://api.media.atlassian.com/file/0d6ff85a-a01f-4d7e-aa48-55bfcece9cc5/binary?token=eyJhbGciOiJIUzI1NiJ9.eyJpc3MiOiJiN...
  📊 Downloaded 10.0/36.24 MB...
  📊 Downloaded 20.0/36.24 MB...
  📊 Downloaded 30.0/36.24 MB...
  ✅ Downloaded 38005257 bytes successfully
   ✅ Successfully attached: ISP-1939,1938-Tender defects.mp4 (verified in storage)
  Attached ISP-1939,1938-Tender defects.mp4 to defect ISP-1939 (service_exists=true)

📊 Attachment Summary for ISP-1939:
   ✅ Uploaded: 1
   ⏭️  Skipped: 0
   ❌ Failed: 0

[LABEL] Processing 2 label(s) for ISP-1939
[LABEL-MATCH] Found existing label 'New_ERP' (stored as 'new_erp') -> a9f0bd31-9bc0-4a7b-90fc-2ed53a305e8d
[LABEL-ATTACH] Successfully attached label 'new_erp' (ID: a9f0bd31-9bc0-4a7b-90fc-2ed53a305e8d) to ISP-1939
[LABEL-MATCH] Found existing label 'QA' (stored as 'qa') -> f66526ba-6a94-47b5-8239-f9fae5aa2248
[LABEL-ATTACH] Successfully attached label 'qa' (ID: f66526ba-6a94-47b5-8239-f9fae5aa2248) to ISP-1939
[LABEL] Completed processing labels for ISP-1939. Total attached: 2
[DESCRIPTION-VALIDATE] ISP-1939: new_len=202, existing_len=238
[DESCRIPTION-UPDATE] ISP-1939: Updated description (202 chars)
  Previous: <div class="trix-content">
  <p><strong>Actual Result-</strong>Submission is saved successfully. No e...
  Updated: <p><strong>Actual Result-</strong>Submission is saved successfully. No error is displayed.</p>
<p><st...
Processing issue 36/439: ISP-1938
[DEBUG-LABELS] Total labels found for ISP-1938: 2
[USER-MATCH] Matched 'archana.verma' by parsed first+last: archana verma -> 7b5370b5-abcd-4ad2-908b-1791ca40d9c9
[USER-MATCH] Matched 'Robert Mbugua Kanyoro' by email: robert.mbugua@craftsilicon.com -> fb1e0a05-f047-4e22-a52b-b9b1fe4b4358
[STATUS-MATCH] Matched status 'In Progress' by name: In Progress -> c805a0e9-73fc-4726-a1ab-d28b9a36469e
[BANKING-MATCH] Found existing banking type 'ERP' -> d9a45733-9624-42c2-afcc-888ce998dbbe
📥 DOWNLOADING ISSUE-LEVEL ATTACHMENTS FOR ISP-1938
   Total files: 1 (36.24 MB)

   [1/1] 📥 Downloading: ISP-1938-Tender defects.mp4 (36.24 MB)
  Attempt 1/5: Downloading from https://craftsilicon.atlassian.net/rest/api/3/attachment/content/129723...
  Following redirect 1/6 to: https://api.media.atlassian.com/file/40de2b3e-61e8-4729-9aa2-183fc4edf2c2/binary?token=eyJhbGciOiJIUzI1NiJ9.eyJpc3MiOiJiN...
  Attempt 1/5: Downloading from https://api.media.atlassian.com/file/40de2b3e-61e8-4729-9aa2-183fc4edf2c2/binary?token=eyJhbGciOiJIUzI1NiJ9.eyJpc3MiOiJiN...
  📊 Downloaded 10.0/36.24 MB...
  📊 Downloaded 20.0/36.24 MB...
  📊 Downloaded 30.0/36.24 MB...
  ✅ Downloaded 38005257 bytes successfully
   ✅ Successfully attached: ISP-1938-Tender defects.mp4 (verified in storage)
  Attached ISP-1938-Tender defects.mp4 to defect ISP-1938 (service_exists=true)

📊 Attachment Summary for ISP-1938:
   ✅ Uploaded: 1
   ⏭️  Skipped: 0
   ❌ Failed: 0

[LABEL] Processing 2 label(s) for ISP-1938
[LABEL-MATCH] Found existing label 'New_ERP' (stored as 'new_erp') -> a9f0bd31-9bc0-4a7b-90fc-2ed53a305e8d
[LABEL-ATTACH] Successfully attached label 'new_erp' (ID: a9f0bd31-9bc0-4a7b-90fc-2ed53a305e8d) to ISP-1938
[LABEL-MATCH] Found existing label 'QA' (stored as 'qa') -> f66526ba-6a94-47b5-8239-f9fae5aa2248
[LABEL-ATTACH] Successfully attached label 'qa' (ID: f66526ba-6a94-47b5-8239-f9fae5aa2248) to ISP-1938
[LABEL] Completed processing labels for ISP-1938. Total attached: 2
[DESCRIPTION-VALIDATE] ISP-1938: new_len=248, existing_len=284
[DESCRIPTION-UPDATE] ISP-1938: Updated description (248 chars)
  Previous: <div class="trix-content">
  <p><strong>Actual Result-</strong>Submission is saved successfully for T...
  Updated: <p><strong>Actual Result-</strong>Submission is saved successfully for Tenders which are in Draft or ...
Processing issue 37/439: ISP-1937
[DEBUG-LABELS] Total labels found for ISP-1937: 2
[USER-MATCH] Matched 'gideon' by single name: gideon gideon -> a2f6fdcb-6a66-4ace-992b-0f3cd5e9cc53
[USER-MATCH] Matched 'Robert Mbugua Kanyoro' by email: robert.mbugua@craftsilicon.com -> fb1e0a05-f047-4e22-a52b-b9b1fe4b4358
[STATUS-MATCH] Matched status 'In Progress' by name: In Progress -> c805a0e9-73fc-4726-a1ab-d28b9a36469e
[BANKING-MATCH] Found existing banking type 'ERP' -> d9a45733-9624-42c2-afcc-888ce998dbbe
📥 DOWNLOADING ISSUE-LEVEL ATTACHMENTS FOR ISP-1937
   Total files: 1 (4.48 MB)

   [1/1] 📥 Downloading: stock-transfer-from-branch-to-branch-no-confirmation-and-going-through-without-f_ck42UAUe.mp4 (4.48 MB)
  Attempt 1/3: Downloading from https://craftsilicon.atlassian.net/rest/api/3/attachment/content/129690...
  Following redirect 1/6 to: https://api.media.atlassian.com/file/8f10b689-5923-43f6-b373-ee94e2c65ae6/binary?token=eyJhbGciOiJIUzI1NiJ9.eyJpc3MiOiJiN...
  Attempt 1/3: Downloading from https://api.media.atlassian.com/file/8f10b689-5923-43f6-b373-ee94e2c65ae6/binary?token=eyJhbGciOiJIUzI1NiJ9.eyJpc3MiOiJiN...
  ✅ Downloaded 4697384 bytes successfully
   ✅ Successfully attached: stock-transfer-from-branch-to-branch-no-confirmation-and-going-through-without-f_ck42UAUe.mp4 (verified in storage)
  Attached stock-transfer-from-branch-to-branch-no-confirmation-and-going-through-without-f_ck42UAUe.mp4 to defect ISP-1937 (service_exists=true)

📊 Attachment Summary for ISP-1937:
   ✅ Uploaded: 1
   ⏭️  Skipped: 0
   ❌ Failed: 0

[LABEL] Processing 2 label(s) for ISP-1937
[LABEL-MATCH] Found existing label 'New_ERP' (stored as 'new_erp') -> a9f0bd31-9bc0-4a7b-90fc-2ed53a305e8d
[LABEL-ATTACH] Successfully attached label 'new_erp' (ID: a9f0bd31-9bc0-4a7b-90fc-2ed53a305e8d) to ISP-1937
[LABEL-MATCH] Found existing label 'QA' (stored as 'qa') -> f66526ba-6a94-47b5-8239-f9fae5aa2248
[LABEL-ATTACH] Successfully attached label 'qa' (ID: f66526ba-6a94-47b5-8239-f9fae5aa2248) to ISP-1937
[LABEL] Completed processing labels for ISP-1937. Total attached: 2
[DESCRIPTION-VALIDATE] ISP-1937: new_len=321, existing_len=422
[DESCRIPTION-UPDATE] ISP-1937: Updated description (321 chars)
  Previous: <div class="trix-content">
  <p><strong>Repro Steps -</strong></p>
<p>Actual Results</p>
<p>&nbsp;&nb...
  Updated: <p><strong>Repro Steps -</strong></p>
<p>Actual Results</p>
<p>              No confirmation message ...
Processing issue 38/439: ISP-1933
[DEBUG-LABELS] Total labels found for ISP-1933: 2
[USER-FALLBACK] Using default user for 'Kiriba Delphine' -> b3613172-fc54-4742-b2ba-c10b97d15bf4
[USER-MATCH] Matched 'Robert Mbugua Kanyoro' by email: robert.mbugua@craftsilicon.com -> fb1e0a05-f047-4e22-a52b-b9b1fe4b4358
[STATUS-MATCH] Matched status 'Awaiting Build' by name: Awaiting Build -> bf46baa0-8c97-4afe-a65a-a300e43d70e6
[BANKING-MATCH] Found existing banking type 'ERP' -> d9a45733-9624-42c2-afcc-888ce998dbbe
📥 DOWNLOADING ISSUE-LEVEL ATTACHMENTS FOR ISP-1933
   Total files: 1 (0.85 MB)

   [1/1] 📥 Downloading: ExcessValidationErrs.mp4 (0.85 MB)
  Attempt 1/3: Downloading from https://craftsilicon.atlassian.net/rest/api/3/attachment/content/129652...
  Following redirect 1/6 to: https://api.media.atlassian.com/file/dc9ab7b4-c602-4f49-a0f4-bf14fa19eb36/binary?token=eyJhbGciOiJIUzI1NiJ9.eyJpc3MiOiJiN...
  Attempt 1/3: Downloading from https://api.media.atlassian.com/file/dc9ab7b4-c602-4f49-a0f4-bf14fa19eb36/binary?token=eyJhbGciOiJIUzI1NiJ9.eyJpc3MiOiJiN...
  ✅ Downloaded 894387 bytes successfully
   ✅ Successfully attached: ExcessValidationErrs.mp4 (verified in storage)
  Attached ExcessValidationErrs.mp4 to defect ISP-1933 (service_exists=true)

📊 Attachment Summary for ISP-1933:
   ✅ Uploaded: 1
   ⏭️  Skipped: 0
   ❌ Failed: 0

[LABEL] Processing 2 label(s) for ISP-1933
[LABEL-MATCH] Found existing label 'New_ERP' (stored as 'new_erp') -> a9f0bd31-9bc0-4a7b-90fc-2ed53a305e8d
[LABEL-ATTACH] Successfully attached label 'new_erp' (ID: a9f0bd31-9bc0-4a7b-90fc-2ed53a305e8d) to ISP-1933
[LABEL-MATCH] Found existing label 'QA' (stored as 'qa') -> f66526ba-6a94-47b5-8239-f9fae5aa2248
[LABEL-ATTACH] Successfully attached label 'qa' (ID: f66526ba-6a94-47b5-8239-f9fae5aa2248) to ISP-1933
[LABEL] Completed processing labels for ISP-1933. Total attached: 2
[COMMENTS] Importing 1 comment(s) for ISP-1933...
[USER-MATCH] Matched 'Robert Mbugua Kanyoro' by email: robert.mbugua@craftsilicon.com -> fb1e0a05-f047-4e22-a52b-b9b1fe4b4358
[RICH-TEXT] Comment 1 contains: color
[IMPORT] Added rich text comment by Robert Mbugua Kanyoro to ISP-1933 (id=c1b7906f-63c6-4e7e-b90b-b96dfb78cf0f, length=70)
[DESCRIPTION-VALIDATE] ISP-1933: new_len=506, existing_len=547
[DESCRIPTION-UPDATE] ISP-1933: Updated description (506 chars)
  Previous: <div class="trix-content">
  <p><strong>Repro Steps:</strong></p>
<p><strong>Actual Result</strong></...
  Updated: <p><strong>Repro Steps:</strong></p>
<p><strong>Actual Result</strong></p>
<p>The blank field Errors ...
Processing issue 39/439: ISP-1932
[DEBUG-LABELS] Total labels found for ISP-1932: 2
[USER-MATCH] Matched 'archana.verma' by parsed first+last: archana verma -> 7b5370b5-abcd-4ad2-908b-1791ca40d9c9
[USER-MATCH] Matched 'Robert Mbugua Kanyoro' by email: robert.mbugua@craftsilicon.com -> fb1e0a05-f047-4e22-a52b-b9b1fe4b4358
[STATUS-MATCH] Matched status 'Awaiting Build' by name: Awaiting Build -> bf46baa0-8c97-4afe-a65a-a300e43d70e6
[BANKING-MATCH] Found existing banking type 'ERP' -> d9a45733-9624-42c2-afcc-888ce998dbbe
📥 DOWNLOADING ISSUE-LEVEL ATTACHMENTS FOR ISP-1932
   Total files: 1 (27.21 MB)

   [1/1] 📥 Downloading: ISP-1932, 1931, 1930, 1929-Tender Item issues.mp4 (27.21 MB)
  Attempt 1/5: Downloading from https://craftsilicon.atlassian.net/rest/api/3/attachment/content/129650...
  Following redirect 1/6 to: https://api.media.atlassian.com/file/79442915-d3e6-41a9-9aca-fd277ae31b5f/binary?token=eyJhbGciOiJIUzI1NiJ9.eyJpc3MiOiJiN...
  Attempt 1/5: Downloading from https://api.media.atlassian.com/file/79442915-d3e6-41a9-9aca-fd277ae31b5f/binary?token=eyJhbGciOiJIUzI1NiJ9.eyJpc3MiOiJiN...
  📊 Downloaded 10.0/27.21 MB...
  📊 Downloaded 20.0/27.21 MB...
  ✅ Downloaded 28531132 bytes successfully
   ✅ Successfully attached: ISP-1932, 1931, 1930, 1929-Tender Item issues.mp4 (verified in storage)
  Attached ISP-1932, 1931, 1930, 1929-Tender Item issues.mp4 to defect ISP-1932 (service_exists=true)

📊 Attachment Summary for ISP-1932:
   ✅ Uploaded: 1
   ⏭️  Skipped: 0
   ❌ Failed: 0

[LABEL] Processing 2 label(s) for ISP-1932
[LABEL-MATCH] Found existing label 'New_ERP' (stored as 'new_erp') -> a9f0bd31-9bc0-4a7b-90fc-2ed53a305e8d
[LABEL-ATTACH] Successfully attached label 'new_erp' (ID: a9f0bd31-9bc0-4a7b-90fc-2ed53a305e8d) to ISP-1932
[LABEL-MATCH] Found existing label 'QA' (stored as 'qa') -> f66526ba-6a94-47b5-8239-f9fae5aa2248
[LABEL-ATTACH] Successfully attached label 'qa' (ID: f66526ba-6a94-47b5-8239-f9fae5aa2248) to ISP-1932
[LABEL] Completed processing labels for ISP-1932. Total attached: 2
[COMMENTS] Importing 1 comment(s) for ISP-1932...
[USER-MATCH] Matched 'Robert Mbugua Kanyoro' by email: robert.mbugua@craftsilicon.com -> fb1e0a05-f047-4e22-a52b-b9b1fe4b4358
[IMPORT] Added rich text comment by Robert Mbugua Kanyoro to ISP-1932 (id=1fa510c3-5080-436d-a48b-cefe9b7fc2ef, length=91)
[DESCRIPTION-VALIDATE] ISP-1932: new_len=327, existing_len=340
[DESCRIPTION-UPDATE] ISP-1932: Updated description (327 chars)
  Previous: <div class="trix-content">
  <p><strong>Actual Result-</strong><span>System is allowing to add the sa...
  Updated: <p><strong>Actual Result-</strong><span style="color: #ff5630">System is allowing to add the same Ite...
Processing issue 40/439: ISP-1931
[DEBUG-LABELS] Total labels found for ISP-1931: 2
[USER-MATCH] Matched 'archana.verma' by parsed first+last: archana verma -> 7b5370b5-abcd-4ad2-908b-1791ca40d9c9
[USER-MATCH] Matched 'Robert Mbugua Kanyoro' by email: robert.mbugua@craftsilicon.com -> fb1e0a05-f047-4e22-a52b-b9b1fe4b4358
[STATUS-MATCH] Matched status 'In Progress' by name: In Progress -> c805a0e9-73fc-4726-a1ab-d28b9a36469e
[BANKING-MATCH] Found existing banking type 'ERP' -> d9a45733-9624-42c2-afcc-888ce998dbbe
📥 DOWNLOADING ISSUE-LEVEL ATTACHMENTS FOR ISP-1931
   Total files: 1 (27.21 MB)

   [1/1] 📥 Downloading: ISP-1931, 1930, 1929-Tender Item issues.mp4 (27.21 MB)
  Attempt 1/5: Downloading from https://craftsilicon.atlassian.net/rest/api/3/attachment/content/129649...
  Following redirect 1/6 to: https://api.media.atlassian.com/file/23ed79e7-595f-4f05-9fe1-4b7e75f6fe62/binary?token=eyJhbGciOiJIUzI1NiJ9.eyJpc3MiOiJiN...
  Attempt 1/5: Downloading from https://api.media.atlassian.com/file/23ed79e7-595f-4f05-9fe1-4b7e75f6fe62/binary?token=eyJhbGciOiJIUzI1NiJ9.eyJpc3MiOiJiN...
  📊 Downloaded 10.0/27.21 MB...
  📊 Downloaded 20.0/27.21 MB...
  ✅ Downloaded 28531132 bytes successfully
   ✅ Successfully attached: ISP-1931, 1930, 1929-Tender Item issues.mp4 (verified in storage)
  Attached ISP-1931, 1930, 1929-Tender Item issues.mp4 to defect ISP-1931 (service_exists=true)

📊 Attachment Summary for ISP-1931:
   ✅ Uploaded: 1
   ⏭️  Skipped: 0
   ❌ Failed: 0

[LABEL] Processing 2 label(s) for ISP-1931
[LABEL-MATCH] Found existing label 'New_ERP' (stored as 'new_erp') -> a9f0bd31-9bc0-4a7b-90fc-2ed53a305e8d
[LABEL-ATTACH] Successfully attached label 'new_erp' (ID: a9f0bd31-9bc0-4a7b-90fc-2ed53a305e8d) to ISP-1931
[LABEL-MATCH] Found existing label 'QA' (stored as 'qa') -> f66526ba-6a94-47b5-8239-f9fae5aa2248
[LABEL-ATTACH] Successfully attached label 'qa' (ID: f66526ba-6a94-47b5-8239-f9fae5aa2248) to ISP-1931
[LABEL] Completed processing labels for ISP-1931. Total attached: 2
[DESCRIPTION-VALIDATE] ISP-1931: new_len=79, existing_len=115
[DESCRIPTION-UPDATE] ISP-1931: Updated description (79 chars)
  Previous: <div class="trix-content">
  <p><strong>Actual Result-</strong></p>
<p><strong>Expected Result-</stro...
Processing issue 41/439: ISP-1930
[DEBUG-LABELS] Total labels found for ISP-1930: 2
[USER-MATCH] Matched 'archana.verma' by parsed first+last: archana verma -> 7b5370b5-abcd-4ad2-908b-1791ca40d9c9
[USER-MATCH] Matched 'Robert Mbugua Kanyoro' by email: robert.mbugua@craftsilicon.com -> fb1e0a05-f047-4e22-a52b-b9b1fe4b4358
[STATUS-MATCH] Matched status 'In Progress' by name: In Progress -> c805a0e9-73fc-4726-a1ab-d28b9a36469e
[BANKING-MATCH] Found existing banking type 'ERP' -> d9a45733-9624-42c2-afcc-888ce998dbbe
📥 DOWNLOADING ISSUE-LEVEL ATTACHMENTS FOR ISP-1930
   Total files: 1 (27.21 MB)

   [1/1] 📥 Downloading: ISP-1930, 1929-Tender Item issues.mp4 (27.21 MB)
  Attempt 1/5: Downloading from https://craftsilicon.atlassian.net/rest/api/3/attachment/content/129648...
  Following redirect 1/6 to: https://api.media.atlassian.com/file/c3d9da30-1e90-46a0-8b4f-ecd77df84062/binary?token=eyJhbGciOiJIUzI1NiJ9.eyJpc3MiOiJiN...
  Attempt 1/5: Downloading from https://api.media.atlassian.com/file/c3d9da30-1e90-46a0-8b4f-ecd77df84062/binary?token=eyJhbGciOiJIUzI1NiJ9.eyJpc3MiOiJiN...
  📊 Downloaded 10.0/27.21 MB...
  📊 Downloaded 20.0/27.21 MB...
  ✅ Downloaded 28531132 bytes successfully
   ✅ Successfully attached: ISP-1930, 1929-Tender Item issues.mp4 (verified in storage)
  Attached ISP-1930, 1929-Tender Item issues.mp4 to defect ISP-1930 (service_exists=true)

📊 Attachment Summary for ISP-1930:
   ✅ Uploaded: 1
   ⏭️  Skipped: 0
   ❌ Failed: 0

[LABEL] Processing 2 label(s) for ISP-1930
[LABEL-MATCH] Found existing label 'New_ERP' (stored as 'new_erp') -> a9f0bd31-9bc0-4a7b-90fc-2ed53a305e8d
[LABEL-ATTACH] Successfully attached label 'new_erp' (ID: a9f0bd31-9bc0-4a7b-90fc-2ed53a305e8d) to ISP-1930
[LABEL-MATCH] Found existing label 'QA' (stored as 'qa') -> f66526ba-6a94-47b5-8239-f9fae5aa2248
[LABEL-ATTACH] Successfully attached label 'qa' (ID: f66526ba-6a94-47b5-8239-f9fae5aa2248) to ISP-1930
[LABEL] Completed processing labels for ISP-1930. Total attached: 2
[DESCRIPTION-VALIDATE] ISP-1930: new_len=553, existing_len=566
[DESCRIPTION-UPDATE] ISP-1930: Updated description (553 chars)
  Previous: <div class="trix-content">
  <p><strong>Actual Result-For the above Tender Item for which document wa...
  Updated: <p><strong>Actual Result-For the above Tender Item for which document was not uploaded </strong>when ...
Processing issue 42/439: ISP-1929
[DEBUG-LABELS] Total labels found for ISP-1929: 2
[USER-MATCH] Matched 'archana.verma' by parsed first+last: archana verma -> 7b5370b5-abcd-4ad2-908b-1791ca40d9c9
[USER-MATCH] Matched 'Robert Mbugua Kanyoro' by email: robert.mbugua@craftsilicon.com -> fb1e0a05-f047-4e22-a52b-b9b1fe4b4358
[STATUS-MATCH] Matched status 'Awaiting Build' by name: Awaiting Build -> bf46baa0-8c97-4afe-a65a-a300e43d70e6
[BANKING-MATCH] Found existing banking type 'ERP' -> d9a45733-9624-42c2-afcc-888ce998dbbe
📥 DOWNLOADING ISSUE-LEVEL ATTACHMENTS FOR ISP-1929
   Total files: 1 (27.21 MB)

   [1/1] 📥 Downloading: ISP-1929-Tender Item issues.mp4 (27.21 MB)
  Attempt 1/5: Downloading from https://craftsilicon.atlassian.net/rest/api/3/attachment/content/129647...
  Following redirect 1/6 to: https://api.media.atlassian.com/file/eab155d5-de61-4238-8528-898cc2252b48/binary?token=eyJhbGciOiJIUzI1NiJ9.eyJpc3MiOiJiN...
  Attempt 1/5: Downloading from https://api.media.atlassian.com/file/eab155d5-de61-4238-8528-898cc2252b48/binary?token=eyJhbGciOiJIUzI1NiJ9.eyJpc3MiOiJiN...
  📊 Downloaded 10.0/27.21 MB...
  📊 Downloaded 20.0/27.21 MB...
  ✅ Downloaded 28531132 bytes successfully
   ✅ Successfully attached: ISP-1929-Tender Item issues.mp4 (verified in storage)
  Attached ISP-1929-Tender Item issues.mp4 to defect ISP-1929 (service_exists=true)

📊 Attachment Summary for ISP-1929:
   ✅ Uploaded: 1
   ⏭️  Skipped: 0
   ❌ Failed: 0

[LABEL] Processing 2 label(s) for ISP-1929
[LABEL-MATCH] Found existing label 'New_ERP' (stored as 'new_erp') -> a9f0bd31-9bc0-4a7b-90fc-2ed53a305e8d
[LABEL-ATTACH] Successfully attached label 'new_erp' (ID: a9f0bd31-9bc0-4a7b-90fc-2ed53a305e8d) to ISP-1929
[LABEL-MATCH] Found existing label 'QA' (stored as 'qa') -> f66526ba-6a94-47b5-8239-f9fae5aa2248
[LABEL-ATTACH] Successfully attached label 'qa' (ID: f66526ba-6a94-47b5-8239-f9fae5aa2248) to ISP-1929
[LABEL] Completed processing labels for ISP-1929. Total attached: 2
[COMMENTS] Importing 1 comment(s) for ISP-1929...
[USER-MATCH] Matched 'Robert Mbugua Kanyoro' by email: robert.mbugua@craftsilicon.com -> fb1e0a05-f047-4e22-a52b-b9b1fe4b4358
[IMPORT] Added rich text comment by Robert Mbugua Kanyoro to ISP-1929 (id=98297481-c131-46b3-a509-363213eae020, length=55)
[DESCRIPTION-VALIDATE] ISP-1929: new_len=358, existing_len=371
[DESCRIPTION-UPDATE] ISP-1929: Updated description (358 chars)
  Previous: <div class="trix-content">
  <p><strong>Actual Result-</strong><span>Same PR Ref No. i.e. PR/2025/211...
  Updated: <p><strong>Actual Result-</strong><span style="color: #ff5630">Same PR Ref No. i.e. PR/2025/211 is ge...
Processing issue 43/439: ISP-1928
[DEBUG-LABELS] Total labels found for ISP-1928: 2
[USER-MATCH] Matched 'archana.verma' by parsed first+last: archana verma -> 7b5370b5-abcd-4ad2-908b-1791ca40d9c9
[USER-MATCH] Matched 'Robert Mbugua Kanyoro' by email: robert.mbugua@craftsilicon.com -> fb1e0a05-f047-4e22-a52b-b9b1fe4b4358
[STATUS-MATCH] Matched status 'In Progress' by name: In Progress -> c805a0e9-73fc-4726-a1ab-d28b9a36469e
[BANKING-MATCH] Found existing banking type 'ERP' -> d9a45733-9624-42c2-afcc-888ce998dbbe
📥 DOWNLOADING ISSUE-LEVEL ATTACHMENTS FOR ISP-1928
   Total files: 1 (13.28 MB)

   [1/1] 📥 Downloading: ISP-1927,1926-Doc and PR Ref details.mp4 (13.28 MB)
  Attempt 1/3: Downloading from https://craftsilicon.atlassian.net/rest/api/3/attachment/content/129614...
  Following redirect 1/6 to: https://api.media.atlassian.com/file/0e9a6b41-e47d-4954-a409-311b56372980/binary?token=eyJhbGciOiJIUzI1NiJ9.eyJpc3MiOiJiN...
  Attempt 1/3: Downloading from https://api.media.atlassian.com/file/0e9a6b41-e47d-4954-a409-311b56372980/binary?token=eyJhbGciOiJIUzI1NiJ9.eyJpc3MiOiJiN...
  📊 Downloaded 10.0/13.28 MB...
  ✅ Downloaded 13930034 bytes successfully
   ✅ Successfully attached: ISP-1927,1926-Doc and PR Ref details.mp4 (verified in storage)
  Attached ISP-1927,1926-Doc and PR Ref details.mp4 to defect ISP-1928 (service_exists=true)

📊 Attachment Summary for ISP-1928:
   ✅ Uploaded: 1
   ⏭️  Skipped: 0
   ❌ Failed: 0

[LABEL] Processing 2 label(s) for ISP-1928
[LABEL-MATCH] Found existing label 'New_ERP' (stored as 'new_erp') -> a9f0bd31-9bc0-4a7b-90fc-2ed53a305e8d
[LABEL-ATTACH] Successfully attached label 'new_erp' (ID: a9f0bd31-9bc0-4a7b-90fc-2ed53a305e8d) to ISP-1928
[LABEL-MATCH] Found existing label 'QA' (stored as 'qa') -> f66526ba-6a94-47b5-8239-f9fae5aa2248
[LABEL-ATTACH] Successfully attached label 'qa' (ID: f66526ba-6a94-47b5-8239-f9fae5aa2248) to ISP-1928
[LABEL] Completed processing labels for ISP-1928. Total attached: 2
[DESCRIPTION-VALIDATE] ISP-1928: new_len=614, existing_len=627
[DESCRIPTION-UPDATE] ISP-1928: Updated description (614 chars)
  Previous: <div class="trix-content">
  <p><strong>Actual Result-</strong><span>When editing the Item, PR Number...
  Updated: <p><strong>Actual Result-</strong><span style="color: #ff5630">When editing the Item, PR Number is be...
Processing issue 44/439: ISP-1927
[DEBUG-LABELS] Total labels found for ISP-1927: 2
[USER-FALLBACK] Using default user for 'Kiriba Delphine' -> b3613172-fc54-4742-b2ba-c10b97d15bf4
[USER-MATCH] Matched 'Robert Mbugua Kanyoro' by email: robert.mbugua@craftsilicon.com -> fb1e0a05-f047-4e22-a52b-b9b1fe4b4358
[STATUS-MATCH] Matched status 'In Progress' by name: In Progress -> c805a0e9-73fc-4726-a1ab-d28b9a36469e
[BANKING-MATCH] Found existing banking type 'ERP' -> d9a45733-9624-42c2-afcc-888ce998dbbe
📥 DOWNLOADING ISSUE-LEVEL ATTACHMENTS FOR ISP-1927
   Total files: 2 (1.4 MB)

   [1/2] 📥 Downloading: issuedByissuedTo.mp4 (0.65 MB)
  Attempt 1/3: Downloading from https://craftsilicon.atlassian.net/rest/api/3/attachment/content/129613...
  Following redirect 1/6 to: https://api.media.atlassian.com/file/86bd7420-2ec9-4f1b-9653-bfcd2ea91baf/binary?token=eyJhbGciOiJIUzI1NiJ9.eyJpc3MiOiJiN...
  Attempt 1/3: Downloading from https://api.media.atlassian.com/file/86bd7420-2ec9-4f1b-9653-bfcd2ea91baf/binary?token=eyJhbGciOiJIUzI1NiJ9.eyJpc3MiOiJiN...
  ✅ Downloaded 683314 bytes successfully
   ✅ Successfully attached: issuedByissuedTo.mp4 (verified in storage)
  Attached issuedByissuedTo.mp4 to defect ISP-1927 (service_exists=true)
   [2/2] 📥 Downloading: usernames.mp4 (0.75 MB)
  Attempt 1/3: Downloading from https://craftsilicon.atlassian.net/rest/api/3/attachment/content/129612...
  Following redirect 1/6 to: https://api.media.atlassian.com/file/70b4f11d-c657-46e6-b750-71301833f09a/binary?token=eyJhbGciOiJIUzI1NiJ9.eyJpc3MiOiJiN...
  Attempt 1/3: Downloading from https://api.media.atlassian.com/file/70b4f11d-c657-46e6-b750-71301833f09a/binary?token=eyJhbGciOiJIUzI1NiJ9.eyJpc3MiOiJiN...
  ✅ Downloaded 785497 bytes successfully
   ✅ Successfully attached: usernames.mp4 (verified in storage)
  Attached usernames.mp4 to defect ISP-1927 (service_exists=true)

📊 Attachment Summary for ISP-1927:
   ✅ Uploaded: 2
   ⏭️  Skipped: 0
   ❌ Failed: 0

[LABEL] Processing 2 label(s) for ISP-1927
[LABEL-MATCH] Found existing label 'New_ERP' (stored as 'new_erp') -> a9f0bd31-9bc0-4a7b-90fc-2ed53a305e8d
[LABEL-ATTACH] Successfully attached label 'new_erp' (ID: a9f0bd31-9bc0-4a7b-90fc-2ed53a305e8d) to ISP-1927
[LABEL-MATCH] Found existing label 'QA' (stored as 'qa') -> f66526ba-6a94-47b5-8239-f9fae5aa2248
[LABEL-ATTACH] Successfully attached label 'qa' (ID: f66526ba-6a94-47b5-8239-f9fae5aa2248) to ISP-1927
[LABEL] Completed processing labels for ISP-1927. Total attached: 2
[DESCRIPTION-VALIDATE] ISP-1927: new_len=116, existing_len=152
[DESCRIPTION-UPDATE] ISP-1927: Updated description (116 chars)
  Previous: <div class="trix-content">
  <p><strong>Repro Steps:</strong></p>
<p><strong>Actual Result:</strong><...
  Updated: <p><strong>Repro Steps:</strong></p>
<p><strong>Actual Result:</strong></p>
<p><strong>Expected Resul...
Processing issue 45/439: ISP-1926
[DEBUG-LABELS] Total labels found for ISP-1926: 2
[USER-MATCH] Matched 'archana.verma' by parsed first+last: archana verma -> 7b5370b5-abcd-4ad2-908b-1791ca40d9c9
[USER-MATCH] Matched 'Robert Mbugua Kanyoro' by email: robert.mbugua@craftsilicon.com -> fb1e0a05-f047-4e22-a52b-b9b1fe4b4358
[STATUS-MATCH] Matched status 'In Progress' by name: In Progress -> c805a0e9-73fc-4726-a1ab-d28b9a36469e
[BANKING-MATCH] Found existing banking type 'ERP' -> d9a45733-9624-42c2-afcc-888ce998dbbe
📥 DOWNLOADING ISSUE-LEVEL ATTACHMENTS FOR ISP-1926
   Total files: 1 (13.28 MB)

   [1/1] 📥 Downloading: ISP-1926-Doc and PR Ref details.mp4 (13.28 MB)
  Attempt 1/3: Downloading from https://craftsilicon.atlassian.net/rest/api/3/attachment/content/129609...
  Following redirect 1/6 to: https://api.media.atlassian.com/file/08a887b0-c4e6-4466-bf0a-22e34f8b8f81/binary?token=eyJhbGciOiJIUzI1NiJ9.eyJpc3MiOiJiN...
  Attempt 1/3: Downloading from https://api.media.atlassian.com/file/08a887b0-c4e6-4466-bf0a-22e34f8b8f81/binary?token=eyJhbGciOiJIUzI1NiJ9.eyJpc3MiOiJiN...
  📊 Downloaded 10.0/13.28 MB...
  ✅ Downloaded 13930034 bytes successfully
   ✅ Successfully attached: ISP-1926-Doc and PR Ref details.mp4 (verified in storage)
  Attached ISP-1926-Doc and PR Ref details.mp4 to defect ISP-1926 (service_exists=true)

📊 Attachment Summary for ISP-1926:
   ✅ Uploaded: 1
   ⏭️  Skipped: 0
   ❌ Failed: 0

[LABEL] Processing 2 label(s) for ISP-1926
[LABEL-MATCH] Found existing label 'New_ERP' (stored as 'new_erp') -> a9f0bd31-9bc0-4a7b-90fc-2ed53a305e8d
[LABEL-ATTACH] Successfully attached label 'new_erp' (ID: a9f0bd31-9bc0-4a7b-90fc-2ed53a305e8d) to ISP-1926
[LABEL-MATCH] Found existing label 'QA' (stored as 'qa') -> f66526ba-6a94-47b5-8239-f9fae5aa2248
[LABEL-ATTACH] Successfully attached label 'qa' (ID: f66526ba-6a94-47b5-8239-f9fae5aa2248) to ISP-1926
[LABEL] Completed processing labels for ISP-1926. Total attached: 2
[DESCRIPTION-VALIDATE] ISP-1926: new_len=79, existing_len=115
[DESCRIPTION-UPDATE] ISP-1926: Updated description (79 chars)
  Previous: <div class="trix-content">
  <p><strong>Actual Result-</strong></p>
<p><strong>Expected Result-</stro...
Processing issue 46/439: ISP-1925
[DEBUG-LABELS] Total labels found for ISP-1925: 2
[USER-FALLBACK] Using default user for 'Kiriba Delphine' -> b3613172-fc54-4742-b2ba-c10b97d15bf4
[USER-MATCH] Matched 'Robert Mbugua Kanyoro' by email: robert.mbugua@craftsilicon.com -> fb1e0a05-f047-4e22-a52b-b9b1fe4b4358
[STATUS-MATCH] Matched status 'In Progress' by name: In Progress -> c805a0e9-73fc-4726-a1ab-d28b9a36469e
[BANKING-MATCH] Found existing banking type 'ERP' -> d9a45733-9624-42c2-afcc-888ce998dbbe
📥 DOWNLOADING ISSUE-LEVEL ATTACHMENTS FOR ISP-1925
   Total files: 1 (0.78 MB)

   [1/1] 📥 Downloading: conversionMppn.mp4 (0.78 MB)
  Attempt 1/3: Downloading from https://craftsilicon.atlassian.net/rest/api/3/attachment/content/129608...
  Following redirect 1/6 to: https://api.media.atlassian.com/file/a2909d58-caa3-43eb-8196-737bff48be7e/binary?token=eyJhbGciOiJIUzI1NiJ9.eyJpc3MiOiJiN...
  Attempt 1/3: Downloading from https://api.media.atlassian.com/file/a2909d58-caa3-43eb-8196-737bff48be7e/binary?token=eyJhbGciOiJIUzI1NiJ9.eyJpc3MiOiJiN...
  ✅ Downloaded 821117 bytes successfully
   ✅ Successfully attached: conversionMppn.mp4 (verified in storage)
  Attached conversionMppn.mp4 to defect ISP-1925 (service_exists=true)

📊 Attachment Summary for ISP-1925:
   ✅ Uploaded: 1
   ⏭️  Skipped: 0
   ❌ Failed: 0

[LABEL] Processing 2 label(s) for ISP-1925
[LABEL-MATCH] Found existing label 'New_ERP' (stored as 'new_erp') -> a9f0bd31-9bc0-4a7b-90fc-2ed53a305e8d
[LABEL-ATTACH] Successfully attached label 'new_erp' (ID: a9f0bd31-9bc0-4a7b-90fc-2ed53a305e8d) to ISP-1925
[LABEL-MATCH] Found existing label 'QA' (stored as 'qa') -> f66526ba-6a94-47b5-8239-f9fae5aa2248
[LABEL-ATTACH] Successfully attached label 'qa' (ID: f66526ba-6a94-47b5-8239-f9fae5aa2248) to ISP-1925
[LABEL] Completed processing labels for ISP-1925. Total attached: 2
[DESCRIPTION-VALIDATE] ISP-1925: new_len=454, existing_len=505
[DESCRIPTION-UPDATE] ISP-1925: Updated description (454 chars)
  Previous: <div class="trix-content">
  <p><strong>Repro Steps</strong></p>
<p><strong>Actual Result</strong></p...
  Updated: <p><strong>Repro Steps</strong></p>
<p><strong>Actual Result</strong></p>
<p>Screen just refreshes. S...
Processing issue 47/439: ISP-1924
[DEBUG-LABELS] Total labels found for ISP-1924: 2
[USER-FALLBACK] Using default user for 'Kiriba Delphine' -> b3613172-fc54-4742-b2ba-c10b97d15bf4
[USER-MATCH] Matched 'Robert Mbugua Kanyoro' by email: robert.mbugua@craftsilicon.com -> fb1e0a05-f047-4e22-a52b-b9b1fe4b4358
[STATUS-MATCH] Matched status 'In Progress' by name: In Progress -> c805a0e9-73fc-4726-a1ab-d28b9a36469e
[BANKING-MATCH] Found existing banking type 'ERP' -> d9a45733-9624-42c2-afcc-888ce998dbbe
📥 DOWNLOADING ISSUE-LEVEL ATTACHMENTS FOR ISP-1924
   Total files: 1 (0.53 MB)

   [1/1] 📥 Downloading: stockTake.mp4 (0.53 MB)
  Attempt 1/3: Downloading from https://craftsilicon.atlassian.net/rest/api/3/attachment/content/129606...
  Following redirect 1/6 to: https://api.media.atlassian.com/file/0c684055-b395-4840-ad80-f5a98a09b445/binary?token=eyJhbGciOiJIUzI1NiJ9.eyJpc3MiOiJiN...
  Attempt 1/3: Downloading from https://api.media.atlassian.com/file/0c684055-b395-4840-ad80-f5a98a09b445/binary?token=eyJhbGciOiJIUzI1NiJ9.eyJpc3MiOiJiN...
  ✅ Downloaded 551164 bytes successfully
   ✅ Successfully attached: stockTake.mp4 (verified in storage)
  Attached stockTake.mp4 to defect ISP-1924 (service_exists=true)

📊 Attachment Summary for ISP-1924:
   ✅ Uploaded: 1
   ⏭️  Skipped: 0
   ❌ Failed: 0

[LABEL] Processing 2 label(s) for ISP-1924
[LABEL-MATCH] Found existing label 'New_ERP' (stored as 'new_erp') -> a9f0bd31-9bc0-4a7b-90fc-2ed53a305e8d
[LABEL-ATTACH] Successfully attached label 'new_erp' (ID: a9f0bd31-9bc0-4a7b-90fc-2ed53a305e8d) to ISP-1924
[LABEL-MATCH] Found existing label 'QA' (stored as 'qa') -> f66526ba-6a94-47b5-8239-f9fae5aa2248
[LABEL-ATTACH] Successfully attached label 'qa' (ID: f66526ba-6a94-47b5-8239-f9fae5aa2248) to ISP-1924
[LABEL] Completed processing labels for ISP-1924. Total attached: 2
[DESCRIPTION-VALIDATE] ISP-1924: new_len=474, existing_len=510
[DESCRIPTION-UPDATE] ISP-1924: Updated description (474 chars)
  Previous: <div class="trix-content">
  <p><strong>Repro Steps:</strong></p>
<p><strong>Actual Result</strong></...
  Updated: <p><strong>Repro Steps:</strong></p>
<p><strong>Actual Result</strong></p>
<p>The system displays a g...
Processing issue 48/439: ISP-1923
[DEBUG-LABELS] Total labels found for ISP-1923: 2
[USER-MATCH] Matched 'archana.verma' by parsed first+last: archana verma -> 7b5370b5-abcd-4ad2-908b-1791ca40d9c9
[USER-MATCH] Matched 'Robert Mbugua Kanyoro' by email: robert.mbugua@craftsilicon.com -> fb1e0a05-f047-4e22-a52b-b9b1fe4b4358
[STATUS-MATCH] Matched status 'In Progress' by name: In Progress -> c805a0e9-73fc-4726-a1ab-d28b9a36469e
[BANKING-MATCH] Found existing banking type 'ERP' -> d9a45733-9624-42c2-afcc-888ce998dbbe
📥 DOWNLOADING ISSUE-LEVEL ATTACHMENTS FOR ISP-1923
   Total files: 1 (8.01 MB)

   [1/1] 📥 Downloading: ISP-1923-Error messages.mp4 (8.01 MB)
  Attempt 1/3: Downloading from https://craftsilicon.atlassian.net/rest/api/3/attachment/content/129572...
  Following redirect 1/6 to: https://api.media.atlassian.com/file/9061a502-c83a-44c1-876e-7e1743bdbb18/binary?token=eyJhbGciOiJIUzI1NiJ9.eyJpc3MiOiJiN...
  Attempt 1/3: Downloading from https://api.media.atlassian.com/file/9061a502-c83a-44c1-876e-7e1743bdbb18/binary?token=eyJhbGciOiJIUzI1NiJ9.eyJpc3MiOiJiN...
  ✅ Downloaded 8400208 bytes successfully
   ✅ Successfully attached: ISP-1923-Error messages.mp4 (verified in storage)
  Attached ISP-1923-Error messages.mp4 to defect ISP-1923 (service_exists=true)

📊 Attachment Summary for ISP-1923:
   ✅ Uploaded: 1
   ⏭️  Skipped: 0
   ❌ Failed: 0

[LABEL] Processing 2 label(s) for ISP-1923
[LABEL-MATCH] Found existing label 'New_ERP' (stored as 'new_erp') -> a9f0bd31-9bc0-4a7b-90fc-2ed53a305e8d
[LABEL-ATTACH] Successfully attached label 'new_erp' (ID: a9f0bd31-9bc0-4a7b-90fc-2ed53a305e8d) to ISP-1923
[LABEL-MATCH] Found existing label 'QA' (stored as 'qa') -> f66526ba-6a94-47b5-8239-f9fae5aa2248
[LABEL-ATTACH] Successfully attached label 'qa' (ID: f66526ba-6a94-47b5-8239-f9fae5aa2248) to ISP-1923
[LABEL] Completed processing labels for ISP-1923. Total attached: 2
[DESCRIPTION-VALIDATE] ISP-1923: new_len=40, existing_len=76
[DESCRIPTION-UPDATE] ISP-1923: Updated description (40 chars)
Processing issue 49/439: ISP-1922
[DEBUG-LABELS] Total labels found for ISP-1922: 2
[USER-MATCH] Matched 'archana.verma' by parsed first+last: archana verma -> 7b5370b5-abcd-4ad2-908b-1791ca40d9c9
[USER-MATCH] Matched 'Robert Mbugua Kanyoro' by email: robert.mbugua@craftsilicon.com -> fb1e0a05-f047-4e22-a52b-b9b1fe4b4358
[STATUS-MATCH] Matched status 'In Progress' by name: In Progress -> c805a0e9-73fc-4726-a1ab-d28b9a36469e
[BANKING-MATCH] Found existing banking type 'ERP' -> d9a45733-9624-42c2-afcc-888ce998dbbe
📥 DOWNLOADING ISSUE-LEVEL ATTACHMENTS FOR ISP-1922
   Total files: 1 (28.53 MB)

   [1/1] 📥 Downloading: ISP-1922-Add Grid issues.mp4 (28.53 MB)
  Attempt 1/5: Downloading from https://craftsilicon.atlassian.net/rest/api/3/attachment/content/129571...
  Following redirect 1/6 to: https://api.media.atlassian.com/file/38aa7100-94c3-41b2-91a0-e5cafb442e21/binary?token=eyJhbGciOiJIUzI1NiJ9.eyJpc3MiOiJiN...
  Attempt 1/5: Downloading from https://api.media.atlassian.com/file/38aa7100-94c3-41b2-91a0-e5cafb442e21/binary?token=eyJhbGciOiJIUzI1NiJ9.eyJpc3MiOiJiN...
  📊 Downloaded 10.0/28.53 MB...
  📊 Downloaded 20.0/28.53 MB...
  ✅ Downloaded 29911578 bytes successfully
   ✅ Successfully attached: ISP-1922-Add Grid issues.mp4 (verified in storage)
  Attached ISP-1922-Add Grid issues.mp4 to defect ISP-1922 (service_exists=true)

📊 Attachment Summary for ISP-1922:
   ✅ Uploaded: 1
   ⏭️  Skipped: 0
   ❌ Failed: 0

[LABEL] Processing 2 label(s) for ISP-1922
[LABEL-MATCH] Found existing label 'New_ERP' (stored as 'new_erp') -> a9f0bd31-9bc0-4a7b-90fc-2ed53a305e8d
[LABEL-ATTACH] Successfully attached label 'new_erp' (ID: a9f0bd31-9bc0-4a7b-90fc-2ed53a305e8d) to ISP-1922
[LABEL-MATCH] Found existing label 'QA' (stored as 'qa') -> f66526ba-6a94-47b5-8239-f9fae5aa2248
[LABEL-ATTACH] Successfully attached label 'qa' (ID: f66526ba-6a94-47b5-8239-f9fae5aa2248) to ISP-1922
[LABEL] Completed processing labels for ISP-1922. Total attached: 2
[DESCRIPTION-VALIDATE] ISP-1922: new_len=655, existing_len=622
[DESCRIPTION-UPDATE] ISP-1922: Updated description (655 chars)
  Previous: <div class="trix-content">
  <p><strong>Actual Result-</strong><span><strong>Application displays an ...
  Updated: <p><strong>Actual Result-</strong><span style="color: #ff5630"><strong>Application displays an error ...
Processing issue 50/439: ISP-1921
[DEBUG-LABELS] Total labels found for ISP-1921: 2
[USER-FALLBACK] Using default user for 'Stephen Mungai' -> b3613172-fc54-4742-b2ba-c10b97d15bf4
[USER-MATCH] Matched 'Robert Mbugua Kanyoro' by email: robert.mbugua@craftsilicon.com -> fb1e0a05-f047-4e22-a52b-b9b1fe4b4358
[STATUS-MATCH] Matched status 'In Progress' by name: In Progress -> c805a0e9-73fc-4726-a1ab-d28b9a36469e
[BANKING-MATCH] Found existing banking type 'ERP' -> d9a45733-9624-42c2-afcc-888ce998dbbe
📥 DOWNLOADING ISSUE-LEVEL ATTACHMENTS FOR ISP-1921
   Total files: 1 (7.85 MB)

   [1/1] 📥 Downloading: Bulk Upload Error.mp4 (7.85 MB)
  Attempt 1/3: Downloading from https://craftsilicon.atlassian.net/rest/api/3/attachment/content/129570...
  Following redirect 1/6 to: https://api.media.atlassian.com/file/b0e1d0d1-9ce6-46f1-92c0-faac02218351/binary?token=eyJhbGciOiJIUzI1NiJ9.eyJpc3MiOiJiN...
  Attempt 1/3: Downloading from https://api.media.atlassian.com/file/b0e1d0d1-9ce6-46f1-92c0-faac02218351/binary?token=eyJhbGciOiJIUzI1NiJ9.eyJpc3MiOiJiN...
  ✅ Downloaded 8233120 bytes successfully
   ✅ Successfully attached: Bulk Upload Error.mp4 (verified in storage)
  Attached Bulk Upload Error.mp4 to defect ISP-1921 (service_exists=true)

📊 Attachment Summary for ISP-1921:
   ✅ Uploaded: 1
   ⏭️  Skipped: 0
   ❌ Failed: 0

[LABEL] Processing 2 label(s) for ISP-1921
[LABEL-MATCH] Found existing label 'New_ERP' (stored as 'new_erp') -> a9f0bd31-9bc0-4a7b-90fc-2ed53a305e8d
[LABEL-ATTACH] Successfully attached label 'new_erp' (ID: a9f0bd31-9bc0-4a7b-90fc-2ed53a305e8d) to ISP-1921
[LABEL-MATCH] Found existing label 'QA' (stored as 'qa') -> f66526ba-6a94-47b5-8239-f9fae5aa2248
[LABEL-ATTACH] Successfully attached label 'qa' (ID: f66526ba-6a94-47b5-8239-f9fae5aa2248) to ISP-1921
[LABEL] Completed processing labels for ISP-1921. Total attached: 2
[DESCRIPTION-VALIDATE] ISP-1921: new_len=590, existing_len=636
[DESCRIPTION-UPDATE] ISP-1921: Updated description (590 chars)
  Previous: <div class="trix-content">
  <p><strong>Scenario 1</strong></p>
<p><strong>Actual Result-</strong></p...
  Updated: <p><strong>Scenario 1</strong></p>
<p><strong>Actual Result-</strong></p>
<p><strong>Expected Results...
Processing issue 51/439: ISP-1920
[DEBUG-LABELS] Total labels found for ISP-1920: 2
[USER-MATCH] Matched 'archana.verma' by parsed first+last: archana verma -> 7b5370b5-abcd-4ad2-908b-1791ca40d9c9
[USER-MATCH] Matched 'Robert Mbugua Kanyoro' by email: robert.mbugua@craftsilicon.com -> fb1e0a05-f047-4e22-a52b-b9b1fe4b4358
[STATUS-MATCH] Matched status 'Awaiting Build' by name: Awaiting Build -> bf46baa0-8c97-4afe-a65a-a300e43d70e6
[BANKING-MATCH] Found existing banking type 'ERP' -> d9a45733-9624-42c2-afcc-888ce998dbbe
📥 DOWNLOADING ISSUE-LEVEL ATTACHMENTS FOR ISP-1920
   Total files: 2 (5.0 MB)

   [1/2] 📥 Downloading: image-20251201-092210.png (0.02 MB)
  Attempt 1/3: Downloading from https://craftsilicon.atlassian.net/rest/api/3/attachment/content/130210...
  Following redirect 1/6 to: https://api.media.atlassian.com/file/150df897-356c-4d06-bce6-5fdfe1dffa30/binary?token=eyJhbGciOiJIUzI1NiJ9.eyJpc3MiOiJiN...
  Attempt 1/3: Downloading from https://api.media.atlassian.com/file/150df897-356c-4d06-bce6-5fdfe1dffa30/binary?token=eyJhbGciOiJIUzI1NiJ9.eyJpc3MiOiJiN...
  ✅ Downloaded 23873 bytes successfully
   ✅ Successfully attached: image-20251201-092210.png (verified in storage)
  Attached image-20251201-092210.png to defect ISP-1920 (service_exists=true)
   [2/2] 📥 Downloading: ISP-1920-Tender Type instruction.mp4 (4.98 MB)
  Attempt 1/3: Downloading from https://craftsilicon.atlassian.net/rest/api/3/attachment/content/129568...
  Following redirect 1/6 to: https://api.media.atlassian.com/file/ae7f5a82-faf8-44e1-878c-04d2afd0d58f/binary?token=eyJhbGciOiJIUzI1NiJ9.eyJpc3MiOiJiN...
  Attempt 1/3: Downloading from https://api.media.atlassian.com/file/ae7f5a82-faf8-44e1-878c-04d2afd0d58f/binary?token=eyJhbGciOiJIUzI1NiJ9.eyJpc3MiOiJiN...
  ✅ Downloaded 5221608 bytes successfully
   ✅ Successfully attached: ISP-1920-Tender Type instruction.mp4 (verified in storage)
  Attached ISP-1920-Tender Type instruction.mp4 to defect ISP-1920 (service_exists=true)

📊 Attachment Summary for ISP-1920:
   ✅ Uploaded: 2
   ⏭️  Skipped: 0
   ❌ Failed: 0

[LABEL] Processing 2 label(s) for ISP-1920
[LABEL-MATCH] Found existing label 'New_ERP' (stored as 'new_erp') -> a9f0bd31-9bc0-4a7b-90fc-2ed53a305e8d
[LABEL-ATTACH] Successfully attached label 'new_erp' (ID: a9f0bd31-9bc0-4a7b-90fc-2ed53a305e8d) to ISP-1920
[LABEL-MATCH] Found existing label 'QA' (stored as 'qa') -> f66526ba-6a94-47b5-8239-f9fae5aa2248
[LABEL-ATTACH] Successfully attached label 'qa' (ID: f66526ba-6a94-47b5-8239-f9fae5aa2248) to ISP-1920
[LABEL] Completed processing labels for ISP-1920. Total attached: 2
[COMMENTS] Importing 1 comment(s) for ISP-1920...
[USER-MATCH] Matched 'Robert Mbugua Kanyoro' by email: robert.mbugua@craftsilicon.com -> fb1e0a05-f047-4e22-a52b-b9b1fe4b4358
[IMPORT] Added rich text comment by Robert Mbugua Kanyoro to ISP-1920 (id=a025ed3d-3197-48a2-9434-a46dbae4401a, length=26)
[DESCRIPTION-VALIDATE] ISP-1920: new_len=40, existing_len=76
[DESCRIPTION-UPDATE] ISP-1920: Updated description (40 chars)
Processing issue 52/439: ISP-1919
[DEBUG-LABELS] Total labels found for ISP-1919: 2
[USER-FALLBACK] Using default user for 'Stephen Mungai' -> b3613172-fc54-4742-b2ba-c10b97d15bf4
[USER-MATCH] Matched 'Robert Mbugua Kanyoro' by email: robert.mbugua@craftsilicon.com -> fb1e0a05-f047-4e22-a52b-b9b1fe4b4358
[STATUS-MATCH] Matched status 'In Progress' by name: In Progress -> c805a0e9-73fc-4726-a1ab-d28b9a36469e
[BANKING-MATCH] Found existing banking type 'ERP' -> d9a45733-9624-42c2-afcc-888ce998dbbe
📥 DOWNLOADING ISSUE-LEVEL ATTACHMENTS FOR ISP-1919
   Total files: 1 (1.83 MB)

   [1/1] 📥 Downloading: Price management Deleting Item Price.mp4 (1.83 MB)
  Attempt 1/3: Downloading from https://craftsilicon.atlassian.net/rest/api/3/attachment/content/129567...
  Following redirect 1/6 to: https://api.media.atlassian.com/file/4e45fa5f-3a78-4fcd-9874-1e684aef2834/binary?token=eyJhbGciOiJIUzI1NiJ9.eyJpc3MiOiJiN...
  Attempt 1/3: Downloading from https://api.media.atlassian.com/file/4e45fa5f-3a78-4fcd-9874-1e684aef2834/binary?token=eyJhbGciOiJIUzI1NiJ9.eyJpc3MiOiJiN...
  ✅ Downloaded 1923723 bytes successfully
   ✅ Successfully attached: Price management Deleting Item Price.mp4 (verified in storage)
  Attached Price management Deleting Item Price.mp4 to defect ISP-1919 (service_exists=true)

📊 Attachment Summary for ISP-1919:
   ✅ Uploaded: 1
   ⏭️  Skipped: 0
   ❌ Failed: 0

[LABEL] Processing 2 label(s) for ISP-1919
[LABEL-MATCH] Found existing label 'New_ERP' (stored as 'new_erp') -> a9f0bd31-9bc0-4a7b-90fc-2ed53a305e8d
[LABEL-ATTACH] Successfully attached label 'new_erp' (ID: a9f0bd31-9bc0-4a7b-90fc-2ed53a305e8d) to ISP-1919
[LABEL-MATCH] Found existing label 'QA' (stored as 'qa') -> f66526ba-6a94-47b5-8239-f9fae5aa2248
[LABEL-ATTACH] Successfully attached label 'qa' (ID: f66526ba-6a94-47b5-8239-f9fae5aa2248) to ISP-1919
[LABEL] Completed processing labels for ISP-1919. Total attached: 2
[DESCRIPTION-VALIDATE] ISP-1919: new_len=115, existing_len=151
[DESCRIPTION-UPDATE] ISP-1919: Updated description (115 chars)
  Previous: <div class="trix-content">
  <p><strong>Repro Steps</strong></p>
<p><strong>Actual Results</strong></...
  Updated: <p><strong>Repro Steps</strong></p>
<p><strong>Actual Results</strong></p>
<p><strong>Expected Result...
Processing issue 53/439: ISP-1918
[DEBUG-LABELS] Total labels found for ISP-1918: 2
[USER-MATCH] Matched 'archana.verma' by parsed first+last: archana verma -> 7b5370b5-abcd-4ad2-908b-1791ca40d9c9
[USER-MATCH] Matched 'Robert Mbugua Kanyoro' by email: robert.mbugua@craftsilicon.com -> fb1e0a05-f047-4e22-a52b-b9b1fe4b4358
[STATUS-MATCH] Matched status 'In Progress' by name: In Progress -> c805a0e9-73fc-4726-a1ab-d28b9a36469e
[BANKING-MATCH] Found existing banking type 'ERP' -> d9a45733-9624-42c2-afcc-888ce998dbbe
📥 DOWNLOADING ISSUE-LEVEL ATTACHMENTS FOR ISP-1918
   Total files: 1 (18.77 MB)

   [1/1] 📥 Downloading: ISP-1918-Map Item Types.mp4 (18.77 MB)
  Attempt 1/3: Downloading from https://craftsilicon.atlassian.net/rest/api/3/attachment/content/129565...
  Following redirect 1/6 to: https://api.media.atlassian.com/file/af5c611f-d2df-4c5f-862e-d265dc50e286/binary?token=eyJhbGciOiJIUzI1NiJ9.eyJpc3MiOiJiN...
  Attempt 1/3: Downloading from https://api.media.atlassian.com/file/af5c611f-d2df-4c5f-862e-d265dc50e286/binary?token=eyJhbGciOiJIUzI1NiJ9.eyJpc3MiOiJiN...
  📊 Downloaded 10.0/18.77 MB...
  ✅ Downloaded 19681058 bytes successfully
   ✅ Successfully attached: ISP-1918-Map Item Types.mp4 (verified in storage)
  Attached ISP-1918-Map Item Types.mp4 to defect ISP-1918 (service_exists=true)

📊 Attachment Summary for ISP-1918:
   ✅ Uploaded: 1
   ⏭️  Skipped: 0
   ❌ Failed: 0

[LABEL] Processing 2 label(s) for ISP-1918
[LABEL-MATCH] Found existing label 'New_ERP' (stored as 'new_erp') -> a9f0bd31-9bc0-4a7b-90fc-2ed53a305e8d
[LABEL-ATTACH] Successfully attached label 'new_erp' (ID: a9f0bd31-9bc0-4a7b-90fc-2ed53a305e8d) to ISP-1918
[LABEL-MATCH] Found existing label 'QA' (stored as 'qa') -> f66526ba-6a94-47b5-8239-f9fae5aa2248
[LABEL-ATTACH] Successfully attached label 'qa' (ID: f66526ba-6a94-47b5-8239-f9fae5aa2248) to ISP-1918
[LABEL] Completed processing labels for ISP-1918. Total attached: 2
[DESCRIPTION-VALIDATE] ISP-1918: new_len=79, existing_len=115
[DESCRIPTION-UPDATE] ISP-1918: Updated description (79 chars)
  Previous: <div class="trix-content">
  <p><strong>Actual Result-</strong></p>
<p><strong>Expected Result-</stro...
Processing issue 54/439: ISP-1917
[DEBUG-LABELS] Total labels found for ISP-1917: 2
[USER-MATCH] Matched 'gideon' by single name: gideon gideon -> a2f6fdcb-6a66-4ace-992b-0f3cd5e9cc53
[USER-MATCH] Matched 'Robert Mbugua Kanyoro' by email: robert.mbugua@craftsilicon.com -> fb1e0a05-f047-4e22-a52b-b9b1fe4b4358
[STATUS-MATCH] Matched status 'In Progress' by name: In Progress -> c805a0e9-73fc-4726-a1ab-d28b9a36469e
[BANKING-MATCH] Found existing banking type 'ERP' -> d9a45733-9624-42c2-afcc-888ce998dbbe
📥 DOWNLOADING ISSUE-LEVEL ATTACHMENTS FOR ISP-1917
   Total files: 1 (3.24 MB)

   [1/1] 📥 Downloading: stock-transfer-user-can-approve-its-own-stock-transfer-no-maker-checker_nVjDGQRF.mp4 (3.24 MB)
  Attempt 1/3: Downloading from https://craftsilicon.atlassian.net/rest/api/3/attachment/content/129564...
  Following redirect 1/6 to: https://api.media.atlassian.com/file/288fec24-d9d2-4cc9-824f-8122de139c16/binary?token=eyJhbGciOiJIUzI1NiJ9.eyJpc3MiOiJiN...
  Attempt 1/3: Downloading from https://api.media.atlassian.com/file/288fec24-d9d2-4cc9-824f-8122de139c16/binary?token=eyJhbGciOiJIUzI1NiJ9.eyJpc3MiOiJiN...
  ✅ Downloaded 3396718 bytes successfully
   ✅ Successfully attached: stock-transfer-user-can-approve-its-own-stock-transfer-no-maker-checker_nVjDGQRF.mp4 (verified in storage)
  Attached stock-transfer-user-can-approve-its-own-stock-transfer-no-maker-checker_nVjDGQRF.mp4 to defect ISP-1917 (service_exists=true)

📊 Attachment Summary for ISP-1917:
   ✅ Uploaded: 1
   ⏭️  Skipped: 0
   ❌ Failed: 0

[LABEL] Processing 2 label(s) for ISP-1917
[LABEL-MATCH] Found existing label 'New_ERP' (stored as 'new_erp') -> a9f0bd31-9bc0-4a7b-90fc-2ed53a305e8d
[LABEL-ATTACH] Successfully attached label 'new_erp' (ID: a9f0bd31-9bc0-4a7b-90fc-2ed53a305e8d) to ISP-1917
[LABEL-MATCH] Found existing label 'QA' (stored as 'qa') -> f66526ba-6a94-47b5-8239-f9fae5aa2248
[LABEL-ATTACH] Successfully attached label 'qa' (ID: f66526ba-6a94-47b5-8239-f9fae5aa2248) to ISP-1917
[LABEL] Completed processing labels for ISP-1917. Total attached: 2
[DESCRIPTION-VALIDATE] ISP-1917: new_len=197, existing_len=263
[DESCRIPTION-UPDATE] ISP-1917: Updated description (197 chars)
  Previous: <div class="trix-content">
  <p><strong>Repro Steps-</strong></p>
<p><strong>Actual Results:</strong>...
  Updated: <p><strong>Repro Steps-</strong></p>
<p><strong>Actual Results:</strong></p>
<p>       message <stron...
Processing issue 55/439: ISP-1916
[DEBUG-LABELS] Total labels found for ISP-1916: 2
[USER-MATCH] Matched 'gideon' by single name: gideon gideon -> a2f6fdcb-6a66-4ace-992b-0f3cd5e9cc53
[USER-MATCH] Matched 'Robert Mbugua Kanyoro' by email: robert.mbugua@craftsilicon.com -> fb1e0a05-f047-4e22-a52b-b9b1fe4b4358
[STATUS-MATCH] Matched status 'In Progress' by name: In Progress -> c805a0e9-73fc-4726-a1ab-d28b9a36469e
[BANKING-MATCH] Found existing banking type 'ERP' -> d9a45733-9624-42c2-afcc-888ce998dbbe
📥 DOWNLOADING ISSUE-LEVEL ATTACHMENTS FOR ISP-1916
   Total files: 1 (5.2 MB)

   [1/1] 📥 Downloading: stock-adjustment-displays-branches-header-as-store_UH8KGpA4.mp4 (5.2 MB)
  Attempt 1/3: Downloading from https://craftsilicon.atlassian.net/rest/api/3/attachment/content/129562...
  Following redirect 1/6 to: https://api.media.atlassian.com/file/848cf87a-adfa-4a84-b70a-0d23c5192c87/binary?token=eyJhbGciOiJIUzI1NiJ9.eyJpc3MiOiJiN...
  Attempt 1/3: Downloading from https://api.media.atlassian.com/file/848cf87a-adfa-4a84-b70a-0d23c5192c87/binary?token=eyJhbGciOiJIUzI1NiJ9.eyJpc3MiOiJiN...
  ✅ Downloaded 5455521 bytes successfully
   ✅ Successfully attached: stock-adjustment-displays-branches-header-as-store_UH8KGpA4.mp4 (verified in storage)
  Attached stock-adjustment-displays-branches-header-as-store_UH8KGpA4.mp4 to defect ISP-1916 (service_exists=true)

📊 Attachment Summary for ISP-1916:
   ✅ Uploaded: 1
   ⏭️  Skipped: 0
   ❌ Failed: 0

[LABEL] Processing 2 label(s) for ISP-1916
[LABEL-MATCH] Found existing label 'New_ERP' (stored as 'new_erp') -> a9f0bd31-9bc0-4a7b-90fc-2ed53a305e8d
[LABEL-ATTACH] Successfully attached label 'new_erp' (ID: a9f0bd31-9bc0-4a7b-90fc-2ed53a305e8d) to ISP-1916
[LABEL-MATCH] Found existing label 'QA' (stored as 'qa') -> f66526ba-6a94-47b5-8239-f9fae5aa2248
[LABEL-ATTACH] Successfully attached label 'qa' (ID: f66526ba-6a94-47b5-8239-f9fae5aa2248) to ISP-1916
[LABEL] Completed processing labels for ISP-1916. Total attached: 2
[DESCRIPTION-VALIDATE] ISP-1916: new_len=378, existing_len=414
[DESCRIPTION-UPDATE] ISP-1916: Updated description (378 chars)
  Previous: <div class="trix-content">
  <p><strong>Repro Steps -</strong></p>
<p><strong>Actual Results –</stron...
  Updated: <p><strong>Repro Steps -</strong></p>
<p><strong>Actual Results –</strong></p>
<p>In the stock Adjust...
Processing issue 56/439: ISP-1915
[DEBUG-LABELS] Total labels found for ISP-1915: 2
[USER-MATCH] Matched 'gideon' by single name: gideon gideon -> a2f6fdcb-6a66-4ace-992b-0f3cd5e9cc53
[USER-MATCH] Matched 'Robert Mbugua Kanyoro' by email: robert.mbugua@craftsilicon.com -> fb1e0a05-f047-4e22-a52b-b9b1fe4b4358
[STATUS-MATCH] Matched status 'In Progress' by name: In Progress -> c805a0e9-73fc-4726-a1ab-d28b9a36469e
[BANKING-MATCH] Found existing banking type 'ERP' -> d9a45733-9624-42c2-afcc-888ce998dbbe
📥 DOWNLOADING ISSUE-LEVEL ATTACHMENTS FOR ISP-1915
   Total files: 1 (2.27 MB)

   [1/1] 📥 Downloading: system-is-allow-to-issue-stock-consumption-in-past-date-and-or-future-date-its-i_U7iXIVtI.mp4 (2.27 MB)
  Attempt 1/3: Downloading from https://craftsilicon.atlassian.net/rest/api/3/attachment/content/129560...
  Following redirect 1/6 to: https://api.media.atlassian.com/file/1d3aad6e-fd6f-47c4-9184-9b7c4c1a84f0/binary?token=eyJhbGciOiJIUzI1NiJ9.eyJpc3MiOiJiN...
  Attempt 1/3: Downloading from https://api.media.atlassian.com/file/1d3aad6e-fd6f-47c4-9184-9b7c4c1a84f0/binary?token=eyJhbGciOiJIUzI1NiJ9.eyJpc3MiOiJiN...
  ✅ Downloaded 2382675 bytes successfully
   ✅ Successfully attached: system-is-allow-to-issue-stock-consumption-in-past-date-and-or-future-date-its-i_U7iXIVtI.mp4 (verified in storage)
  Attached system-is-allow-to-issue-stock-consumption-in-past-date-and-or-future-date-its-i_U7iXIVtI.mp4 to defect ISP-1915 (service_exists=true)

📊 Attachment Summary for ISP-1915:
   ✅ Uploaded: 1
   ⏭️  Skipped: 0
   ❌ Failed: 0

[LABEL] Processing 2 label(s) for ISP-1915
[LABEL-MATCH] Found existing label 'New_ERP' (stored as 'new_erp') -> a9f0bd31-9bc0-4a7b-90fc-2ed53a305e8d
[LABEL-ATTACH] Successfully attached label 'new_erp' (ID: a9f0bd31-9bc0-4a7b-90fc-2ed53a305e8d) to ISP-1915
[LABEL-MATCH] Found existing label 'QA' (stored as 'qa') -> f66526ba-6a94-47b5-8239-f9fae5aa2248
[LABEL-ATTACH] Successfully attached label 'qa' (ID: f66526ba-6a94-47b5-8239-f9fae5aa2248) to ISP-1915
[LABEL] Completed processing labels for ISP-1915. Total attached: 2
[DESCRIPTION-VALIDATE] ISP-1915: new_len=339, existing_len=375
[DESCRIPTION-UPDATE] ISP-1915: Updated description (339 chars)
  Previous: <div class="trix-content">
  <p><strong>Repro Steps -</strong></p>
<p><strong>Actual Results:</strong...
  Updated: <p><strong>Repro Steps -</strong></p>
<p><strong>Actual Results:</strong></p>
<p>The system saves the...
Processing issue 57/439: ISP-1914
[DEBUG-LABELS] Total labels found for ISP-1914: 2
[USER-MATCH] Matched 'archana.verma' by parsed first+last: archana verma -> 7b5370b5-abcd-4ad2-908b-1791ca40d9c9
[USER-MATCH] Matched 'Robert Mbugua Kanyoro' by email: robert.mbugua@craftsilicon.com -> fb1e0a05-f047-4e22-a52b-b9b1fe4b4358
[STATUS-MATCH] Matched status 'In Progress' by name: In Progress -> c805a0e9-73fc-4726-a1ab-d28b9a36469e
[BANKING-MATCH] Found existing banking type 'ERP' -> d9a45733-9624-42c2-afcc-888ce998dbbe
📥 DOWNLOADING ISSUE-LEVEL ATTACHMENTS FOR ISP-1914
   Total files: 1 (23.46 MB)

   [1/1] 📥 Downloading: ISP-1914 and 1913-GRN.mp4 (23.46 MB)
  Attempt 1/5: Downloading from https://craftsilicon.atlassian.net/rest/api/3/attachment/content/129558...
  Following redirect 1/6 to: https://api.media.atlassian.com/file/1bf6ce7a-ee36-411f-aac5-dab4414e56b7/binary?token=eyJhbGciOiJIUzI1NiJ9.eyJpc3MiOiJiN...
  Attempt 1/5: Downloading from https://api.media.atlassian.com/file/1bf6ce7a-ee36-411f-aac5-dab4414e56b7/binary?token=eyJhbGciOiJIUzI1NiJ9.eyJpc3MiOiJiN...
  📊 Downloaded 10.0/23.46 MB...
  📊 Downloaded 20.0/23.46 MB...
  ✅ Downloaded 24601140 bytes successfully
   ✅ Successfully attached: ISP-1914 and 1913-GRN.mp4 (verified in storage)
  Attached ISP-1914 and 1913-GRN.mp4 to defect ISP-1914 (service_exists=true)

📊 Attachment Summary for ISP-1914:
   ✅ Uploaded: 1
   ⏭️  Skipped: 0
   ❌ Failed: 0

[LABEL] Processing 2 label(s) for ISP-1914
[LABEL-MATCH] Found existing label 'New_ERP' (stored as 'new_erp') -> a9f0bd31-9bc0-4a7b-90fc-2ed53a305e8d
[LABEL-ATTACH] Successfully attached label 'new_erp' (ID: a9f0bd31-9bc0-4a7b-90fc-2ed53a305e8d) to ISP-1914
[LABEL-MATCH] Found existing label 'QA' (stored as 'qa') -> f66526ba-6a94-47b5-8239-f9fae5aa2248
[LABEL-ATTACH] Successfully attached label 'qa' (ID: f66526ba-6a94-47b5-8239-f9fae5aa2248) to ISP-1914
[LABEL] Completed processing labels for ISP-1914. Total attached: 2
[DESCRIPTION-VALIDATE] ISP-1914: new_len=141, existing_len=177
[DESCRIPTION-UPDATE] ISP-1914: Updated description (141 chars)
  Previous: <div class="trix-content">
  <p><strong>Actual Result-</strong></p>
<p><strong>Expected Result-</stro...
  Updated: <p><strong>Actual Result-</strong></p>
<p><strong>Expected Result-</strong>Correct details should be ...
Processing issue 58/439: ISP-1913
[DEBUG-LABELS] Total labels found for ISP-1913: 2
[USER-MATCH] Matched 'archana.verma' by parsed first+last: archana verma -> 7b5370b5-abcd-4ad2-908b-1791ca40d9c9
[USER-MATCH] Matched 'Robert Mbugua Kanyoro' by email: robert.mbugua@craftsilicon.com -> fb1e0a05-f047-4e22-a52b-b9b1fe4b4358
[STATUS-MATCH] Matched status 'In Progress' by name: In Progress -> c805a0e9-73fc-4726-a1ab-d28b9a36469e
[BANKING-MATCH] Found existing banking type 'ERP' -> d9a45733-9624-42c2-afcc-888ce998dbbe
📥 DOWNLOADING ISSUE-LEVEL ATTACHMENTS FOR ISP-1913
   Total files: 1 (23.46 MB)

   [1/1] 📥 Downloading: ISP-1913-GRN.mp4 (23.46 MB)
  Attempt 1/5: Downloading from https://craftsilicon.atlassian.net/rest/api/3/attachment/content/129557...
  Following redirect 1/6 to: https://api.media.atlassian.com/file/137810ad-7f28-4257-9633-bf379fcfc77d/binary?token=eyJhbGciOiJIUzI1NiJ9.eyJpc3MiOiJiN...
  Attempt 1/5: Downloading from https://api.media.atlassian.com/file/137810ad-7f28-4257-9633-bf379fcfc77d/binary?token=eyJhbGciOiJIUzI1NiJ9.eyJpc3MiOiJiN...
  📊 Downloaded 10.0/23.46 MB...
  📊 Downloaded 20.0/23.46 MB...
  ✅ Downloaded 24601140 bytes successfully
   ✅ Successfully attached: ISP-1913-GRN.mp4 (verified in storage)
  Attached ISP-1913-GRN.mp4 to defect ISP-1913 (service_exists=true)

📊 Attachment Summary for ISP-1913:
   ✅ Uploaded: 1
   ⏭️  Skipped: 0
   ❌ Failed: 0

[LABEL] Processing 2 label(s) for ISP-1913
[LABEL-MATCH] Found existing label 'New_ERP' (stored as 'new_erp') -> a9f0bd31-9bc0-4a7b-90fc-2ed53a305e8d
[LABEL-ATTACH] Successfully attached label 'new_erp' (ID: a9f0bd31-9bc0-4a7b-90fc-2ed53a305e8d) to ISP-1913
[LABEL-MATCH] Found existing label 'QA' (stored as 'qa') -> f66526ba-6a94-47b5-8239-f9fae5aa2248
[LABEL-ATTACH] Successfully attached label 'qa' (ID: f66526ba-6a94-47b5-8239-f9fae5aa2248) to ISP-1913
[LABEL] Completed processing labels for ISP-1913. Total attached: 2
[DESCRIPTION-VALIDATE] ISP-1913: new_len=205, existing_len=241
[DESCRIPTION-UPDATE] ISP-1913: Updated description (205 chars)
  Previous: <div class="trix-content">
  <p><strong>Actual Result-</strong>No feedback or error is displayed. GRN...
  Updated: <p><strong>Actual Result-</strong>No feedback or error is displayed. GRN is not saved.</p>
<p><strong...
Processing issue 59/439: ISP-1912
[DEBUG-LABELS] Total labels found for ISP-1912: 3
[USER-MATCH] Matched 'archana.verma' by parsed first+last: archana verma -> 7b5370b5-abcd-4ad2-908b-1791ca40d9c9
[USER-MATCH] Matched 'Robert Mbugua Kanyoro' by email: robert.mbugua@craftsilicon.com -> fb1e0a05-f047-4e22-a52b-b9b1fe4b4358
[STATUS-MATCH] Matched status 'In Progress' by name: In Progress -> c805a0e9-73fc-4726-a1ab-d28b9a36469e
[BANKING-MATCH] Found existing banking type 'ERP' -> d9a45733-9624-42c2-afcc-888ce998dbbe
📥 DOWNLOADING ISSUE-LEVEL ATTACHMENTS FOR ISP-1912
   Total files: 2 (80.0 MB)

   [1/2] 📥 Downloading: ISP-1912-Retest ISP-1362  and 1466-Need based plan-Pass-Monthly and Quarterly.mp4 (41.83 MB)
  Attempt 1/5: Downloading from https://craftsilicon.atlassian.net/rest/api/3/attachment/content/129550...
  Following redirect 1/6 to: https://api.media.atlassian.com/file/9d95814f-d430-4bc8-82f5-dbf0f5becbe2/binary?token=eyJhbGciOiJIUzI1NiJ9.eyJpc3MiOiJiN...
  Attempt 1/5: Downloading from https://api.media.atlassian.com/file/9d95814f-d430-4bc8-82f5-dbf0f5becbe2/binary?token=eyJhbGciOiJIUzI1NiJ9.eyJpc3MiOiJiN...
  📊 Downloaded 10.0/41.83 MB...
  📊 Downloaded 20.0/41.83 MB...
  📊 Downloaded 30.0/41.83 MB...
  📊 Downloaded 40.0/41.83 MB...
  ✅ Downloaded 43859621 bytes successfully
   ✅ Successfully attached: ISP-1912-Retest ISP-1362  and 1466-Need based plan-Pass-Monthly and Quarterly.mp4 (verified in storage)
  Attached ISP-1912-Retest ISP-1362  and 1466-Need based plan-Pass-Monthly and Quarterly.mp4 to defect ISP-1912 (service_exists=true)
   [2/2] 📥 Downloading: ISP-1912-Retest ISP-1362 and 1466-Pass-Without Need-Monthly and Quarterly.mp4 (38.17 MB)
  Attempt 1/5: Downloading from https://craftsilicon.atlassian.net/rest/api/3/attachment/content/129551...
  Following redirect 1/6 to: https://api.media.atlassian.com/file/95c45956-efc7-4e54-a404-2fb22459dae4/binary?token=eyJhbGciOiJIUzI1NiJ9.eyJpc3MiOiJiN...
  Attempt 1/5: Downloading from https://api.media.atlassian.com/file/95c45956-efc7-4e54-a404-2fb22459dae4/binary?token=eyJhbGciOiJIUzI1NiJ9.eyJpc3MiOiJiN...
  📊 Downloaded 10.0/38.17 MB...
  📊 Downloaded 20.0/38.17 MB...
  📊 Downloaded 30.0/38.17 MB...
  ✅ Downloaded 40023488 bytes successfully
   ✅ Successfully attached: ISP-1912-Retest ISP-1362 and 1466-Pass-Without Need-Monthly and Quarterly.mp4 (verified in storage)
  Attached ISP-1912-Retest ISP-1362 and 1466-Pass-Without Need-Monthly and Quarterly.mp4 to defect ISP-1912 (service_exists=true)

📊 Attachment Summary for ISP-1912:
   ✅ Uploaded: 2
   ⏭️  Skipped: 0
   ❌ Failed: 0

[LABEL] Processing 3 label(s) for ISP-1912
[LABEL-MATCH] Found existing label 'Blocker' (stored as 'blocker') -> 53446826-4aac-4ac5-bcac-9aadd9a0f375
[LABEL-ATTACH] Successfully attached label 'blocker' (ID: 53446826-4aac-4ac5-bcac-9aadd9a0f375) to ISP-1912
[LABEL-MATCH] Found existing label 'New_ERP' (stored as 'new_erp') -> a9f0bd31-9bc0-4a7b-90fc-2ed53a305e8d
[LABEL-ATTACH] Successfully attached label 'new_erp' (ID: a9f0bd31-9bc0-4a7b-90fc-2ed53a305e8d) to ISP-1912
[LABEL-MATCH] Found existing label 'QA' (stored as 'qa') -> f66526ba-6a94-47b5-8239-f9fae5aa2248
[LABEL-ATTACH] Successfully attached label 'qa' (ID: f66526ba-6a94-47b5-8239-f9fae5aa2248) to ISP-1912
[LABEL] Completed processing labels for ISP-1912. Total attached: 3
[DESCRIPTION-VALIDATE] ISP-1912: new_len=381, existing_len=417
[DESCRIPTION-UPDATE] ISP-1912: Updated description (381 chars)
  Previous: <div class="trix-content">
  <p><strong>Actual Result-</strong>Item type is displayed incorrectly as ...
  Updated: <p><strong>Actual Result-</strong>Item type is displayed incorrectly as 385 or 386 which does not eve...
Processing issue 60/439: ISP-1911
[DEBUG-LABELS] Total labels found for ISP-1911: 2
[USER-MATCH] Matched 'Wilberforce Wakhungu' by parsed first+last: wilberforce Wakhungu -> 03c960cf-9cd1-41dc-8a6b-669843030d52
[USER-MATCH] Matched 'Robert Mbugua Kanyoro' by email: robert.mbugua@craftsilicon.com -> fb1e0a05-f047-4e22-a52b-b9b1fe4b4358
[STATUS-MATCH] Matched status 'Awaiting Build' by name: Awaiting Build -> bf46baa0-8c97-4afe-a65a-a300e43d70e6
[BANKING-MATCH] Found existing banking type 'ERP' -> d9a45733-9624-42c2-afcc-888ce998dbbe
📥 DOWNLOADING ISSUE-LEVEL ATTACHMENTS FOR ISP-1911
   Total files: 1 (5.86 MB)

   [1/1] 📥 Downloading: Competitor(Phone number field).mp4 (5.86 MB)
  Attempt 1/3: Downloading from https://craftsilicon.atlassian.net/rest/api/3/attachment/content/129517...
  Following redirect 1/6 to: https://api.media.atlassian.com/file/516c6190-ab2d-4fe0-aecd-bc643e2cf7fc/binary?token=eyJhbGciOiJIUzI1NiJ9.eyJpc3MiOiJiN...
  Attempt 1/3: Downloading from https://api.media.atlassian.com/file/516c6190-ab2d-4fe0-aecd-bc643e2cf7fc/binary?token=eyJhbGciOiJIUzI1NiJ9.eyJpc3MiOiJiN...
  ✅ Downloaded 6149705 bytes successfully
   ✅ Successfully attached: Competitor(Phone number field).mp4 (verified in storage)
  Attached Competitor(Phone number field).mp4 to defect ISP-1911 (service_exists=true)

📊 Attachment Summary for ISP-1911:
   ✅ Uploaded: 1
   ⏭️  Skipped: 0
   ❌ Failed: 0

[LABEL] Processing 2 label(s) for ISP-1911
[LABEL-MATCH] Found existing label 'New_ERP' (stored as 'new_erp') -> a9f0bd31-9bc0-4a7b-90fc-2ed53a305e8d
[LABEL-ATTACH] Successfully attached label 'new_erp' (ID: a9f0bd31-9bc0-4a7b-90fc-2ed53a305e8d) to ISP-1911
[LABEL-MATCH] Found existing label 'QA' (stored as 'qa') -> f66526ba-6a94-47b5-8239-f9fae5aa2248
[LABEL-ATTACH] Successfully attached label 'qa' (ID: f66526ba-6a94-47b5-8239-f9fae5aa2248) to ISP-1911
[LABEL] Completed processing labels for ISP-1911. Total attached: 2
[DESCRIPTION-VALIDATE] ISP-1911: new_len=76, existing_len=112
[DESCRIPTION-UPDATE] ISP-1911: Updated description (76 chars)
  Previous: <div class="trix-content">
  <p><strong>Repro steps</strong></p>
<p><strong>Expected results</strong>...
Processing issue 61/439: ISP-1910
[DEBUG-LABELS] Total labels found for ISP-1910: 2
[USER-MATCH] Matched 'Wilberforce Wakhungu' by parsed first+last: wilberforce Wakhungu -> 03c960cf-9cd1-41dc-8a6b-669843030d52
[USER-MATCH] Matched 'Robert Mbugua Kanyoro' by email: robert.mbugua@craftsilicon.com -> fb1e0a05-f047-4e22-a52b-b9b1fe4b4358
[STATUS-MATCH] Matched status 'In Progress' by name: In Progress -> c805a0e9-73fc-4726-a1ab-d28b9a36469e
[BANKING-MATCH] Found existing banking type 'ERP' -> d9a45733-9624-42c2-afcc-888ce998dbbe
📥 DOWNLOADING ISSUE-LEVEL ATTACHMENTS FOR ISP-1910
   Total files: 1 (1.77 MB)

   [1/1] 📥 Downloading: Competitor(Extra required fields on edit).mp4 (1.77 MB)
  Attempt 1/3: Downloading from https://craftsilicon.atlassian.net/rest/api/3/attachment/content/129515...
  Following redirect 1/6 to: https://api.media.atlassian.com/file/284233e1-ba24-4edc-9dac-d374363c72f8/binary?token=eyJhbGciOiJIUzI1NiJ9.eyJpc3MiOiJiN...
  Attempt 1/3: Downloading from https://api.media.atlassian.com/file/284233e1-ba24-4edc-9dac-d374363c72f8/binary?token=eyJhbGciOiJIUzI1NiJ9.eyJpc3MiOiJiN...
  ✅ Downloaded 1859109 bytes successfully
   ✅ Successfully attached: Competitor(Extra required fields on edit).mp4 (verified in storage)
  Attached Competitor(Extra required fields on edit).mp4 to defect ISP-1910 (service_exists=true)

📊 Attachment Summary for ISP-1910:
   ✅ Uploaded: 1
   ⏭️  Skipped: 0
   ❌ Failed: 0

[LABEL] Processing 2 label(s) for ISP-1910
[LABEL-MATCH] Found existing label 'New_ERP' (stored as 'new_erp') -> a9f0bd31-9bc0-4a7b-90fc-2ed53a305e8d
[LABEL-ATTACH] Successfully attached label 'new_erp' (ID: a9f0bd31-9bc0-4a7b-90fc-2ed53a305e8d) to ISP-1910
[LABEL-MATCH] Found existing label 'QA' (stored as 'qa') -> f66526ba-6a94-47b5-8239-f9fae5aa2248
[LABEL-ATTACH] Successfully attached label 'qa' (ID: f66526ba-6a94-47b5-8239-f9fae5aa2248) to ISP-1910
[LABEL] Completed processing labels for ISP-1910. Total attached: 2
[DESCRIPTION-VALIDATE] ISP-1910: new_len=115, existing_len=151
[DESCRIPTION-UPDATE] ISP-1910: Updated description (115 chars)
  Previous: <div class="trix-content">
  <p><strong>Repro steps</strong></p>
<p><strong>Actual results</strong></...
  Updated: <p><strong>Repro steps</strong></p>
<p><strong>Actual results</strong></p>
<p><strong>Expected result...
Processing issue 62/439: ISP-1909
[DEBUG-LABELS] Total labels found for ISP-1909: 2
[USER-MATCH] Matched 'Wilberforce Wakhungu' by parsed first+last: wilberforce Wakhungu -> 03c960cf-9cd1-41dc-8a6b-669843030d52
[USER-MATCH] Matched 'Robert Mbugua Kanyoro' by email: robert.mbugua@craftsilicon.com -> fb1e0a05-f047-4e22-a52b-b9b1fe4b4358
[STATUS-MATCH] Matched status 'In Progress' by name: In Progress -> c805a0e9-73fc-4726-a1ab-d28b9a36469e
[BANKING-MATCH] Found existing banking type 'ERP' -> d9a45733-9624-42c2-afcc-888ce998dbbe
📥 DOWNLOADING ISSUE-LEVEL ATTACHMENTS FOR ISP-1909
   Total files: 1 (1.02 MB)

   [1/1] 📥 Downloading: Marketing Planner(CE0 DOWNLOAD).mp4 (1.02 MB)
  Attempt 1/3: Downloading from https://craftsilicon.atlassian.net/rest/api/3/attachment/content/129513...
  Following redirect 1/6 to: https://api.media.atlassian.com/file/d0090ff4-a8d1-4952-8290-b30c31e584ae/binary?token=eyJhbGciOiJIUzI1NiJ9.eyJpc3MiOiJiN...
  Attempt 1/3: Downloading from https://api.media.atlassian.com/file/d0090ff4-a8d1-4952-8290-b30c31e584ae/binary?token=eyJhbGciOiJIUzI1NiJ9.eyJpc3MiOiJiN...
  ✅ Downloaded 1074525 bytes successfully
   ✅ Successfully attached: Marketing Planner(CE0 DOWNLOAD).mp4 (verified in storage)
  Attached Marketing Planner(CE0 DOWNLOAD).mp4 to defect ISP-1909 (service_exists=true)

📊 Attachment Summary for ISP-1909:
   ✅ Uploaded: 1
   ⏭️  Skipped: 0
   ❌ Failed: 0

[LABEL] Processing 2 label(s) for ISP-1909
[LABEL-MATCH] Found existing label 'New_ERP' (stored as 'new_erp') -> a9f0bd31-9bc0-4a7b-90fc-2ed53a305e8d
[LABEL-ATTACH] Successfully attached label 'new_erp' (ID: a9f0bd31-9bc0-4a7b-90fc-2ed53a305e8d) to ISP-1909
[LABEL-MATCH] Found existing label 'QA' (stored as 'qa') -> f66526ba-6a94-47b5-8239-f9fae5aa2248
[LABEL-ATTACH] Successfully attached label 'qa' (ID: f66526ba-6a94-47b5-8239-f9fae5aa2248) to ISP-1909
[LABEL] Completed processing labels for ISP-1909. Total attached: 2
[DESCRIPTION-VALIDATE] ISP-1909: new_len=410, existing_len=446
[DESCRIPTION-UPDATE] ISP-1909: Updated description (410 chars)
  Previous: <div class="trix-content">
  <p><strong>Repro steps</strong></p>
<p><strong>Actual steps</strong></p>...
  Updated: <p><strong>Repro steps</strong></p>
<p><strong>Actual steps</strong></p>
<p>On clicking the download,...
Processing issue 63/439: ISP-1908
[DEBUG-LABELS] Total labels found for ISP-1908: 2
[USER-MATCH] Matched 'Wilberforce Wakhungu' by parsed first+last: wilberforce Wakhungu -> 03c960cf-9cd1-41dc-8a6b-669843030d52
[USER-MATCH] Matched 'Robert Mbugua Kanyoro' by email: robert.mbugua@craftsilicon.com -> fb1e0a05-f047-4e22-a52b-b9b1fe4b4358
[STATUS-MATCH] Matched status 'In Progress' by name: In Progress -> c805a0e9-73fc-4726-a1ab-d28b9a36469e
[BANKING-MATCH] Found existing banking type 'ERP' -> d9a45733-9624-42c2-afcc-888ce998dbbe
📥 DOWNLOADING ISSUE-LEVEL ATTACHMENTS FOR ISP-1908
   Total files: 1 (5.2 MB)

   [1/1] 📥 Downloading: Marketing plan(Reject-plan).mp4 (5.2 MB)
  Attempt 1/3: Downloading from https://craftsilicon.atlassian.net/rest/api/3/attachment/content/129511...
  Following redirect 1/6 to: https://api.media.atlassian.com/file/05fc93b3-098e-4c9d-a5f4-15a1550b3526/binary?token=eyJhbGciOiJIUzI1NiJ9.eyJpc3MiOiJiN...
  Attempt 1/3: Downloading from https://api.media.atlassian.com/file/05fc93b3-098e-4c9d-a5f4-15a1550b3526/binary?token=eyJhbGciOiJIUzI1NiJ9.eyJpc3MiOiJiN...
  ✅ Downloaded 5456689 bytes successfully
   ✅ Successfully attached: Marketing plan(Reject-plan).mp4 (verified in storage)
  Attached Marketing plan(Reject-plan).mp4 to defect ISP-1908 (service_exists=true)

📊 Attachment Summary for ISP-1908:
   ✅ Uploaded: 1
   ⏭️  Skipped: 0
   ❌ Failed: 0

[LABEL] Processing 2 label(s) for ISP-1908
[LABEL-MATCH] Found existing label 'New_ERP' (stored as 'new_erp') -> a9f0bd31-9bc0-4a7b-90fc-2ed53a305e8d
[LABEL-ATTACH] Successfully attached label 'new_erp' (ID: a9f0bd31-9bc0-4a7b-90fc-2ed53a305e8d) to ISP-1908
[LABEL-MATCH] Found existing label 'QA' (stored as 'qa') -> f66526ba-6a94-47b5-8239-f9fae5aa2248
[LABEL-ATTACH] Successfully attached label 'qa' (ID: f66526ba-6a94-47b5-8239-f9fae5aa2248) to ISP-1908
[LABEL] Completed processing labels for ISP-1908. Total attached: 2
[DESCRIPTION-VALIDATE] ISP-1908: new_len=317, existing_len=353
[DESCRIPTION-UPDATE] ISP-1908: Updated description (317 chars)
  Previous: <div class="trix-content">
  <p><strong>Repro steps</strong></p>
<p><strong>Actual results</strong></...
  Updated: <p><strong>Repro steps</strong></p>
<p><strong>Actual results</strong></p>
<p>Longer remarks are push...
Processing issue 64/439: ISP-1907
[DEBUG-LABELS] Total labels found for ISP-1907: 2
[USER-MATCH] Matched 'Wilberforce Wakhungu' by parsed first+last: wilberforce Wakhungu -> 03c960cf-9cd1-41dc-8a6b-669843030d52
[USER-MATCH] Matched 'Robert Mbugua Kanyoro' by email: robert.mbugua@craftsilicon.com -> fb1e0a05-f047-4e22-a52b-b9b1fe4b4358
[STATUS-MATCH] Matched status 'In Progress' by name: In Progress -> c805a0e9-73fc-4726-a1ab-d28b9a36469e
[BANKING-MATCH] Found existing banking type 'ERP' -> d9a45733-9624-42c2-afcc-888ce998dbbe
📥 DOWNLOADING ISSUE-LEVEL ATTACHMENTS FOR ISP-1907
   Total files: 2 (5.84 MB)

   [1/2] 📥 Downloading: Reference from previous reported issue.mp4 (4.2 MB)
  Attempt 1/3: Downloading from https://craftsilicon.atlassian.net/rest/api/3/attachment/content/129509...
  Following redirect 1/6 to: https://api.media.atlassian.com/file/00918ad1-1dae-4987-b088-e814d49c8dce/binary?token=eyJhbGciOiJIUzI1NiJ9.eyJpc3MiOiJiN...
  Attempt 1/3: Downloading from https://api.media.atlassian.com/file/00918ad1-1dae-4987-b088-e814d49c8dce/binary?token=eyJhbGciOiJIUzI1NiJ9.eyJpc3MiOiJiN...
  ✅ Downloaded 4401693 bytes successfully
   ✅ Successfully attached: Reference from previous reported issue.mp4 (verified in storage)
  Attached Reference from previous reported issue.mp4 to defect ISP-1907 (service_exists=true)
   [2/2] 📥 Downloading: survey-approval(1).mp4 (1.64 MB)
  Attempt 1/3: Downloading from https://craftsilicon.atlassian.net/rest/api/3/attachment/content/129508...
  Following redirect 1/6 to: https://api.media.atlassian.com/file/032d2654-72d8-444d-9414-ce30bd7ec44e/binary?token=eyJhbGciOiJIUzI1NiJ9.eyJpc3MiOiJiN...
  Attempt 1/3: Downloading from https://api.media.atlassian.com/file/032d2654-72d8-444d-9414-ce30bd7ec44e/binary?token=eyJhbGciOiJIUzI1NiJ9.eyJpc3MiOiJiN...
  ✅ Downloaded 1720675 bytes successfully
   ✅ Successfully attached: survey-approval(1).mp4 (verified in storage)
  Attached survey-approval(1).mp4 to defect ISP-1907 (service_exists=true)

📊 Attachment Summary for ISP-1907:
   ✅ Uploaded: 2
   ⏭️  Skipped: 0
   ❌ Failed: 0

[LABEL] Processing 2 label(s) for ISP-1907
[LABEL-MATCH] Found existing label 'New_ERP' (stored as 'new_erp') -> a9f0bd31-9bc0-4a7b-90fc-2ed53a305e8d
[LABEL-ATTACH] Successfully attached label 'new_erp' (ID: a9f0bd31-9bc0-4a7b-90fc-2ed53a305e8d) to ISP-1907
[LABEL-MATCH] Found existing label 'QA' (stored as 'qa') -> f66526ba-6a94-47b5-8239-f9fae5aa2248
[LABEL-ATTACH] Successfully attached label 'qa' (ID: f66526ba-6a94-47b5-8239-f9fae5aa2248) to ISP-1907
[LABEL] Completed processing labels for ISP-1907. Total attached: 2
[DESCRIPTION-VALIDATE] ISP-1907: new_len=439, existing_len=475
[DESCRIPTION-UPDATE] ISP-1907: Updated description (439 chars)
  Previous: <div class="trix-content">
  <p><strong>Repro steps</strong></p>
<p><strong>Actual results</strong></...
  Updated: <p><strong>Repro steps</strong></p>
<p><strong>Actual results</strong></p>
<p>‘Submit for Approval’ b...
Processing issue 65/439: ISP-1906
[DEBUG-LABELS] Total labels found for ISP-1906: 2
[USER-MATCH] Matched 'Wilberforce Wakhungu' by parsed first+last: wilberforce Wakhungu -> 03c960cf-9cd1-41dc-8a6b-669843030d52
[USER-MATCH] Matched 'Robert Mbugua Kanyoro' by email: robert.mbugua@craftsilicon.com -> fb1e0a05-f047-4e22-a52b-b9b1fe4b4358
[STATUS-MATCH] Matched status 'In Progress' by name: In Progress -> c805a0e9-73fc-4726-a1ab-d28b9a36469e
[BANKING-MATCH] Found existing banking type 'ERP' -> d9a45733-9624-42c2-afcc-888ce998dbbe
📥 DOWNLOADING ISSUE-LEVEL ATTACHMENTS FOR ISP-1906
   Total files: 1 (0.91 MB)

   [1/1] 📥 Downloading: Unscheduled meeting(Required fields).mp4 (0.91 MB)
  Attempt 1/3: Downloading from https://craftsilicon.atlassian.net/rest/api/3/attachment/content/129505...
  Following redirect 1/6 to: https://api.media.atlassian.com/file/b67fa108-62ed-43d3-80dd-793b5f43d257/binary?token=eyJhbGciOiJIUzI1NiJ9.eyJpc3MiOiJiN...
  Attempt 1/3: Downloading from https://api.media.atlassian.com/file/b67fa108-62ed-43d3-80dd-793b5f43d257/binary?token=eyJhbGciOiJIUzI1NiJ9.eyJpc3MiOiJiN...
  ✅ Downloaded 958286 bytes successfully
   ✅ Successfully attached: Unscheduled meeting(Required fields).mp4 (verified in storage)
  Attached Unscheduled meeting(Required fields).mp4 to defect ISP-1906 (service_exists=true)

📊 Attachment Summary for ISP-1906:
   ✅ Uploaded: 1
   ⏭️  Skipped: 0
   ❌ Failed: 0

[LABEL] Processing 2 label(s) for ISP-1906
[LABEL-MATCH] Found existing label 'New_ERP' (stored as 'new_erp') -> a9f0bd31-9bc0-4a7b-90fc-2ed53a305e8d
[LABEL-ATTACH] Successfully attached label 'new_erp' (ID: a9f0bd31-9bc0-4a7b-90fc-2ed53a305e8d) to ISP-1906
[LABEL-MATCH] Found existing label 'QA' (stored as 'qa') -> f66526ba-6a94-47b5-8239-f9fae5aa2248
[LABEL-ATTACH] Successfully attached label 'qa' (ID: f66526ba-6a94-47b5-8239-f9fae5aa2248) to ISP-1906
[LABEL] Completed processing labels for ISP-1906. Total attached: 2
[DESCRIPTION-VALIDATE] ISP-1906: new_len=78, existing_len=114
[DESCRIPTION-UPDATE] ISP-1906: Updated description (78 chars)
  Previous: <div class="trix-content">
  <p><strong>Repro Steps:</strong></p>
<p><strong>Expected Results:</stron...
Processing issue 66/439: ISP-1905
[DEBUG-LABELS] Total labels found for ISP-1905: 2
[USER-MATCH] Matched 'gideon' by single name: gideon gideon -> a2f6fdcb-6a66-4ace-992b-0f3cd5e9cc53
[USER-MATCH] Matched 'Robert Mbugua Kanyoro' by email: robert.mbugua@craftsilicon.com -> fb1e0a05-f047-4e22-a52b-b9b1fe4b4358
[STATUS-MATCH] Matched status 'In Progress' by name: In Progress -> c805a0e9-73fc-4726-a1ab-d28b9a36469e
[BANKING-MATCH] Found existing banking type 'ERP' -> d9a45733-9624-42c2-afcc-888ce998dbbe
📥 DOWNLOADING ISSUE-LEVEL ATTACHMENTS FOR ISP-1905
   Total files: 1 (4.0 MB)

   [1/1] 📥 Downloading: stock-consumption-item-name-is-displayed-in-correctly-in-view-and-in-edit_WVNA7OPL.mp4 (4.0 MB)
  Attempt 1/3: Downloading from https://craftsilicon.atlassian.net/rest/api/3/attachment/content/129471...
  Following redirect 1/6 to: https://api.media.atlassian.com/file/e884ab38-d2cf-4c7b-ae45-3e0971f5160e/binary?token=eyJhbGciOiJIUzI1NiJ9.eyJpc3MiOiJiN...
  Attempt 1/3: Downloading from https://api.media.atlassian.com/file/e884ab38-d2cf-4c7b-ae45-3e0971f5160e/binary?token=eyJhbGciOiJIUzI1NiJ9.eyJpc3MiOiJiN...
  ✅ Downloaded 4191301 bytes successfully
   ✅ Successfully attached: stock-consumption-item-name-is-displayed-in-correctly-in-view-and-in-edit_WVNA7OPL.mp4 (verified in storage)
  Attached stock-consumption-item-name-is-displayed-in-correctly-in-view-and-in-edit_WVNA7OPL.mp4 to defect ISP-1905 (service_exists=true)

📊 Attachment Summary for ISP-1905:
   ✅ Uploaded: 1
   ⏭️  Skipped: 0
   ❌ Failed: 0

[LABEL] Processing 2 label(s) for ISP-1905
[LABEL-MATCH] Found existing label 'New_ERP' (stored as 'new_erp') -> a9f0bd31-9bc0-4a7b-90fc-2ed53a305e8d
[LABEL-ATTACH] Successfully attached label 'new_erp' (ID: a9f0bd31-9bc0-4a7b-90fc-2ed53a305e8d) to ISP-1905
[LABEL-MATCH] Found existing label 'QA' (stored as 'qa') -> f66526ba-6a94-47b5-8239-f9fae5aa2248
[LABEL-ATTACH] Successfully attached label 'qa' (ID: f66526ba-6a94-47b5-8239-f9fae5aa2248) to ISP-1905
[LABEL] Completed processing labels for ISP-1905. Total attached: 2
[DESCRIPTION-VALIDATE] ISP-1905: new_len=240, existing_len=281
[DESCRIPTION-UPDATE] ISP-1905: Updated description (240 chars)
  Previous: <div class="trix-content">
  <p><strong>Repro Steps -</strong></p>
<p><strong>Actual Results -</stron...
  Updated: <p><strong>Repro Steps -</strong></p>
<p><strong>Actual Results -</strong></p>
<p><strong>Expected Re...
Processing issue 67/439: ISP-1904
[DEBUG-LABELS] Total labels found for ISP-1904: 2
[USER-MATCH] Matched 'Wilberforce Wakhungu' by parsed first+last: wilberforce Wakhungu -> 03c960cf-9cd1-41dc-8a6b-669843030d52
[USER-MATCH] Matched 'Robert Mbugua Kanyoro' by email: robert.mbugua@craftsilicon.com -> fb1e0a05-f047-4e22-a52b-b9b1fe4b4358
[STATUS-MATCH] Matched status 'In Progress' by name: In Progress -> c805a0e9-73fc-4726-a1ab-d28b9a36469e
[BANKING-MATCH] Found existing banking type 'ERP' -> d9a45733-9624-42c2-afcc-888ce998dbbe
📥 DOWNLOADING ISSUE-LEVEL ATTACHMENTS FOR ISP-1904
   Total files: 1 (3.68 MB)

   [1/1] 📥 Downloading: Dynamic List(Filter).mp4 (3.68 MB)
  Attempt 1/3: Downloading from https://craftsilicon.atlassian.net/rest/api/3/attachment/content/129469...
  Following redirect 1/6 to: https://api.media.atlassian.com/file/47aff86b-08dd-4263-9d2b-eb0863cca17f/binary?token=eyJhbGciOiJIUzI1NiJ9.eyJpc3MiOiJiN...
  Attempt 1/3: Downloading from https://api.media.atlassian.com/file/47aff86b-08dd-4263-9d2b-eb0863cca17f/binary?token=eyJhbGciOiJIUzI1NiJ9.eyJpc3MiOiJiN...
  ✅ Downloaded 3863736 bytes successfully
   ✅ Successfully attached: Dynamic List(Filter).mp4 (verified in storage)
  Attached Dynamic List(Filter).mp4 to defect ISP-1904 (service_exists=true)

📊 Attachment Summary for ISP-1904:
   ✅ Uploaded: 1
   ⏭️  Skipped: 0
   ❌ Failed: 0

[LABEL] Processing 2 label(s) for ISP-1904
[LABEL-MATCH] Found existing label 'New_ERP' (stored as 'new_erp') -> a9f0bd31-9bc0-4a7b-90fc-2ed53a305e8d
[LABEL-ATTACH] Successfully attached label 'new_erp' (ID: a9f0bd31-9bc0-4a7b-90fc-2ed53a305e8d) to ISP-1904
[LABEL-MATCH] Found existing label 'QA' (stored as 'qa') -> f66526ba-6a94-47b5-8239-f9fae5aa2248
[LABEL-ATTACH] Successfully attached label 'qa' (ID: f66526ba-6a94-47b5-8239-f9fae5aa2248) to ISP-1904
[LABEL] Completed processing labels for ISP-1904. Total attached: 2
[DESCRIPTION-VALIDATE] ISP-1904: new_len=269, existing_len=305
[DESCRIPTION-UPDATE] ISP-1904: Updated description (269 chars)
  Previous: <div class="trix-content">
  <p><strong>Repro steps</strong></p>
<p><strong>Actual results</strong></...
  Updated: <p><strong>Repro steps</strong></p>
<p><strong>Actual results</strong></p>
<p>Send message button is ...
Processing issue 68/439: ISP-1903
[DEBUG-LABELS] Total labels found for ISP-1903: 2
[USER-MATCH] Matched 'Wilberforce Wakhungu' by parsed first+last: wilberforce Wakhungu -> 03c960cf-9cd1-41dc-8a6b-669843030d52
[USER-MATCH] Matched 'Robert Mbugua Kanyoro' by email: robert.mbugua@craftsilicon.com -> fb1e0a05-f047-4e22-a52b-b9b1fe4b4358
[STATUS-MATCH] Matched status 'In Progress' by name: In Progress -> c805a0e9-73fc-4726-a1ab-d28b9a36469e
[BANKING-MATCH] Found existing banking type 'ERP' -> d9a45733-9624-42c2-afcc-888ce998dbbe
📥 DOWNLOADING ISSUE-LEVEL ATTACHMENTS FOR ISP-1903
   Total files: 1 (2.85 MB)

   [1/1] 📥 Downloading: Leads(Notes).mp4 (2.85 MB)
  Attempt 1/3: Downloading from https://craftsilicon.atlassian.net/rest/api/3/attachment/content/129467...
  Following redirect 1/6 to: https://api.media.atlassian.com/file/2e0fd5ea-de49-4221-a1d9-32c619ff1f49/binary?token=eyJhbGciOiJIUzI1NiJ9.eyJpc3MiOiJiN...
  Attempt 1/3: Downloading from https://api.media.atlassian.com/file/2e0fd5ea-de49-4221-a1d9-32c619ff1f49/binary?token=eyJhbGciOiJIUzI1NiJ9.eyJpc3MiOiJiN...
  ✅ Downloaded 2992465 bytes successfully
   ✅ Successfully attached: Leads(Notes).mp4 (verified in storage)
  Attached Leads(Notes).mp4 to defect ISP-1903 (service_exists=true)

📊 Attachment Summary for ISP-1903:
   ✅ Uploaded: 1
   ⏭️  Skipped: 0
   ❌ Failed: 0

[LABEL] Processing 2 label(s) for ISP-1903
[LABEL-MATCH] Found existing label 'New_ERP' (stored as 'new_erp') -> a9f0bd31-9bc0-4a7b-90fc-2ed53a305e8d
[LABEL-ATTACH] Successfully attached label 'new_erp' (ID: a9f0bd31-9bc0-4a7b-90fc-2ed53a305e8d) to ISP-1903
[LABEL-MATCH] Found existing label 'QA' (stored as 'qa') -> f66526ba-6a94-47b5-8239-f9fae5aa2248
[LABEL-ATTACH] Successfully attached label 'qa' (ID: f66526ba-6a94-47b5-8239-f9fae5aa2248) to ISP-1903
[LABEL] Completed processing labels for ISP-1903. Total attached: 2
[DESCRIPTION-VALIDATE] ISP-1903: new_len=631, existing_len=667
[DESCRIPTION-UPDATE] ISP-1903: Updated description (631 chars)
  Previous: <div class="trix-content">
  <p><strong>Repro steps</strong></p>
<p><strong>Actual results</strong></...
  Updated: <p><strong>Repro steps</strong></p>
<p><strong>Actual results</strong></p>
<p>Long text notes are <st...
Processing issue 69/439: ISP-1902
[DEBUG-LABELS] Total labels found for ISP-1902: 2
[USER-MATCH] Matched 'Wilberforce Wakhungu' by parsed first+last: wilberforce Wakhungu -> 03c960cf-9cd1-41dc-8a6b-669843030d52
[USER-MATCH] Matched 'Robert Mbugua Kanyoro' by email: robert.mbugua@craftsilicon.com -> fb1e0a05-f047-4e22-a52b-b9b1fe4b4358
[STATUS-MATCH] Matched status 'In Progress' by name: In Progress -> c805a0e9-73fc-4726-a1ab-d28b9a36469e
[BANKING-MATCH] Found existing banking type 'ERP' -> d9a45733-9624-42c2-afcc-888ce998dbbe
📥 DOWNLOADING ISSUE-LEVEL ATTACHMENTS FOR ISP-1902
   Total files: 1 (2.28 MB)

   [1/1] 📥 Downloading: Lists(Error on filter).mp4 (2.28 MB)
  Attempt 1/3: Downloading from https://craftsilicon.atlassian.net/rest/api/3/attachment/content/129465...
  Following redirect 1/6 to: https://api.media.atlassian.com/file/b0fab8dd-0934-4c1a-b579-63a6de20fab4/binary?token=eyJhbGciOiJIUzI1NiJ9.eyJpc3MiOiJiN...
  Attempt 1/3: Downloading from https://api.media.atlassian.com/file/b0fab8dd-0934-4c1a-b579-63a6de20fab4/binary?token=eyJhbGciOiJIUzI1NiJ9.eyJpc3MiOiJiN...
  ✅ Downloaded 2389159 bytes successfully
   ✅ Successfully attached: Lists(Error on filter).mp4 (verified in storage)
  Attached Lists(Error on filter).mp4 to defect ISP-1902 (service_exists=true)

📊 Attachment Summary for ISP-1902:
   ✅ Uploaded: 1
   ⏭️  Skipped: 0
   ❌ Failed: 0

[LABEL] Processing 2 label(s) for ISP-1902
[LABEL-MATCH] Found existing label 'New_ERP' (stored as 'new_erp') -> a9f0bd31-9bc0-4a7b-90fc-2ed53a305e8d
[LABEL-ATTACH] Successfully attached label 'new_erp' (ID: a9f0bd31-9bc0-4a7b-90fc-2ed53a305e8d) to ISP-1902
[LABEL-MATCH] Found existing label 'QA' (stored as 'qa') -> f66526ba-6a94-47b5-8239-f9fae5aa2248
[LABEL-ATTACH] Successfully attached label 'qa' (ID: f66526ba-6a94-47b5-8239-f9fae5aa2248) to ISP-1902
[LABEL] Completed processing labels for ISP-1902. Total attached: 2
[DESCRIPTION-VALIDATE] ISP-1902: new_len=345, existing_len=381
[DESCRIPTION-UPDATE] ISP-1902: Updated description (345 chars)
  Previous: <div class="trix-content">
  <p><strong>Repro steps</strong></p>
<p><strong>Actual results</strong></...
  Updated: <p><strong>Repro steps</strong></p>
<p><strong>Actual results</strong></p>
<p>System displays an erro...
Processing issue 70/439: ISP-1901
[DEBUG-LABELS] Total labels found for ISP-1901: 2
[USER-MATCH] Matched 'Wilberforce Wakhungu' by parsed first+last: wilberforce Wakhungu -> 03c960cf-9cd1-41dc-8a6b-669843030d52
[USER-MATCH] Matched 'Robert Mbugua Kanyoro' by email: robert.mbugua@craftsilicon.com -> fb1e0a05-f047-4e22-a52b-b9b1fe4b4358
[STATUS-MATCH] Matched status 'In Progress' by name: In Progress -> c805a0e9-73fc-4726-a1ab-d28b9a36469e
[BANKING-MATCH] Found existing banking type 'ERP' -> d9a45733-9624-42c2-afcc-888ce998dbbe
📥 DOWNLOADING ISSUE-LEVEL ATTACHMENTS FOR ISP-1901
   Total files: 1 (2.0 MB)

   [1/1] 📥 Downloading: Competitor(Core business field).mp4 (2.0 MB)
  Attempt 1/3: Downloading from https://craftsilicon.atlassian.net/rest/api/3/attachment/content/129463...
  Following redirect 1/6 to: https://api.media.atlassian.com/file/1df04bdd-b796-4103-bfc5-7daea90d5068/binary?token=eyJhbGciOiJIUzI1NiJ9.eyJpc3MiOiJiN...
  Attempt 1/3: Downloading from https://api.media.atlassian.com/file/1df04bdd-b796-4103-bfc5-7daea90d5068/binary?token=eyJhbGciOiJIUzI1NiJ9.eyJpc3MiOiJiN...
  ✅ Downloaded 2098926 bytes successfully
   ✅ Successfully attached: Competitor(Core business field).mp4 (verified in storage)
  Attached Competitor(Core business field).mp4 to defect ISP-1901 (service_exists=true)

📊 Attachment Summary for ISP-1901:
   ✅ Uploaded: 1
   ⏭️  Skipped: 0
   ❌ Failed: 0

[LABEL] Processing 2 label(s) for ISP-1901
[LABEL-MATCH] Found existing label 'New_ERP' (stored as 'new_erp') -> a9f0bd31-9bc0-4a7b-90fc-2ed53a305e8d
[LABEL-ATTACH] Successfully attached label 'new_erp' (ID: a9f0bd31-9bc0-4a7b-90fc-2ed53a305e8d) to ISP-1901
[LABEL-MATCH] Found existing label 'QA' (stored as 'qa') -> f66526ba-6a94-47b5-8239-f9fae5aa2248
[LABEL-ATTACH] Successfully attached label 'qa' (ID: f66526ba-6a94-47b5-8239-f9fae5aa2248) to ISP-1901
[LABEL] Completed processing labels for ISP-1901. Total attached: 2
[DESCRIPTION-VALIDATE] ISP-1901: new_len=76, existing_len=112
[DESCRIPTION-UPDATE] ISP-1901: Updated description (76 chars)
  Previous: <div class="trix-content">
  <p><strong>Repro steps</strong></p>
<p><strong>Expected results</strong>...
Processing issue 71/439: ISP-1900
[DEBUG-LABELS] Total labels found for ISP-1900: 2
[USER-MATCH] Matched 'Wilberforce Wakhungu' by parsed first+last: wilberforce Wakhungu -> 03c960cf-9cd1-41dc-8a6b-669843030d52
[USER-MATCH] Matched 'Robert Mbugua Kanyoro' by email: robert.mbugua@craftsilicon.com -> fb1e0a05-f047-4e22-a52b-b9b1fe4b4358
[STATUS-MATCH] Matched status 'In Progress' by name: In Progress -> c805a0e9-73fc-4726-a1ab-d28b9a36469e
[BANKING-MATCH] Found existing banking type 'ERP' -> d9a45733-9624-42c2-afcc-888ce998dbbe
📥 DOWNLOADING ISSUE-LEVEL ATTACHMENTS FOR ISP-1900
   Total files: 1 (2.78 MB)

   [1/1] 📥 Downloading: Competitor(Field names).mp4 (2.78 MB)
  Attempt 1/3: Downloading from https://craftsilicon.atlassian.net/rest/api/3/attachment/content/129461...
  Following redirect 1/6 to: https://api.media.atlassian.com/file/e5dda83d-c661-498f-9935-4f2151486f4a/binary?token=eyJhbGciOiJIUzI1NiJ9.eyJpc3MiOiJiN...
  Attempt 1/3: Downloading from https://api.media.atlassian.com/file/e5dda83d-c661-498f-9935-4f2151486f4a/binary?token=eyJhbGciOiJIUzI1NiJ9.eyJpc3MiOiJiN...
  ✅ Downloaded 2911339 bytes successfully
   ✅ Successfully attached: Competitor(Field names).mp4 (verified in storage)
  Attached Competitor(Field names).mp4 to defect ISP-1900 (service_exists=true)

📊 Attachment Summary for ISP-1900:
   ✅ Uploaded: 1
   ⏭️  Skipped: 0
   ❌ Failed: 0

[LABEL] Processing 2 label(s) for ISP-1900
[LABEL-MATCH] Found existing label 'New_ERP' (stored as 'new_erp') -> a9f0bd31-9bc0-4a7b-90fc-2ed53a305e8d
[LABEL-ATTACH] Successfully attached label 'new_erp' (ID: a9f0bd31-9bc0-4a7b-90fc-2ed53a305e8d) to ISP-1900
[LABEL-MATCH] Found existing label 'QA' (stored as 'qa') -> f66526ba-6a94-47b5-8239-f9fae5aa2248
[LABEL-ATTACH] Successfully attached label 'qa' (ID: f66526ba-6a94-47b5-8239-f9fae5aa2248) to ISP-1900
[LABEL] Completed processing labels for ISP-1900. Total attached: 2
[DESCRIPTION-VALIDATE] ISP-1900: new_len=98, existing_len=134
[DESCRIPTION-UPDATE] ISP-1900: Updated description (98 chars)
  Previous: <div class="trix-content">
  <p>Repro steps</p>
<p><strong>Actual results</strong></p>
<p><strong>Exp...
Processing issue 72/439: ISP-1899
[DEBUG-LABELS] Total labels found for ISP-1899: 2
[USER-MATCH] Matched 'gideon' by single name: gideon gideon -> a2f6fdcb-6a66-4ace-992b-0f3cd5e9cc53
[USER-MATCH] Matched 'Robert Mbugua Kanyoro' by email: robert.mbugua@craftsilicon.com -> fb1e0a05-f047-4e22-a52b-b9b1fe4b4358
[STATUS-MATCH] Matched status 'In Progress' by name: In Progress -> c805a0e9-73fc-4726-a1ab-d28b9a36469e
[BANKING-MATCH] Found existing banking type 'ERP' -> d9a45733-9624-42c2-afcc-888ce998dbbe
📥 DOWNLOADING ISSUE-LEVEL ATTACHMENTS FOR ISP-1899
   Total files: 1 (2.23 MB)

   [1/1] 📥 Downloading: stock-transfer-is-throwing-error-message-when-user-clicks-on-submit-transfer_94OeKIHw.mp4 (2.23 MB)
  Attempt 1/3: Downloading from https://craftsilicon.atlassian.net/rest/api/3/attachment/content/129459...
  Following redirect 1/6 to: https://api.media.atlassian.com/file/f631eb70-0724-4c29-a44e-5b5f45860d9b/binary?token=eyJhbGciOiJIUzI1NiJ9.eyJpc3MiOiJiN...
  Attempt 1/3: Downloading from https://api.media.atlassian.com/file/f631eb70-0724-4c29-a44e-5b5f45860d9b/binary?token=eyJhbGciOiJIUzI1NiJ9.eyJpc3MiOiJiN...
  ✅ Downloaded 2340048 bytes successfully
   ✅ Successfully attached: stock-transfer-is-throwing-error-message-when-user-clicks-on-submit-transfer_94OeKIHw.mp4 (verified in storage)
  Attached stock-transfer-is-throwing-error-message-when-user-clicks-on-submit-transfer_94OeKIHw.mp4 to defect ISP-1899 (service_exists=true)

📊 Attachment Summary for ISP-1899:
   ✅ Uploaded: 1
   ⏭️  Skipped: 0
   ❌ Failed: 0

[LABEL] Processing 2 label(s) for ISP-1899
[LABEL-MATCH] Found existing label 'New_ERP' (stored as 'new_erp') -> a9f0bd31-9bc0-4a7b-90fc-2ed53a305e8d
[LABEL-ATTACH] Successfully attached label 'new_erp' (ID: a9f0bd31-9bc0-4a7b-90fc-2ed53a305e8d) to ISP-1899
[LABEL-MATCH] Found existing label 'QA' (stored as 'qa') -> f66526ba-6a94-47b5-8239-f9fae5aa2248
[LABEL-ATTACH] Successfully attached label 'qa' (ID: f66526ba-6a94-47b5-8239-f9fae5aa2248) to ISP-1899
[LABEL] Completed processing labels for ISP-1899. Total attached: 2
[DESCRIPTION-VALIDATE] ISP-1899: new_len=888, existing_len=959
[DESCRIPTION-UPDATE] ISP-1899: Updated description (888 chars)
  Previous: <div class="trix-content">
  <p><strong>Repro Steps</strong> –</p>
<p>Navigate to Inventory – Transac...
  Updated: <p><strong>Repro Steps</strong> –</p>
<p>Navigate to Inventory – Transactions - Stock Transfer –Creat...
Processing issue 73/439: ISP-1898
[DEBUG-LABELS] Total labels found for ISP-1898: 2
[USER-FALLBACK] Using default user for 'Kiriba Delphine' -> b3613172-fc54-4742-b2ba-c10b97d15bf4
[USER-MATCH] Matched 'Robert Mbugua Kanyoro' by email: robert.mbugua@craftsilicon.com -> fb1e0a05-f047-4e22-a52b-b9b1fe4b4358
[STATUS-MATCH] Matched status 'In Progress' by name: In Progress -> c805a0e9-73fc-4726-a1ab-d28b9a36469e
[BANKING-MATCH] Found existing banking type 'ERP' -> d9a45733-9624-42c2-afcc-888ce998dbbe
📥 DOWNLOADING ISSUE-LEVEL ATTACHMENTS FOR ISP-1898
   Total files: 1 (0.97 MB)

   [1/1] 📥 Downloading: pgeEntries.mp4 (0.97 MB)
  Attempt 1/3: Downloading from https://craftsilicon.atlassian.net/rest/api/3/attachment/content/129457...
  Following redirect 1/6 to: https://api.media.atlassian.com/file/37e369a3-3370-4096-b768-00351e480a29/binary?token=eyJhbGciOiJIUzI1NiJ9.eyJpc3MiOiJiN...
  Attempt 1/3: Downloading from https://api.media.atlassian.com/file/37e369a3-3370-4096-b768-00351e480a29/binary?token=eyJhbGciOiJIUzI1NiJ9.eyJpc3MiOiJiN...
  ✅ Downloaded 1021512 bytes successfully
   ✅ Successfully attached: pgeEntries.mp4 (verified in storage)
  Attached pgeEntries.mp4 to defect ISP-1898 (service_exists=true)

📊 Attachment Summary for ISP-1898:
   ✅ Uploaded: 1
   ⏭️  Skipped: 0
   ❌ Failed: 0

[LABEL] Processing 2 label(s) for ISP-1898
[LABEL-MATCH] Found existing label 'New_ERP' (stored as 'new_erp') -> a9f0bd31-9bc0-4a7b-90fc-2ed53a305e8d
[LABEL-ATTACH] Successfully attached label 'new_erp' (ID: a9f0bd31-9bc0-4a7b-90fc-2ed53a305e8d) to ISP-1898
[LABEL-MATCH] Found existing label 'QA' (stored as 'qa') -> f66526ba-6a94-47b5-8239-f9fae5aa2248
[LABEL-ATTACH] Successfully attached label 'qa' (ID: f66526ba-6a94-47b5-8239-f9fae5aa2248) to ISP-1898
[LABEL] Completed processing labels for ISP-1898. Total attached: 2
[DESCRIPTION-VALIDATE] ISP-1898: new_len=367, existing_len=443
[DESCRIPTION-UPDATE] ISP-1898: Updated description (367 chars)
  Previous: <div class="trix-content">
  <p><strong>Repro Steps:</strong></p>
<p><strong>Expected Result</strong>...
  Updated: <p><strong>Repro Steps:</strong></p>
<p><strong>Expected Result</strong></p>
<p>All Inventory list pa...
Processing issue 74/439: ISP-1897
[DEBUG-LABELS] Total labels found for ISP-1897: 2
[USER-FALLBACK] Using default user for 'Kiriba Delphine' -> b3613172-fc54-4742-b2ba-c10b97d15bf4
[USER-MATCH] Matched 'Robert Mbugua Kanyoro' by email: robert.mbugua@craftsilicon.com -> fb1e0a05-f047-4e22-a52b-b9b1fe4b4358
[STATUS-MATCH] Matched status 'In Progress' by name: In Progress -> c805a0e9-73fc-4726-a1ab-d28b9a36469e
[BANKING-MATCH] Found existing banking type 'ERP' -> d9a45733-9624-42c2-afcc-888ce998dbbe
📥 DOWNLOADING ISSUE-LEVEL ATTACHMENTS FOR ISP-1897
   Total files: 2 (9.87 MB)

   [1/2] 📥 Downloading: astrskonEdit.mp4 (7.18 MB)
  Attempt 1/3: Downloading from https://craftsilicon.atlassian.net/rest/api/3/attachment/content/129454...
  Following redirect 1/6 to: https://api.media.atlassian.com/file/65634fd6-786c-4934-ada5-671851eb3168/binary?token=eyJhbGciOiJIUzI1NiJ9.eyJpc3MiOiJiN...
  Attempt 1/3: Downloading from https://api.media.atlassian.com/file/65634fd6-786c-4934-ada5-671851eb3168/binary?token=eyJhbGciOiJIUzI1NiJ9.eyJpc3MiOiJiN...
  ✅ Downloaded 7529800 bytes successfully
   ✅ Successfully attached: astrskonEdit.mp4 (verified in storage)
  Attached astrskonEdit.mp4 to defect ISP-1897 (service_exists=true)
   [2/2] 📥 Downloading: missingAsterskonAdd.mp4 (2.69 MB)
  Attempt 1/3: Downloading from https://craftsilicon.atlassian.net/rest/api/3/attachment/content/129455...
  Following redirect 1/6 to: https://api.media.atlassian.com/file/e9d16c13-15cb-4dd5-8cc3-e3d060b09687/binary?token=eyJhbGciOiJIUzI1NiJ9.eyJpc3MiOiJiN...
  Attempt 1/3: Downloading from https://api.media.atlassian.com/file/e9d16c13-15cb-4dd5-8cc3-e3d060b09687/binary?token=eyJhbGciOiJIUzI1NiJ9.eyJpc3MiOiJiN...
  ✅ Downloaded 2822025 bytes successfully
   ✅ Successfully attached: missingAsterskonAdd.mp4 (verified in storage)
  Attached missingAsterskonAdd.mp4 to defect ISP-1897 (service_exists=true)

📊 Attachment Summary for ISP-1897:
   ✅ Uploaded: 2
   ⏭️  Skipped: 0
   ❌ Failed: 0

[LABEL] Processing 2 label(s) for ISP-1897
[LABEL-MATCH] Found existing label 'New_ERP' (stored as 'new_erp') -> a9f0bd31-9bc0-4a7b-90fc-2ed53a305e8d
[LABEL-ATTACH] Successfully attached label 'new_erp' (ID: a9f0bd31-9bc0-4a7b-90fc-2ed53a305e8d) to ISP-1897
[LABEL-MATCH] Found existing label 'QA' (stored as 'qa') -> f66526ba-6a94-47b5-8239-f9fae5aa2248
[LABEL-ATTACH] Successfully attached label 'qa' (ID: f66526ba-6a94-47b5-8239-f9fae5aa2248) to ISP-1897
[LABEL] Completed processing labels for ISP-1897. Total attached: 2
[DESCRIPTION-VALIDATE] ISP-1897: new_len=300, existing_len=318
[DESCRIPTION-UPDATE] ISP-1897: Updated description (300 chars)
  Previous: <div class="trix-content">
  <p><strong>Repro Steps:</strong></p>
<p><strong>&nbsp;Actual Result</str...
  Updated: <p><strong>Repro Steps:</strong></p>
<p><strong> Actual Result</strong></p>
<p><strong>Expected Resul...
Processing issue 75/439: ISP-1896
[DEBUG-LABELS] Total labels found for ISP-1896: 2
[USER-MATCH] Matched 'nicholas.mbithuka' by parsed first+last: nicholas Mbithuka -> a4ac82e1-0812-4298-a390-eb72c4248f1a
[USER-MATCH] Matched 'Robert Mbugua Kanyoro' by email: robert.mbugua@craftsilicon.com -> fb1e0a05-f047-4e22-a52b-b9b1fe4b4358
[STATUS-MATCH] Matched status 'In Progress' by name: In Progress -> c805a0e9-73fc-4726-a1ab-d28b9a36469e
[BANKING-MATCH] Found existing banking type 'ERP' -> d9a45733-9624-42c2-afcc-888ce998dbbe
📥 DOWNLOADING ISSUE-LEVEL ATTACHMENTS FOR ISP-1896
   Total files: 1 (1.21 MB)

   [1/1] 📥 Downloading: erp-crm-competitors-product-details-defect_Jzb9Ewvk.mp4 (1.21 MB)
  Attempt 1/3: Downloading from https://craftsilicon.atlassian.net/rest/api/3/attachment/content/129451...
  Following redirect 1/6 to: https://api.media.atlassian.com/file/7fc7209f-76a8-49d2-8795-88bbe60e3fbf/binary?token=eyJhbGciOiJIUzI1NiJ9.eyJpc3MiOiJiN...
  Attempt 1/3: Downloading from https://api.media.atlassian.com/file/7fc7209f-76a8-49d2-8795-88bbe60e3fbf/binary?token=eyJhbGciOiJIUzI1NiJ9.eyJpc3MiOiJiN...
  ✅ Downloaded 1267715 bytes successfully
   ✅ Successfully attached: erp-crm-competitors-product-details-defect_Jzb9Ewvk.mp4 (verified in storage)
  Attached erp-crm-competitors-product-details-defect_Jzb9Ewvk.mp4 to defect ISP-1896 (service_exists=true)

📊 Attachment Summary for ISP-1896:
   ✅ Uploaded: 1
   ⏭️  Skipped: 0
   ❌ Failed: 0

[LABEL] Processing 2 label(s) for ISP-1896
[LABEL-MATCH] Found existing label 'New_ERP' (stored as 'new_erp') -> a9f0bd31-9bc0-4a7b-90fc-2ed53a305e8d
[LABEL-ATTACH] Successfully attached label 'new_erp' (ID: a9f0bd31-9bc0-4a7b-90fc-2ed53a305e8d) to ISP-1896
[LABEL-MATCH] Found existing label 'QA' (stored as 'qa') -> f66526ba-6a94-47b5-8239-f9fae5aa2248
[LABEL-ATTACH] Successfully attached label 'qa' (ID: f66526ba-6a94-47b5-8239-f9fae5aa2248) to ISP-1896
[LABEL] Completed processing labels for ISP-1896. Total attached: 2
[DESCRIPTION-VALIDATE] ISP-1896: new_len=207, existing_len=243
[DESCRIPTION-UPDATE] ISP-1896: Updated description (207 chars)
  Previous: <div class="trix-content">
  <p><strong>Repro Steps:</strong></p>
<p>Navigate to <strong>CRM → Compet...
  Updated: <p><strong>Repro Steps:</strong></p>
<p>Navigate to <strong>CRM → Competitors</strong>. Click on any ...
Processing issue 76/439: ISP-1895
[DEBUG-LABELS] Total labels found for ISP-1895: 2
[USER-FALLBACK] Using default user for 'Kiriba Delphine' -> b3613172-fc54-4742-b2ba-c10b97d15bf4
[USER-MATCH] Matched 'Robert Mbugua Kanyoro' by email: robert.mbugua@craftsilicon.com -> fb1e0a05-f047-4e22-a52b-b9b1fe4b4358
[STATUS-MATCH] Matched status 'In Progress' by name: In Progress -> c805a0e9-73fc-4726-a1ab-d28b9a36469e
[BANKING-MATCH] Found existing banking type 'ERP' -> d9a45733-9624-42c2-afcc-888ce998dbbe
📥 DOWNLOADING ISSUE-LEVEL ATTACHMENTS FOR ISP-1895
   Total files: 1 (14.7 MB)

   [1/1] 📥 Downloading: dcmntMgmtSbmdles.mp4 (14.7 MB)
  Attempt 1/3: Downloading from https://craftsilicon.atlassian.net/rest/api/3/attachment/content/129449...
  Following redirect 1/6 to: https://api.media.atlassian.com/file/3d04a4b9-0c2d-4f31-9e77-4f181aae6bfa/binary?token=eyJhbGciOiJIUzI1NiJ9.eyJpc3MiOiJiN...
  Attempt 1/3: Downloading from https://api.media.atlassian.com/file/3d04a4b9-0c2d-4f31-9e77-4f181aae6bfa/binary?token=eyJhbGciOiJIUzI1NiJ9.eyJpc3MiOiJiN...
  📊 Downloaded 10.0/14.7 MB...
  ✅ Downloaded 15412579 bytes successfully
   ✅ Successfully attached: dcmntMgmtSbmdles.mp4 (verified in storage)
  Attached dcmntMgmtSbmdles.mp4 to defect ISP-1895 (service_exists=true)

📊 Attachment Summary for ISP-1895:
   ✅ Uploaded: 1
   ⏭️  Skipped: 0
   ❌ Failed: 0

[LABEL] Processing 2 label(s) for ISP-1895
[LABEL-MATCH] Found existing label 'New_ERP' (stored as 'new_erp') -> a9f0bd31-9bc0-4a7b-90fc-2ed53a305e8d
[LABEL-ATTACH] Successfully attached label 'new_erp' (ID: a9f0bd31-9bc0-4a7b-90fc-2ed53a305e8d) to ISP-1895
[LABEL-MATCH] Found existing label 'QA' (stored as 'qa') -> f66526ba-6a94-47b5-8239-f9fae5aa2248
[LABEL-ATTACH] Successfully attached label 'qa' (ID: f66526ba-6a94-47b5-8239-f9fae5aa2248) to ISP-1895
[LABEL] Completed processing labels for ISP-1895. Total attached: 2
[DESCRIPTION-VALIDATE] ISP-1895: new_len=114, existing_len=150
[DESCRIPTION-UPDATE] ISP-1895: Updated description (114 chars)
  Previous: <div class="trix-content">
  <p><strong>Repro Steps:</strong></p>
<p><strong>Actual Result</strong></...
  Updated: <p><strong>Repro Steps:</strong></p>
<p><strong>Actual Result</strong></p>
<p><strong>Expected Result...
Processing issue 77/439: ISP-1894
[DEBUG-LABELS] Total labels found for ISP-1894: 2
[USER-MATCH] Matched 'nicholas.mbithuka' by parsed first+last: nicholas Mbithuka -> a4ac82e1-0812-4298-a390-eb72c4248f1a
[USER-MATCH] Matched 'Robert Mbugua Kanyoro' by email: robert.mbugua@craftsilicon.com -> fb1e0a05-f047-4e22-a52b-b9b1fe4b4358
[STATUS-MATCH] Matched status 'In Progress' by name: In Progress -> c805a0e9-73fc-4726-a1ab-d28b9a36469e
[BANKING-MATCH] Found existing banking type 'ERP' -> d9a45733-9624-42c2-afcc-888ce998dbbe
📥 DOWNLOADING ISSUE-LEVEL ATTACHMENTS FOR ISP-1894
   Total files: 1 (4.2 MB)

   [1/1] 📥 Downloading: ERP-Settings Roles and Rights Defects.mp4 (4.2 MB)
  Attempt 1/3: Downloading from https://craftsilicon.atlassian.net/rest/api/3/attachment/content/129415...
  Following redirect 1/6 to: https://api.media.atlassian.com/file/fc588465-2eaa-40fd-92bc-bdaa35689a60/binary?token=eyJhbGciOiJIUzI1NiJ9.eyJpc3MiOiJiN...
  Attempt 1/3: Downloading from https://api.media.atlassian.com/file/fc588465-2eaa-40fd-92bc-bdaa35689a60/binary?token=eyJhbGciOiJIUzI1NiJ9.eyJpc3MiOiJiN...
  ✅ Downloaded 4403227 bytes successfully
   ✅ Successfully attached: ERP-Settings Roles and Rights Defects.mp4 (verified in storage)
  Attached ERP-Settings Roles and Rights Defects.mp4 to defect ISP-1894 (service_exists=true)

📊 Attachment Summary for ISP-1894:
   ✅ Uploaded: 1
   ⏭️  Skipped: 0
   ❌ Failed: 0

[LABEL] Processing 2 label(s) for ISP-1894
[LABEL-MATCH] Found existing label 'New_ERP' (stored as 'new_erp') -> a9f0bd31-9bc0-4a7b-90fc-2ed53a305e8d
[LABEL-ATTACH] Successfully attached label 'new_erp' (ID: a9f0bd31-9bc0-4a7b-90fc-2ed53a305e8d) to ISP-1894
[LABEL-MATCH] Found existing label 'QA' (stored as 'qa') -> f66526ba-6a94-47b5-8239-f9fae5aa2248
[LABEL-ATTACH] Successfully attached label 'qa' (ID: f66526ba-6a94-47b5-8239-f9fae5aa2248) to ISP-1894
[LABEL] Completed processing labels for ISP-1894. Total attached: 2
[DESCRIPTION-VALIDATE] ISP-1894: new_len=35, existing_len=71
[DESCRIPTION-UPDATE] ISP-1894: Updated description (35 chars)
Processing issue 78/439: ISP-1893
[DEBUG-LABELS] Total labels found for ISP-1893: 2
[USER-MATCH] Matched 'Michael Wakhungu' by parsed first+last: Michael Wakhungu -> 597e3fd3-bd8d-4416-b3c9-e513fe79905f
[USER-MATCH] Matched 'Robert Mbugua Kanyoro' by email: robert.mbugua@craftsilicon.com -> fb1e0a05-f047-4e22-a52b-b9b1fe4b4358
[STATUS-MATCH] Matched status 'In Progress' by name: In Progress -> c805a0e9-73fc-4726-a1ab-d28b9a36469e
[BANKING-MATCH] Found existing banking type 'ERP' -> d9a45733-9624-42c2-afcc-888ce998dbbe
📥 DOWNLOADING ISSUE-LEVEL ATTACHMENTS FOR ISP-1893
   Total files: 1 (1.13 MB)

   [1/1] 📥 Downloading: ISP-1893.mov (1.13 MB)
  Attempt 1/3: Downloading from https://craftsilicon.atlassian.net/rest/api/3/attachment/content/129413...
  Following redirect 1/6 to: https://api.media.atlassian.com/file/a8676be3-a8d4-4923-9e87-3f63bbf0c376/binary?token=eyJhbGciOiJIUzI1NiJ9.eyJpc3MiOiJiN...
  Attempt 1/3: Downloading from https://api.media.atlassian.com/file/a8676be3-a8d4-4923-9e87-3f63bbf0c376/binary?token=eyJhbGciOiJIUzI1NiJ9.eyJpc3MiOiJiN...
  ✅ Downloaded 1189602 bytes successfully
   ✅ Successfully attached: ISP-1893.mov (verified in storage)
  Attached ISP-1893.mov to defect ISP-1893 (service_exists=true)

📊 Attachment Summary for ISP-1893:
   ✅ Uploaded: 1
   ⏭️  Skipped: 0
   ❌ Failed: 0

[LABEL] Processing 2 label(s) for ISP-1893
[LABEL-MATCH] Found existing label 'New_ERP' (stored as 'new_erp') -> a9f0bd31-9bc0-4a7b-90fc-2ed53a305e8d
[LABEL-ATTACH] Successfully attached label 'new_erp' (ID: a9f0bd31-9bc0-4a7b-90fc-2ed53a305e8d) to ISP-1893
[LABEL-MATCH] Found existing label 'QA' (stored as 'qa') -> f66526ba-6a94-47b5-8239-f9fae5aa2248
[LABEL-ATTACH] Successfully attached label 'qa' (ID: f66526ba-6a94-47b5-8239-f9fae5aa2248) to ISP-1893
[LABEL] Completed processing labels for ISP-1893. Total attached: 2
[DESCRIPTION-VALIDATE] ISP-1893: new_len=416, existing_len=452
[DESCRIPTION-UPDATE] ISP-1893: Updated description (416 chars)
  Previous: <div class="trix-content">
  <p><strong>Repro Steps:</strong></p>
<p><strong>Actual Results -</strong...
  Updated: <p><strong>Repro Steps:</strong></p>
<p><strong>Actual Results -</strong></p>
<p>The form fails to su...
Processing issue 79/439: ISP-1892
[DEBUG-LABELS] Total labels found for ISP-1892: 2
[USER-MATCH] Matched 'Michael Wakhungu' by parsed first+last: Michael Wakhungu -> 597e3fd3-bd8d-4416-b3c9-e513fe79905f
[USER-MATCH] Matched 'Robert Mbugua Kanyoro' by email: robert.mbugua@craftsilicon.com -> fb1e0a05-f047-4e22-a52b-b9b1fe4b4358
[STATUS-MATCH] Matched status 'In Progress' by name: In Progress -> c805a0e9-73fc-4726-a1ab-d28b9a36469e
[BANKING-MATCH] Found existing banking type 'ERP' -> d9a45733-9624-42c2-afcc-888ce998dbbe
📥 DOWNLOADING ISSUE-LEVEL ATTACHMENTS FOR ISP-1892
   Total files: 1 (4.27 MB)

   [1/1] 📥 Downloading: ISP-1892.mov (4.27 MB)
  Attempt 1/3: Downloading from https://craftsilicon.atlassian.net/rest/api/3/attachment/content/129411...
  Following redirect 1/6 to: https://api.media.atlassian.com/file/55d6ed3d-c8b9-4129-880a-699dfbb99825/binary?token=eyJhbGciOiJIUzI1NiJ9.eyJpc3MiOiJiN...
  Attempt 1/3: Downloading from https://api.media.atlassian.com/file/55d6ed3d-c8b9-4129-880a-699dfbb99825/binary?token=eyJhbGciOiJIUzI1NiJ9.eyJpc3MiOiJiN...
  ✅ Downloaded 4477471 bytes successfully
   ✅ Successfully attached: ISP-1892.mov (verified in storage)
  Attached ISP-1892.mov to defect ISP-1892 (service_exists=true)

📊 Attachment Summary for ISP-1892:
   ✅ Uploaded: 1
   ⏭️  Skipped: 0
   ❌ Failed: 0

[LABEL] Processing 2 label(s) for ISP-1892
[LABEL-MATCH] Found existing label 'New_ERP' (stored as 'new_erp') -> a9f0bd31-9bc0-4a7b-90fc-2ed53a305e8d
[LABEL-ATTACH] Successfully attached label 'new_erp' (ID: a9f0bd31-9bc0-4a7b-90fc-2ed53a305e8d) to ISP-1892
[LABEL-MATCH] Found existing label 'QA' (stored as 'qa') -> f66526ba-6a94-47b5-8239-f9fae5aa2248
[LABEL-ATTACH] Successfully attached label 'qa' (ID: f66526ba-6a94-47b5-8239-f9fae5aa2248) to ISP-1892
[LABEL] Completed processing labels for ISP-1892. Total attached: 2
[DESCRIPTION-VALIDATE] ISP-1892: new_len=120, existing_len=156
[DESCRIPTION-UPDATE] ISP-1892: Updated description (120 chars)
  Previous: <div class="trix-content">
  <p><strong>Repro Steps:</strong></p>
<p><strong>Actual Results -</strong...
  Updated: <p><strong>Repro Steps:</strong></p>
<p><strong>Actual Results -</strong></p>
<p><strong>Expected Res...
Processing issue 80/439: ISP-1891
[DEBUG-LABELS] Total labels found for ISP-1891: 2
[USER-MATCH] Matched 'Michael Wakhungu' by parsed first+last: Michael Wakhungu -> 597e3fd3-bd8d-4416-b3c9-e513fe79905f
[USER-MATCH] Matched 'Robert Mbugua Kanyoro' by email: robert.mbugua@craftsilicon.com -> fb1e0a05-f047-4e22-a52b-b9b1fe4b4358
[STATUS-MATCH] Matched status 'In Progress' by name: In Progress -> c805a0e9-73fc-4726-a1ab-d28b9a36469e
[BANKING-MATCH] Found existing banking type 'ERP' -> d9a45733-9624-42c2-afcc-888ce998dbbe
📥 DOWNLOADING ISSUE-LEVEL ATTACHMENTS FOR ISP-1891
   Total files: 1 (4.23 MB)

   [1/1] 📥 Downloading: ISP-1891.mov (4.23 MB)
  Attempt 1/3: Downloading from https://craftsilicon.atlassian.net/rest/api/3/attachment/content/129410...
  Following redirect 1/6 to: https://api.media.atlassian.com/file/955b892e-3f9c-411a-891c-a22532b5a222/binary?token=eyJhbGciOiJIUzI1NiJ9.eyJpc3MiOiJiN...
  Attempt 1/3: Downloading from https://api.media.atlassian.com/file/955b892e-3f9c-411a-891c-a22532b5a222/binary?token=eyJhbGciOiJIUzI1NiJ9.eyJpc3MiOiJiN...
  ✅ Downloaded 4431672 bytes successfully
   ✅ Successfully attached: ISP-1891.mov (verified in storage)
  Attached ISP-1891.mov to defect ISP-1891 (service_exists=true)

📊 Attachment Summary for ISP-1891:
   ✅ Uploaded: 1
   ⏭️  Skipped: 0
   ❌ Failed: 0

[LABEL] Processing 2 label(s) for ISP-1891
[LABEL-MATCH] Found existing label 'New_ERP' (stored as 'new_erp') -> a9f0bd31-9bc0-4a7b-90fc-2ed53a305e8d
[LABEL-ATTACH] Successfully attached label 'new_erp' (ID: a9f0bd31-9bc0-4a7b-90fc-2ed53a305e8d) to ISP-1891
[LABEL-MATCH] Found existing label 'QA' (stored as 'qa') -> f66526ba-6a94-47b5-8239-f9fae5aa2248
[LABEL-ATTACH] Successfully attached label 'qa' (ID: f66526ba-6a94-47b5-8239-f9fae5aa2248) to ISP-1891
[LABEL] Completed processing labels for ISP-1891. Total attached: 2
[DESCRIPTION-VALIDATE] ISP-1891: new_len=1027, existing_len=1042
[DESCRIPTION-UPDATE] ISP-1891: Updated description (1027 chars)
  Previous: <div class="trix-content">
  <p><strong>Repro Steps:</strong></p>
<p><strong>Scenario 1</strong></p>
...
  Updated: <p><strong>Repro Steps:</strong></p>
<p><strong>Scenario 1</strong></p>
<p>Enter valid <strong>Expect...
Processing issue 81/439: ISP-1890
[DEBUG-LABELS] Total labels found for ISP-1890: 2
[USER-MATCH] Matched 'Michael Wakhungu' by parsed first+last: Michael Wakhungu -> 597e3fd3-bd8d-4416-b3c9-e513fe79905f
[USER-MATCH] Matched 'Robert Mbugua Kanyoro' by email: robert.mbugua@craftsilicon.com -> fb1e0a05-f047-4e22-a52b-b9b1fe4b4358
[STATUS-MATCH] Matched status 'In Progress' by name: In Progress -> c805a0e9-73fc-4726-a1ab-d28b9a36469e
[BANKING-MATCH] Found existing banking type 'ERP' -> d9a45733-9624-42c2-afcc-888ce998dbbe
📥 DOWNLOADING ISSUE-LEVEL ATTACHMENTS FOR ISP-1890
   Total files: 1 (2.48 MB)

   [1/1] 📥 Downloading: ISP-1890.mov (2.48 MB)
  Attempt 1/3: Downloading from https://craftsilicon.atlassian.net/rest/api/3/attachment/content/129409...
  Following redirect 1/6 to: https://api.media.atlassian.com/file/b4e9924e-867c-45f6-b7a1-45d275d9d740/binary?token=eyJhbGciOiJIUzI1NiJ9.eyJpc3MiOiJiN...
  Attempt 1/3: Downloading from https://api.media.atlassian.com/file/b4e9924e-867c-45f6-b7a1-45d275d9d740/binary?token=eyJhbGciOiJIUzI1NiJ9.eyJpc3MiOiJiN...
  ✅ Downloaded 2595869 bytes successfully
   ✅ Successfully attached: ISP-1890.mov (verified in storage)
  Attached ISP-1890.mov to defect ISP-1890 (service_exists=true)

📊 Attachment Summary for ISP-1890:
   ✅ Uploaded: 1
   ⏭️  Skipped: 0
   ❌ Failed: 0

[LABEL] Processing 2 label(s) for ISP-1890
[LABEL-MATCH] Found existing label 'New_ERP' (stored as 'new_erp') -> a9f0bd31-9bc0-4a7b-90fc-2ed53a305e8d
[LABEL-ATTACH] Successfully attached label 'new_erp' (ID: a9f0bd31-9bc0-4a7b-90fc-2ed53a305e8d) to ISP-1890
[LABEL-MATCH] Found existing label 'QA' (stored as 'qa') -> f66526ba-6a94-47b5-8239-f9fae5aa2248
[LABEL-ATTACH] Successfully attached label 'qa' (ID: f66526ba-6a94-47b5-8239-f9fae5aa2248) to ISP-1890
[LABEL] Completed processing labels for ISP-1890. Total attached: 2
[DESCRIPTION-VALIDATE] ISP-1890: new_len=427, existing_len=468
[DESCRIPTION-UPDATE] ISP-1890: Updated description (427 chars)
  Previous: <div class="trix-content">
  <p><strong>Repro Steps:</strong></p>
<p><strong>Actual Result –&nbsp;</s...
  Updated: <p><strong>Repro Steps:</strong></p>
<p><strong>Actual Result – </strong></p>
<p>The system allows sa...
Processing issue 82/439: ISP-1889
[DEBUG-LABELS] Total labels found for ISP-1889: 2
[USER-MATCH] Matched 'archana.verma' by parsed first+last: archana verma -> 7b5370b5-abcd-4ad2-908b-1791ca40d9c9
[USER-MATCH] Matched 'Robert Mbugua Kanyoro' by email: robert.mbugua@craftsilicon.com -> fb1e0a05-f047-4e22-a52b-b9b1fe4b4358
[STATUS-MATCH] Matched status 'In Progress' by name: In Progress -> c805a0e9-73fc-4726-a1ab-d28b9a36469e
[BANKING-MATCH] Found existing banking type 'ERP' -> d9a45733-9624-42c2-afcc-888ce998dbbe
📥 DOWNLOADING ISSUE-LEVEL ATTACHMENTS FOR ISP-1889
   Total files: 1 (9.08 MB)

   [1/1] 📥 Downloading: ISP-1889-Login issue.mp4 (9.08 MB)
  Attempt 1/3: Downloading from https://craftsilicon.atlassian.net/rest/api/3/attachment/content/129375...
  Following redirect 1/6 to: https://api.media.atlassian.com/file/b84ad37c-d4ee-47df-88da-a0b259e33a0d/binary?token=eyJhbGciOiJIUzI1NiJ9.eyJpc3MiOiJiN...
  Attempt 1/3: Downloading from https://api.media.atlassian.com/file/b84ad37c-d4ee-47df-88da-a0b259e33a0d/binary?token=eyJhbGciOiJIUzI1NiJ9.eyJpc3MiOiJiN...
  ✅ Downloaded 9525704 bytes successfully
   ✅ Successfully attached: ISP-1889-Login issue.mp4 (verified in storage)
  Attached ISP-1889-Login issue.mp4 to defect ISP-1889 (service_exists=true)

📊 Attachment Summary for ISP-1889:
   ✅ Uploaded: 1
   ⏭️  Skipped: 0
   ❌ Failed: 0

[LABEL] Processing 2 label(s) for ISP-1889
[LABEL-MATCH] Found existing label 'New_ERP' (stored as 'new_erp') -> a9f0bd31-9bc0-4a7b-90fc-2ed53a305e8d
[LABEL-ATTACH] Successfully attached label 'new_erp' (ID: a9f0bd31-9bc0-4a7b-90fc-2ed53a305e8d) to ISP-1889
[LABEL-MATCH] Found existing label 'QA' (stored as 'qa') -> f66526ba-6a94-47b5-8239-f9fae5aa2248
[LABEL-ATTACH] Successfully attached label 'qa' (ID: f66526ba-6a94-47b5-8239-f9fae5aa2248) to ISP-1889
[LABEL] Completed processing labels for ISP-1889. Total attached: 2
[DESCRIPTION-VALIDATE] ISP-1889: new_len=934, existing_len=947
[DESCRIPTION-UPDATE] ISP-1889: Updated description (934 chars)
  Previous: <div class="trix-content">
  <p><strong>Actual Result-Some of the screens are accessible while for mo...
  Updated: <p><strong>Actual Result-Some of the screens are accessible while for most of the screens </strong><s...
Processing issue 83/439: ISP-1888
[DEBUG-LABELS] Total labels found for ISP-1888: 2
[USER-FALLBACK] Using default user for 'Stephen Mungai' -> b3613172-fc54-4742-b2ba-c10b97d15bf4
[USER-MATCH] Matched 'Robert Mbugua Kanyoro' by email: robert.mbugua@craftsilicon.com -> fb1e0a05-f047-4e22-a52b-b9b1fe4b4358
[STATUS-MATCH] Matched status 'In Progress' by name: In Progress -> c805a0e9-73fc-4726-a1ab-d28b9a36469e
[BANKING-MATCH] Found existing banking type 'ERP' -> d9a45733-9624-42c2-afcc-888ce998dbbe
📥 DOWNLOADING ISSUE-LEVEL ATTACHMENTS FOR ISP-1888
   Total files: 1 (7.03 MB)

   [1/1] 📥 Downloading: Reply from User copied in Mail.mp4 (7.03 MB)
  Attempt 1/3: Downloading from https://craftsilicon.atlassian.net/rest/api/3/attachment/content/129374...
  Following redirect 1/6 to: https://api.media.atlassian.com/file/e4bcdb70-3f29-44e7-8da7-11317d15ef2b/binary?token=eyJhbGciOiJIUzI1NiJ9.eyJpc3MiOiJiN...
  Attempt 1/3: Downloading from https://api.media.atlassian.com/file/e4bcdb70-3f29-44e7-8da7-11317d15ef2b/binary?token=eyJhbGciOiJIUzI1NiJ9.eyJpc3MiOiJiN...
  ✅ Downloaded 7368615 bytes successfully
   ✅ Successfully attached: Reply from User copied in Mail.mp4 (verified in storage)
  Attached Reply from User copied in Mail.mp4 to defect ISP-1888 (service_exists=true)

📊 Attachment Summary for ISP-1888:
   ✅ Uploaded: 1
   ⏭️  Skipped: 0
   ❌ Failed: 0

[LABEL] Processing 2 label(s) for ISP-1888
[LABEL-MATCH] Found existing label 'New_ERP' (stored as 'new_erp') -> a9f0bd31-9bc0-4a7b-90fc-2ed53a305e8d
[LABEL-ATTACH] Successfully attached label 'new_erp' (ID: a9f0bd31-9bc0-4a7b-90fc-2ed53a305e8d) to ISP-1888
[LABEL-MATCH] Found existing label 'QA' (stored as 'qa') -> f66526ba-6a94-47b5-8239-f9fae5aa2248
[LABEL-ATTACH] Successfully attached label 'qa' (ID: f66526ba-6a94-47b5-8239-f9fae5aa2248) to ISP-1888
[LABEL] Completed processing labels for ISP-1888. Total attached: 2
[DESCRIPTION-VALIDATE] ISP-1888: new_len=118, existing_len=154
[DESCRIPTION-UPDATE] ISP-1888: Updated description (118 chars)
  Previous: <div class="trix-content">
  <p><strong>Repro Steps:</strong></p>
<p><strong>Actual Results:</strong>...
  Updated: <p><strong>Repro Steps:</strong></p>
<p><strong>Actual Results:</strong></p>
<p><strong>Expected Resu...
Processing issue 84/439: ISP-1887
[DEBUG-LABELS] Total labels found for ISP-1887: 2
[USER-FALLBACK] Using default user for 'Stephen Mungai' -> b3613172-fc54-4742-b2ba-c10b97d15bf4
[USER-MATCH] Matched 'Robert Mbugua Kanyoro' by email: robert.mbugua@craftsilicon.com -> fb1e0a05-f047-4e22-a52b-b9b1fe4b4358
[STATUS-MATCH] Matched status 'In Progress' by name: In Progress -> c805a0e9-73fc-4726-a1ab-d28b9a36469e
[BANKING-MATCH] Found existing banking type 'ERP' -> d9a45733-9624-42c2-afcc-888ce998dbbe
📥 DOWNLOADING ISSUE-LEVEL ATTACHMENTS FOR ISP-1887
   Total files: 2 (10.92 MB)

   [1/2] 📥 Downloading: Not Equal To CSV and TXT Error.mp4 (3.44 MB)
  Attempt 1/3: Downloading from https://craftsilicon.atlassian.net/rest/api/3/attachment/content/129372...
  Following redirect 1/6 to: https://api.media.atlassian.com/file/8c36839f-052b-4bfe-9918-6fc4c9ed791a/binary?token=eyJhbGciOiJIUzI1NiJ9.eyJpc3MiOiJiN...
  Attempt 1/3: Downloading from https://api.media.atlassian.com/file/8c36839f-052b-4bfe-9918-6fc4c9ed791a/binary?token=eyJhbGciOiJIUzI1NiJ9.eyJpc3MiOiJiN...
  ✅ Downloaded 3610219 bytes successfully
   ✅ Successfully attached: Not Equal To CSV and TXT Error.mp4 (verified in storage)
  Attached Not Equal To CSV and TXT Error.mp4 to defect ISP-1887 (service_exists=true)
   [2/2] 📥 Downloading: Tagging Rule Contains Error.mp4 (7.48 MB)
  Attempt 1/3: Downloading from https://craftsilicon.atlassian.net/rest/api/3/attachment/content/129371...
  Following redirect 1/6 to: https://api.media.atlassian.com/file/57b80a24-e8d1-4673-ad77-f2563ff388f7/binary?token=eyJhbGciOiJIUzI1NiJ9.eyJpc3MiOiJiN...
  Attempt 1/3: Downloading from https://api.media.atlassian.com/file/57b80a24-e8d1-4673-ad77-f2563ff388f7/binary?token=eyJhbGciOiJIUzI1NiJ9.eyJpc3MiOiJiN...
  ✅ Downloaded 7841610 bytes successfully
   ✅ Successfully attached: Tagging Rule Contains Error.mp4 (verified in storage)
  Attached Tagging Rule Contains Error.mp4 to defect ISP-1887 (service_exists=true)

📊 Attachment Summary for ISP-1887:
   ✅ Uploaded: 2
   ⏭️  Skipped: 0
   ❌ Failed: 0

[LABEL] Processing 2 label(s) for ISP-1887
[LABEL-MATCH] Found existing label 'New_ERP' (stored as 'new_erp') -> a9f0bd31-9bc0-4a7b-90fc-2ed53a305e8d
[LABEL-ATTACH] Successfully attached label 'new_erp' (ID: a9f0bd31-9bc0-4a7b-90fc-2ed53a305e8d) to ISP-1887
[LABEL-MATCH] Found existing label 'QA' (stored as 'qa') -> f66526ba-6a94-47b5-8239-f9fae5aa2248
[LABEL-ATTACH] Successfully attached label 'qa' (ID: f66526ba-6a94-47b5-8239-f9fae5aa2248) to ISP-1887
[LABEL] Completed processing labels for ISP-1887. Total attached: 2
[DESCRIPTION-VALIDATE] ISP-1887: new_len=267, existing_len=303
[DESCRIPTION-UPDATE] ISP-1887: Updated description (267 chars)
  Previous: <div class="trix-content">
  <p><strong>Repro Steps</strong></p>
<p><strong>Actual Results</strong></...
  Updated: <p><strong>Repro Steps</strong></p>
<p><strong>Actual Results</strong></p>
<p>The system is unable to...
Processing issue 85/439: ISP-1886
[DEBUG-LABELS] Total labels found for ISP-1886: 2
[USER-FALLBACK] Using default user for 'Stephen Mungai' -> b3613172-fc54-4742-b2ba-c10b97d15bf4
[USER-MATCH] Matched 'Robert Mbugua Kanyoro' by email: robert.mbugua@craftsilicon.com -> fb1e0a05-f047-4e22-a52b-b9b1fe4b4358
[STATUS-MATCH] Matched status 'In Progress' by name: In Progress -> c805a0e9-73fc-4726-a1ab-d28b9a36469e
[BANKING-MATCH] Found existing banking type 'ERP' -> d9a45733-9624-42c2-afcc-888ce998dbbe
📥 DOWNLOADING ISSUE-LEVEL ATTACHMENTS FOR ISP-1886
   Total files: 1 (7.26 MB)

   [1/1] 📥 Downloading: Tagging Rule Title.mp4 (7.26 MB)
  Attempt 1/3: Downloading from https://craftsilicon.atlassian.net/rest/api/3/attachment/content/129368...
  Following redirect 1/6 to: https://api.media.atlassian.com/file/46094693-0078-4649-8622-601119bb45eb/binary?token=eyJhbGciOiJIUzI1NiJ9.eyJpc3MiOiJiN...
  Attempt 1/3: Downloading from https://api.media.atlassian.com/file/46094693-0078-4649-8622-601119bb45eb/binary?token=eyJhbGciOiJIUzI1NiJ9.eyJpc3MiOiJiN...
  ✅ Downloaded 7608512 bytes successfully
   ✅ Successfully attached: Tagging Rule Title.mp4 (verified in storage)
  Attached Tagging Rule Title.mp4 to defect ISP-1886 (service_exists=true)

📊 Attachment Summary for ISP-1886:
   ✅ Uploaded: 1
   ⏭️  Skipped: 0
   ❌ Failed: 0

[LABEL] Processing 2 label(s) for ISP-1886
[LABEL-MATCH] Found existing label 'New_ERP' (stored as 'new_erp') -> a9f0bd31-9bc0-4a7b-90fc-2ed53a305e8d
[LABEL-ATTACH] Successfully attached label 'new_erp' (ID: a9f0bd31-9bc0-4a7b-90fc-2ed53a305e8d) to ISP-1886
[LABEL-MATCH] Found existing label 'QA' (stored as 'qa') -> f66526ba-6a94-47b5-8239-f9fae5aa2248
[LABEL-ATTACH] Successfully attached label 'qa' (ID: f66526ba-6a94-47b5-8239-f9fae5aa2248) to ISP-1886
[LABEL] Completed processing labels for ISP-1886. Total attached: 2
[DESCRIPTION-VALIDATE] ISP-1886: new_len=511, existing_len=551
[DESCRIPTION-UPDATE] ISP-1886: Updated description (511 chars)
  Previous: <div class="trix-content">
  <p><strong>Repro Steps:</strong></p>
<p><strong>Actual Results</strong><...
  Updated: <p><strong>Repro Steps:</strong></p>
<p><strong>Actual Results</strong></p>
<p>The system applies the...
Processing issue 86/439: ISP-1885
[DEBUG-LABELS] Total labels found for ISP-1885: 3
[USER-MATCH] Matched 'archana.verma' by parsed first+last: archana verma -> 7b5370b5-abcd-4ad2-908b-1791ca40d9c9
[USER-MATCH] Matched 'Robert Mbugua Kanyoro' by email: robert.mbugua@craftsilicon.com -> fb1e0a05-f047-4e22-a52b-b9b1fe4b4358
[STATUS-MATCH] Matched status 'In Progress' by name: In Progress -> c805a0e9-73fc-4726-a1ab-d28b9a36469e
[BANKING-MATCH] Found existing banking type 'ERP' -> d9a45733-9624-42c2-afcc-888ce998dbbe
📥 DOWNLOADING ISSUE-LEVEL ATTACHMENTS FOR ISP-1885
   Total files: 1 (7.03 MB)

   [1/1] 📥 Downloading: ISP-1885-New Tender.mp4 (7.03 MB)
  Attempt 1/3: Downloading from https://craftsilicon.atlassian.net/rest/api/3/attachment/content/129366...
  Following redirect 1/6 to: https://api.media.atlassian.com/file/b1954e3e-e5aa-47c7-acef-ce3499eae21e/binary?token=eyJhbGciOiJIUzI1NiJ9.eyJpc3MiOiJiN...
  Attempt 1/3: Downloading from https://api.media.atlassian.com/file/b1954e3e-e5aa-47c7-acef-ce3499eae21e/binary?token=eyJhbGciOiJIUzI1NiJ9.eyJpc3MiOiJiN...
  ✅ Downloaded 7370091 bytes successfully
   ✅ Successfully attached: ISP-1885-New Tender.mp4 (verified in storage)
  Attached ISP-1885-New Tender.mp4 to defect ISP-1885 (service_exists=true)

📊 Attachment Summary for ISP-1885:
   ✅ Uploaded: 1
   ⏭️  Skipped: 0
   ❌ Failed: 0

[LABEL] Processing 3 label(s) for ISP-1885
[LABEL-MATCH] Found existing label 'Blocker' (stored as 'blocker') -> 53446826-4aac-4ac5-bcac-9aadd9a0f375
[LABEL-ATTACH] Successfully attached label 'blocker' (ID: 53446826-4aac-4ac5-bcac-9aadd9a0f375) to ISP-1885
[LABEL-MATCH] Found existing label 'New_ERP' (stored as 'new_erp') -> a9f0bd31-9bc0-4a7b-90fc-2ed53a305e8d
[LABEL-ATTACH] Successfully attached label 'new_erp' (ID: a9f0bd31-9bc0-4a7b-90fc-2ed53a305e8d) to ISP-1885
[LABEL-MATCH] Found existing label 'QA' (stored as 'qa') -> f66526ba-6a94-47b5-8239-f9fae5aa2248
[LABEL-ATTACH] Successfully attached label 'qa' (ID: f66526ba-6a94-47b5-8239-f9fae5aa2248) to ISP-1885
[LABEL] Completed processing labels for ISP-1885. Total attached: 3
[DESCRIPTION-VALIDATE] ISP-1885: new_len=318, existing_len=331
[DESCRIPTION-UPDATE] ISP-1885: Updated description (318 chars)
  Previous: <div class="trix-content">
  <p><strong>Actual Result-</strong><span>500 server error is displayed. H...
  Updated: <p><strong>Actual Result-</strong><span style="color: #ff5630">500 server error is displayed. Hence n...
Processing issue 87/439: ISP-1884
[DEBUG-LABELS] Total labels found for ISP-1884: 2
[USER-FALLBACK] Using default user for 'Kiriba Delphine' -> b3613172-fc54-4742-b2ba-c10b97d15bf4
[USER-MATCH] Matched 'Robert Mbugua Kanyoro' by email: robert.mbugua@craftsilicon.com -> fb1e0a05-f047-4e22-a52b-b9b1fe4b4358
[STATUS-MATCH] Matched status 'In Progress' by name: In Progress -> c805a0e9-73fc-4726-a1ab-d28b9a36469e
[BANKING-MATCH] Found existing banking type 'ERP' -> d9a45733-9624-42c2-afcc-888ce998dbbe
📥 DOWNLOADING ISSUE-LEVEL ATTACHMENTS FOR ISP-1884
   Total files: 1 (2.69 MB)

   [1/1] 📥 Downloading: missingAsterskonAdd.mp4 (2.69 MB)
  Attempt 1/3: Downloading from https://craftsilicon.atlassian.net/rest/api/3/attachment/content/129365...
  Following redirect 1/6 to: https://api.media.atlassian.com/file/87558d43-2b0e-4b9a-a553-5eeb3794bfa3/binary?token=eyJhbGciOiJIUzI1NiJ9.eyJpc3MiOiJiN...
  Attempt 1/3: Downloading from https://api.media.atlassian.com/file/87558d43-2b0e-4b9a-a553-5eeb3794bfa3/binary?token=eyJhbGciOiJIUzI1NiJ9.eyJpc3MiOiJiN...
  ✅ Downloaded 2822025 bytes successfully
   ✅ Successfully attached: missingAsterskonAdd.mp4 (verified in storage)
  Attached missingAsterskonAdd.mp4 to defect ISP-1884 (service_exists=true)

📊 Attachment Summary for ISP-1884:
   ✅ Uploaded: 1
   ⏭️  Skipped: 0
   ❌ Failed: 0

[LABEL] Processing 2 label(s) for ISP-1884
[LABEL-MATCH] Found existing label 'New_ERP' (stored as 'new_erp') -> a9f0bd31-9bc0-4a7b-90fc-2ed53a305e8d
[LABEL-ATTACH] Successfully attached label 'new_erp' (ID: a9f0bd31-9bc0-4a7b-90fc-2ed53a305e8d) to ISP-1884
[LABEL-MATCH] Found existing label 'QA' (stored as 'qa') -> f66526ba-6a94-47b5-8239-f9fae5aa2248
[LABEL-ATTACH] Successfully attached label 'qa' (ID: f66526ba-6a94-47b5-8239-f9fae5aa2248) to ISP-1884
[LABEL] Completed processing labels for ISP-1884. Total attached: 2
[DESCRIPTION-VALIDATE] ISP-1884: new_len=114, existing_len=150
[DESCRIPTION-UPDATE] ISP-1884: Updated description (114 chars)
  Previous: <div class="trix-content">
  <p><strong>Repro Steps:</strong></p>
<p><strong>Actual Result</strong></...
  Updated: <p><strong>Repro Steps:</strong></p>
<p><strong>Actual Result</strong></p>
<p><strong>Expected Result...
Processing issue 88/439: ISP-1883
[DEBUG-LABELS] Total labels found for ISP-1883: 2
[USER-FALLBACK] Using default user for 'Kiriba Delphine' -> b3613172-fc54-4742-b2ba-c10b97d15bf4
[USER-MATCH] Matched 'Robert Mbugua Kanyoro' by email: robert.mbugua@craftsilicon.com -> fb1e0a05-f047-4e22-a52b-b9b1fe4b4358
[STATUS-MATCH] Matched status 'Awaiting Build' by name: Awaiting Build -> bf46baa0-8c97-4afe-a65a-a300e43d70e6
[BANKING-MATCH] Found existing banking type 'ERP' -> d9a45733-9624-42c2-afcc-888ce998dbbe
📥 DOWNLOADING ISSUE-LEVEL ATTACHMENTS FOR ISP-1883
   Total files: 3 (1.86 MB)

   [1/3] 📥 Downloading: image-20251201-124637.png (0.13 MB)
  Attempt 1/3: Downloading from https://craftsilicon.atlassian.net/rest/api/3/attachment/content/130221...
  Following redirect 1/6 to: https://api.media.atlassian.com/file/12fb9678-0174-4133-96a5-086fe7115e3f/binary?token=eyJhbGciOiJIUzI1NiJ9.eyJpc3MiOiJiN...
  Attempt 1/3: Downloading from https://api.media.atlassian.com/file/12fb9678-0174-4133-96a5-086fe7115e3f/binary?token=eyJhbGciOiJIUzI1NiJ9.eyJpc3MiOiJiN...
  ✅ Downloaded 139791 bytes successfully
   ✅ Successfully attached: image-20251201-124637.png (verified in storage)
  Attached image-20251201-124637.png to defect ISP-1883 (service_exists=true)
   [2/3] 📥 Downloading: image-20251201-124910.png (0.09 MB)
  Attempt 1/3: Downloading from https://craftsilicon.atlassian.net/rest/api/3/attachment/content/130220...
  Following redirect 1/6 to: https://api.media.atlassian.com/file/0ba096a2-ecba-42aa-bb42-5ed21b5d66a4/binary?token=eyJhbGciOiJIUzI1NiJ9.eyJpc3MiOiJiN...
  Attempt 1/3: Downloading from https://api.media.atlassian.com/file/0ba096a2-ecba-42aa-bb42-5ed21b5d66a4/binary?token=eyJhbGciOiJIUzI1NiJ9.eyJpc3MiOiJiN...
  ✅ Downloaded 94580 bytes successfully
   ✅ Successfully attached: image-20251201-124910.png (verified in storage)
  Attached image-20251201-124910.png to defect ISP-1883 (service_exists=true)
   [3/3] 📥 Downloading: systmdefaultBranch.mp4 (1.63 MB)
  Attempt 1/3: Downloading from https://craftsilicon.atlassian.net/rest/api/3/attachment/content/129363...
  Following redirect 1/6 to: https://api.media.atlassian.com/file/3bf3e277-d5d4-45b0-bbda-7f15c4ffd621/binary?token=eyJhbGciOiJIUzI1NiJ9.eyJpc3MiOiJiN...
  Attempt 1/3: Downloading from https://api.media.atlassian.com/file/3bf3e277-d5d4-45b0-bbda-7f15c4ffd621/binary?token=eyJhbGciOiJIUzI1NiJ9.eyJpc3MiOiJiN...
  ✅ Downloaded 1711595 bytes successfully
   ✅ Successfully attached: systmdefaultBranch.mp4 (verified in storage)
  Attached systmdefaultBranch.mp4 to defect ISP-1883 (service_exists=true)

📊 Attachment Summary for ISP-1883:
   ✅ Uploaded: 3
   ⏭️  Skipped: 0
   ❌ Failed: 0

[LABEL] Processing 2 label(s) for ISP-1883
[LABEL-MATCH] Found existing label 'New_ERP' (stored as 'new_erp') -> a9f0bd31-9bc0-4a7b-90fc-2ed53a305e8d
[LABEL-ATTACH] Successfully attached label 'new_erp' (ID: a9f0bd31-9bc0-4a7b-90fc-2ed53a305e8d) to ISP-1883
[LABEL-MATCH] Found existing label 'QA' (stored as 'qa') -> f66526ba-6a94-47b5-8239-f9fae5aa2248
[LABEL-ATTACH] Successfully attached label 'qa' (ID: f66526ba-6a94-47b5-8239-f9fae5aa2248) to ISP-1883
[LABEL] Completed processing labels for ISP-1883. Total attached: 2
[COMMENTS] Importing 1 comment(s) for ISP-1883...
[USER-MATCH] Matched 'Robert Mbugua Kanyoro' by email: robert.mbugua@craftsilicon.com -> fb1e0a05-f047-4e22-a52b-b9b1fe4b4358
[RICH-TEXT] Comment 1 contains: color
[IMPORT] Added rich text comment by Robert Mbugua Kanyoro to ISP-1883 (id=0d8e68ef-550e-40d4-bdf8-61c15cb1476e, length=82)
[DESCRIPTION-VALIDATE] ISP-1883: new_len=558, existing_len=594
[DESCRIPTION-UPDATE] ISP-1883: Updated description (558 chars)
  Previous: <div class="trix-content">
  <p><strong>Repro</strong><strong>Steps:</strong></p>
<p><strong>Actual R...
  Updated: <p><strong>Repro</strong><strong>Steps:</strong></p>
<p><strong>Actual Result</strong></p>
<p>The sys...
Processing issue 89/439: ISP-1882
[DEBUG-LABELS] Total labels found for ISP-1882: 2
[USER-MATCH] Matched 'archana.verma' by parsed first+last: archana verma -> 7b5370b5-abcd-4ad2-908b-1791ca40d9c9
[USER-MATCH] Matched 'Robert Mbugua Kanyoro' by email: robert.mbugua@craftsilicon.com -> fb1e0a05-f047-4e22-a52b-b9b1fe4b4358
[STATUS-MATCH] Matched status 'In Progress' by name: In Progress -> c805a0e9-73fc-4726-a1ab-d28b9a36469e
[BANKING-MATCH] Found existing banking type 'ERP' -> d9a45733-9624-42c2-afcc-888ce998dbbe
📥 DOWNLOADING ISSUE-LEVEL ATTACHMENTS FOR ISP-1882
   Total files: 1 (25.8 MB)

   [1/1] 📥 Downloading: ISP-1882, 1880-Consolidated Needs defects.mp4 (25.8 MB)
  Attempt 1/5: Downloading from https://craftsilicon.atlassian.net/rest/api/3/attachment/content/129361...
  Following redirect 1/6 to: https://api.media.atlassian.com/file/9f50898f-3aa2-4a62-a08c-4956488c41f4/binary?token=eyJhbGciOiJIUzI1NiJ9.eyJpc3MiOiJiN...
  Attempt 1/5: Downloading from https://api.media.atlassian.com/file/9f50898f-3aa2-4a62-a08c-4956488c41f4/binary?token=eyJhbGciOiJIUzI1NiJ9.eyJpc3MiOiJiN...
  📊 Downloaded 10.0/25.8 MB...
  📊 Downloaded 20.0/25.8 MB...
  ✅ Downloaded 27049351 bytes successfully
   ✅ Successfully attached: ISP-1882, 1880-Consolidated Needs defects.mp4 (verified in storage)
  Attached ISP-1882, 1880-Consolidated Needs defects.mp4 to defect ISP-1882 (service_exists=true)

📊 Attachment Summary for ISP-1882:
   ✅ Uploaded: 1
   ⏭️  Skipped: 0
   ❌ Failed: 0

[LABEL] Processing 2 label(s) for ISP-1882
[LABEL-MATCH] Found existing label 'New_ERP' (stored as 'new_erp') -> a9f0bd31-9bc0-4a7b-90fc-2ed53a305e8d
[LABEL-ATTACH] Successfully attached label 'new_erp' (ID: a9f0bd31-9bc0-4a7b-90fc-2ed53a305e8d) to ISP-1882
[LABEL-MATCH] Found existing label 'QA' (stored as 'qa') -> f66526ba-6a94-47b5-8239-f9fae5aa2248
[LABEL-ATTACH] Successfully attached label 'qa' (ID: f66526ba-6a94-47b5-8239-f9fae5aa2248) to ISP-1882
[LABEL] Completed processing labels for ISP-1882. Total attached: 2
[DESCRIPTION-VALIDATE] ISP-1882: new_len=501, existing_len=514
[DESCRIPTION-UPDATE] ISP-1882: Updated description (501 chars)
  Previous: <div class="trix-content">
  <p><strong>Actual Result</strong>-<span>Details are not displayed. Inste...
  Updated: <p><strong>Actual Result</strong>-<span style="color: #ff5630">Details are not displayed. Instead app...
Processing issue 90/439: ISP-1881
[DEBUG-LABELS] Total labels found for ISP-1881: 2
[USER-FALLBACK] Using default user for 'Kiriba Delphine' -> b3613172-fc54-4742-b2ba-c10b97d15bf4
[USER-MATCH] Matched 'Robert Mbugua Kanyoro' by email: robert.mbugua@craftsilicon.com -> fb1e0a05-f047-4e22-a52b-b9b1fe4b4358
[STATUS-MATCH] Matched status 'In Progress' by name: In Progress -> c805a0e9-73fc-4726-a1ab-d28b9a36469e
[BANKING-MATCH] Found existing banking type 'ERP' -> d9a45733-9624-42c2-afcc-888ce998dbbe
📥 DOWNLOADING ISSUE-LEVEL ATTACHMENTS FOR ISP-1881
   Total files: 1 (1.08 MB)

   [1/1] 📥 Downloading: approvingZroQntty.mp4 (1.08 MB)
  Attempt 1/3: Downloading from https://craftsilicon.atlassian.net/rest/api/3/attachment/content/129360...
  Following redirect 1/6 to: https://api.media.atlassian.com/file/3fb05a9b-c9da-459f-a290-bbe2e05d10a2/binary?token=eyJhbGciOiJIUzI1NiJ9.eyJpc3MiOiJiN...
  Attempt 1/3: Downloading from https://api.media.atlassian.com/file/3fb05a9b-c9da-459f-a290-bbe2e05d10a2/binary?token=eyJhbGciOiJIUzI1NiJ9.eyJpc3MiOiJiN...
  ✅ Downloaded 1130583 bytes successfully
   ✅ Successfully attached: approvingZroQntty.mp4 (verified in storage)
  Attached approvingZroQntty.mp4 to defect ISP-1881 (service_exists=true)

📊 Attachment Summary for ISP-1881:
   ✅ Uploaded: 1
   ⏭️  Skipped: 0
   ❌ Failed: 0

[LABEL] Processing 2 label(s) for ISP-1881
[LABEL-MATCH] Found existing label 'New_ERP' (stored as 'new_erp') -> a9f0bd31-9bc0-4a7b-90fc-2ed53a305e8d
[LABEL-ATTACH] Successfully attached label 'new_erp' (ID: a9f0bd31-9bc0-4a7b-90fc-2ed53a305e8d) to ISP-1881
[LABEL-MATCH] Found existing label 'QA' (stored as 'qa') -> f66526ba-6a94-47b5-8239-f9fae5aa2248
[LABEL-ATTACH] Successfully attached label 'qa' (ID: f66526ba-6a94-47b5-8239-f9fae5aa2248) to ISP-1881
[LABEL] Completed processing labels for ISP-1881. Total attached: 2
[DESCRIPTION-VALIDATE] ISP-1881: new_len=551, existing_len=597
[DESCRIPTION-UPDATE] ISP-1881: Updated description (551 chars)
  Previous: <div class="trix-content">
  <p><strong>Repro Steps:</strong></p>
<p><strong>Actual Result</strong></...
  Updated: <p><strong>Repro Steps:</strong></p>
<p><strong>Actual Result</strong></p>
<p>The system accepts <str...
Processing issue 91/439: ISP-1880
[DEBUG-LABELS] Total labels found for ISP-1880: 2
[USER-MATCH] Matched 'archana.verma' by parsed first+last: archana verma -> 7b5370b5-abcd-4ad2-908b-1791ca40d9c9
[USER-MATCH] Matched 'Robert Mbugua Kanyoro' by email: robert.mbugua@craftsilicon.com -> fb1e0a05-f047-4e22-a52b-b9b1fe4b4358
[STATUS-MATCH] Matched status 'In Progress' by name: In Progress -> c805a0e9-73fc-4726-a1ab-d28b9a36469e
[BANKING-MATCH] Found existing banking type 'ERP' -> d9a45733-9624-42c2-afcc-888ce998dbbe
📥 DOWNLOADING ISSUE-LEVEL ATTACHMENTS FOR ISP-1880
   Total files: 2 (25.8 MB)

   [1/2] 📥 Downloading: ISP-1880-consolidated_needs (5).xlsx (0.01 MB)
  Attempt 1/3: Downloading from https://craftsilicon.atlassian.net/rest/api/3/attachment/content/129357...
  Following redirect 1/6 to: https://api.media.atlassian.com/file/cb75c35d-4a32-4ff8-8fed-e729b27f6f52/binary?token=eyJhbGciOiJIUzI1NiJ9.eyJpc3MiOiJiN...
  Attempt 1/3: Downloading from https://api.media.atlassian.com/file/cb75c35d-4a32-4ff8-8fed-e729b27f6f52/binary?token=eyJhbGciOiJIUzI1NiJ9.eyJpc3MiOiJiN...
  ✅ Downloaded 8629 bytes successfully
   ✅ Successfully attached: ISP-1880-consolidated_needs (5).xlsx (verified in storage)
  Attached ISP-1880-consolidated_needs (5).xlsx to defect ISP-1880 (service_exists=true)
   [2/2] 📥 Downloading: ISP-1880-Consolidated Needs defects.mp4 (25.8 MB)
  Attempt 1/5: Downloading from https://craftsilicon.atlassian.net/rest/api/3/attachment/content/129358...
  Following redirect 1/6 to: https://api.media.atlassian.com/file/1cd64e92-5b70-4d6e-b6af-e1a4b49a65bb/binary?token=eyJhbGciOiJIUzI1NiJ9.eyJpc3MiOiJiN...
  Attempt 1/5: Downloading from https://api.media.atlassian.com/file/1cd64e92-5b70-4d6e-b6af-e1a4b49a65bb/binary?token=eyJhbGciOiJIUzI1NiJ9.eyJpc3MiOiJiN...
  📊 Downloaded 10.0/25.8 MB...
  📊 Downloaded 20.0/25.8 MB...
  ✅ Downloaded 27049351 bytes successfully
   ✅ Successfully attached: ISP-1880-Consolidated Needs defects.mp4 (verified in storage)
  Attached ISP-1880-Consolidated Needs defects.mp4 to defect ISP-1880 (service_exists=true)

📊 Attachment Summary for ISP-1880:
   ✅ Uploaded: 2
   ⏭️  Skipped: 0
   ❌ Failed: 0

[LABEL] Processing 2 label(s) for ISP-1880
[LABEL-MATCH] Found existing label 'New_ERP' (stored as 'new_erp') -> a9f0bd31-9bc0-4a7b-90fc-2ed53a305e8d
[LABEL-ATTACH] Successfully attached label 'new_erp' (ID: a9f0bd31-9bc0-4a7b-90fc-2ed53a305e8d) to ISP-1880
[LABEL-MATCH] Found existing label 'QA' (stored as 'qa') -> f66526ba-6a94-47b5-8239-f9fae5aa2248
[LABEL-ATTACH] Successfully attached label 'qa' (ID: f66526ba-6a94-47b5-8239-f9fae5aa2248) to ISP-1880
[LABEL] Completed processing labels for ISP-1880. Total attached: 2
[DESCRIPTION-VALIDATE] ISP-1880: new_len=251, existing_len=287
[DESCRIPTION-UPDATE] ISP-1880: Updated description (251 chars)
  Previous: <div class="trix-content">
  <p><strong>Actual Result</strong>-Important details like Serial #, Need ...
  Updated: <p><strong>Actual Result</strong>-Important details like Serial #, Need Id, Unit Cost and Raised By a...
Processing issue 92/439: ISP-1879
[DEBUG-LABELS] Total labels found for ISP-1879: 2
[USER-MATCH] Matched 'archana.verma' by parsed first+last: archana verma -> 7b5370b5-abcd-4ad2-908b-1791ca40d9c9
[USER-MATCH] Matched 'Robert Mbugua Kanyoro' by email: robert.mbugua@craftsilicon.com -> fb1e0a05-f047-4e22-a52b-b9b1fe4b4358
[STATUS-MATCH] Matched status 'In Progress' by name: In Progress -> c805a0e9-73fc-4726-a1ab-d28b9a36469e
[BANKING-MATCH] Found existing banking type 'ERP' -> d9a45733-9624-42c2-afcc-888ce998dbbe
📥 DOWNLOADING ISSUE-LEVEL ATTACHMENTS FOR ISP-1879
   Total files: 1 (25.05 MB)

   [1/1] 📥 Downloading: ISP-1879-Planned Quarter and Unit cost.mp4 (25.05 MB)
  Attempt 1/5: Downloading from https://craftsilicon.atlassian.net/rest/api/3/attachment/content/129272...
  Following redirect 1/6 to: https://api.media.atlassian.com/file/f635b874-87e5-463c-8718-fe157a547abd/binary?token=eyJhbGciOiJIUzI1NiJ9.eyJpc3MiOiJiN...
  Attempt 1/5: Downloading from https://api.media.atlassian.com/file/f635b874-87e5-463c-8718-fe157a547abd/binary?token=eyJhbGciOiJIUzI1NiJ9.eyJpc3MiOiJiN...
  📊 Downloaded 10.0/25.05 MB...
  📊 Downloaded 20.0/25.05 MB...
  ✅ Downloaded 26263459 bytes successfully
   ✅ Successfully attached: ISP-1879-Planned Quarter and Unit cost.mp4 (verified in storage)
  Attached ISP-1879-Planned Quarter and Unit cost.mp4 to defect ISP-1879 (service_exists=true)

📊 Attachment Summary for ISP-1879:
   ✅ Uploaded: 1
   ⏭️  Skipped: 0
   ❌ Failed: 0

[LABEL] Processing 2 label(s) for ISP-1879
[LABEL-MATCH] Found existing label 'New_ERP' (stored as 'new_erp') -> a9f0bd31-9bc0-4a7b-90fc-2ed53a305e8d
[LABEL-ATTACH] Successfully attached label 'new_erp' (ID: a9f0bd31-9bc0-4a7b-90fc-2ed53a305e8d) to ISP-1879
[LABEL-MATCH] Found existing label 'QA' (stored as 'qa') -> f66526ba-6a94-47b5-8239-f9fae5aa2248
[LABEL-ATTACH] Successfully attached label 'qa' (ID: f66526ba-6a94-47b5-8239-f9fae5aa2248) to ISP-1879
[LABEL] Completed processing labels for ISP-1879. Total attached: 2
[DESCRIPTION-VALIDATE] ISP-1879: new_len=114, existing_len=150
[DESCRIPTION-UPDATE] ISP-1879: Updated description (114 chars)
  Previous: <div class="trix-content">
  <p><strong>Actual Result</strong>-<strong>In the Edit mode</strong>, </p...
  Updated: <p><strong>Actual Result</strong>-<strong>In the Edit mode</strong>, </p>
<p><strong>Expected Result<...
Processing issue 93/439: ISP-1878
[DEBUG-LABELS] Total labels found for ISP-1878: 2
[USER-FALLBACK] Using default user for 'Kiriba Delphine' -> b3613172-fc54-4742-b2ba-c10b97d15bf4
[USER-MATCH] Matched 'Robert Mbugua Kanyoro' by email: robert.mbugua@craftsilicon.com -> fb1e0a05-f047-4e22-a52b-b9b1fe4b4358
[STATUS-MATCH] Matched status 'In Progress' by name: In Progress -> c805a0e9-73fc-4726-a1ab-d28b9a36469e
[BANKING-MATCH] Found existing banking type 'ERP' -> d9a45733-9624-42c2-afcc-888ce998dbbe
📥 DOWNLOADING ISSUE-LEVEL ATTACHMENTS FOR ISP-1878
   Total files: 1 (3.48 MB)

   [1/1] 📥 Downloading: editValidationError.mp4 (3.48 MB)
  Attempt 1/3: Downloading from https://craftsilicon.atlassian.net/rest/api/3/attachment/content/129268...
  Following redirect 1/6 to: https://api.media.atlassian.com/file/b679f4f3-1058-4192-bc46-08bb5dbff234/binary?token=eyJhbGciOiJIUzI1NiJ9.eyJpc3MiOiJiN...
  Attempt 1/3: Downloading from https://api.media.atlassian.com/file/b679f4f3-1058-4192-bc46-08bb5dbff234/binary?token=eyJhbGciOiJIUzI1NiJ9.eyJpc3MiOiJiN...
  ✅ Downloaded 3652234 bytes successfully
   ✅ Successfully attached: editValidationError.mp4 (verified in storage)
  Attached editValidationError.mp4 to defect ISP-1878 (service_exists=true)

📊 Attachment Summary for ISP-1878:
   ✅ Uploaded: 1
   ⏭️  Skipped: 0
   ❌ Failed: 0

[LABEL] Processing 2 label(s) for ISP-1878
[LABEL-MATCH] Found existing label 'New_ERP' (stored as 'new_erp') -> a9f0bd31-9bc0-4a7b-90fc-2ed53a305e8d
[LABEL-ATTACH] Successfully attached label 'new_erp' (ID: a9f0bd31-9bc0-4a7b-90fc-2ed53a305e8d) to ISP-1878
[LABEL-MATCH] Found existing label 'QA' (stored as 'qa') -> f66526ba-6a94-47b5-8239-f9fae5aa2248
[LABEL-ATTACH] Successfully attached label 'qa' (ID: f66526ba-6a94-47b5-8239-f9fae5aa2248) to ISP-1878
[LABEL] Completed processing labels for ISP-1878. Total attached: 2
[DESCRIPTION-VALIDATE] ISP-1878: new_len=77, existing_len=113
[DESCRIPTION-UPDATE] ISP-1878: Updated description (77 chars)
  Previous: <div class="trix-content">
  <p><strong>Repro Steps:</strong></p>
<p><strong>Expected Result:</strong...
Processing issue 94/439: ISP-1877
[DEBUG-LABELS] Total labels found for ISP-1877: 2
[USER-MATCH] Matched 'archana.verma' by parsed first+last: archana verma -> 7b5370b5-abcd-4ad2-908b-1791ca40d9c9
[USER-MATCH] Matched 'Robert Mbugua Kanyoro' by email: robert.mbugua@craftsilicon.com -> fb1e0a05-f047-4e22-a52b-b9b1fe4b4358
[STATUS-MATCH] Matched status 'In Progress' by name: In Progress -> c805a0e9-73fc-4726-a1ab-d28b9a36469e
[BANKING-MATCH] Found existing banking type 'ERP' -> d9a45733-9624-42c2-afcc-888ce998dbbe
📥 DOWNLOADING ISSUE-LEVEL ATTACHMENTS FOR ISP-1877
   Total files: 1 (27.53 MB)

   [1/1] 📥 Downloading: ISP-1877 and Retest ISP-1481-Pass and ISP-1482-Fail and ISP-1483-Pass-Purchase Order retests.mp4 (27.53 MB)
  Attempt 1/5: Downloading from https://craftsilicon.atlassian.net/rest/api/3/attachment/content/129251...
  Following redirect 1/6 to: https://api.media.atlassian.com/file/92298565-af7f-4df9-9b8f-45b126b8ccfa/binary?token=eyJhbGciOiJIUzI1NiJ9.eyJpc3MiOiJiN...
  Attempt 1/5: Downloading from https://api.media.atlassian.com/file/92298565-af7f-4df9-9b8f-45b126b8ccfa/binary?token=eyJhbGciOiJIUzI1NiJ9.eyJpc3MiOiJiN...
  📊 Downloaded 10.0/27.53 MB...
  📊 Downloaded 20.0/27.53 MB...
  ✅ Downloaded 28862973 bytes successfully
   ✅ Successfully attached: ISP-1877 and Retest ISP-1481-Pass and ISP-1482-Fail and ISP-1483-Pass-Purchase Order retests.mp4 (verified in storage)
  Attached ISP-1877 and Retest ISP-1481-Pass and ISP-1482-Fail and ISP-1483-Pass-Purchase Order retests.mp4 to defect ISP-1877 (service_exists=true)

📊 Attachment Summary for ISP-1877:
   ✅ Uploaded: 1
   ⏭️  Skipped: 0
   ❌ Failed: 0

[LABEL] Processing 2 label(s) for ISP-1877
[LABEL-MATCH] Found existing label 'New_ERP' (stored as 'new_erp') -> a9f0bd31-9bc0-4a7b-90fc-2ed53a305e8d
[LABEL-ATTACH] Successfully attached label 'new_erp' (ID: a9f0bd31-9bc0-4a7b-90fc-2ed53a305e8d) to ISP-1877
[LABEL-MATCH] Found existing label 'QA' (stored as 'qa') -> f66526ba-6a94-47b5-8239-f9fae5aa2248
[LABEL-ATTACH] Successfully attached label 'qa' (ID: f66526ba-6a94-47b5-8239-f9fae5aa2248) to ISP-1877
[LABEL] Completed processing labels for ISP-1877. Total attached: 2
[DESCRIPTION-VALIDATE] ISP-1877: new_len=79, existing_len=115
[DESCRIPTION-UPDATE] ISP-1877: Updated description (79 chars)
  Previous: <div class="trix-content">
  <p><strong>Actual Result-</strong></p>
<p><strong>Expected Result-</stro...
Processing issue 95/439: ISP-1876
[DEBUG-LABELS] Total labels found for ISP-1876: 2
[USER-FALLBACK] Using default user for 'Stephen Mungai' -> b3613172-fc54-4742-b2ba-c10b97d15bf4
[USER-MATCH] Matched 'Robert Mbugua Kanyoro' by email: robert.mbugua@craftsilicon.com -> fb1e0a05-f047-4e22-a52b-b9b1fe4b4358
[STATUS-MATCH] Matched status 'In Progress' by name: In Progress -> c805a0e9-73fc-4726-a1ab-d28b9a36469e
[BANKING-MATCH] Found existing banking type 'ERP' -> d9a45733-9624-42c2-afcc-888ce998dbbe
📥 DOWNLOADING ISSUE-LEVEL ATTACHMENTS FOR ISP-1876
   Total files: 1 (7.03 MB)

   [1/1] 📥 Downloading: Reply from User copied in Mail.mp4 (7.03 MB)
  Attempt 1/3: Downloading from https://craftsilicon.atlassian.net/rest/api/3/attachment/content/129189...
  Following redirect 1/6 to: https://api.media.atlassian.com/file/e952fc42-d02c-4e6e-bf3e-7b60690f32d1/binary?token=eyJhbGciOiJIUzI1NiJ9.eyJpc3MiOiJiN...
  Attempt 1/3: Downloading from https://api.media.atlassian.com/file/e952fc42-d02c-4e6e-bf3e-7b60690f32d1/binary?token=eyJhbGciOiJIUzI1NiJ9.eyJpc3MiOiJiN...
  ✅ Downloaded 7368615 bytes successfully
   ✅ Successfully attached: Reply from User copied in Mail.mp4 (verified in storage)
  Attached Reply from User copied in Mail.mp4 to defect ISP-1876 (service_exists=true)

📊 Attachment Summary for ISP-1876:
   ✅ Uploaded: 1
   ⏭️  Skipped: 0
   ❌ Failed: 0

[LABEL] Processing 2 label(s) for ISP-1876
[LABEL-MATCH] Found existing label 'New_ERP' (stored as 'new_erp') -> a9f0bd31-9bc0-4a7b-90fc-2ed53a305e8d
[LABEL-ATTACH] Successfully attached label 'new_erp' (ID: a9f0bd31-9bc0-4a7b-90fc-2ed53a305e8d) to ISP-1876
[LABEL-MATCH] Found existing label 'QA' (stored as 'qa') -> f66526ba-6a94-47b5-8239-f9fae5aa2248
[LABEL-ATTACH] Successfully attached label 'qa' (ID: f66526ba-6a94-47b5-8239-f9fae5aa2248) to ISP-1876
[LABEL] Completed processing labels for ISP-1876. Total attached: 2
[DESCRIPTION-VALIDATE] ISP-1876: new_len=78, existing_len=114
[DESCRIPTION-UPDATE] ISP-1876: Updated description (78 chars)
  Previous: <div class="trix-content">
  <p><strong>Repro Steps:</strong></p>
<p><strong>Expected Results:</stron...
Processing issue 96/439: ISP-1875
[DEBUG-LABELS] Total labels found for ISP-1875: 2
[USER-FALLBACK] Using default user for 'Stephen Mungai' -> b3613172-fc54-4742-b2ba-c10b97d15bf4
[USER-FALLBACK] Using default user for 'Stephen Mungai' -> b3613172-fc54-4742-b2ba-c10b97d15bf4
[STATUS-MATCH] Matched status 'Closed' by name: Closed -> 8c60b5b6-b9e9-405d-8d7d-d672cb9b23f1
[BANKING-MATCH] Found existing banking type 'ERP' -> d9a45733-9624-42c2-afcc-888ce998dbbe
📥 DOWNLOADING ISSUE-LEVEL ATTACHMENTS FOR ISP-1875
   Total files: 3 (30.29 MB)

   [1/3] 📥 Downloading: image-20251201-062719.png (0.02 MB)
  Attempt 1/3: Downloading from https://craftsilicon.atlassian.net/rest/api/3/attachment/content/130198...
  Following redirect 1/6 to: https://api.media.atlassian.com/file/4f584e8e-ab3b-46f8-aa8f-9fe40c2f1ceb/binary?token=eyJhbGciOiJIUzI1NiJ9.eyJpc3MiOiJiN...
  Attempt 1/3: Downloading from https://api.media.atlassian.com/file/4f584e8e-ab3b-46f8-aa8f-9fe40c2f1ceb/binary?token=eyJhbGciOiJIUzI1NiJ9.eyJpc3MiOiJiN...
  ✅ Downloaded 16923 bytes successfully
   ✅ Successfully attached: image-20251201-062719.png (verified in storage)
  Attached image-20251201-062719.png to defect ISP-1875 (service_exists=true)
   [2/3] 📥 Downloading: Retest ISP-1875 Failed.mp4 (22.53 MB)
  Attempt 1/5: Downloading from https://craftsilicon.atlassian.net/rest/api/3/attachment/content/130259...
  Following redirect 1/6 to: https://api.media.atlassian.com/file/8dff6f57-2435-4b39-9660-6bf9923ec05a/binary?token=eyJhbGciOiJIUzI1NiJ9.eyJpc3MiOiJiN...
  Attempt 1/5: Downloading from https://api.media.atlassian.com/file/8dff6f57-2435-4b39-9660-6bf9923ec05a/binary?token=eyJhbGciOiJIUzI1NiJ9.eyJpc3MiOiJiN...
  📊 Downloaded 10.0/22.53 MB...
  📊 Downloaded 20.0/22.53 MB...
  ✅ Downloaded 23620091 bytes successfully
   ✅ Successfully attached: Retest ISP-1875 Failed.mp4 (verified in storage)
  Attached Retest ISP-1875 Failed.mp4 to defect ISP-1875 (service_exists=true)
   [3/3] 📥 Downloading: Retest ISP-1875 Pass.mp4 (7.75 MB)
  Attempt 1/3: Downloading from https://craftsilicon.atlassian.net/rest/api/3/attachment/content/130278...
  Following redirect 1/6 to: https://api.media.atlassian.com/file/743e732b-d991-4840-b81e-4845e19d3c19/binary?token=eyJhbGciOiJIUzI1NiJ9.eyJpc3MiOiJiN...
  Attempt 1/3: Downloading from https://api.media.atlassian.com/file/743e732b-d991-4840-b81e-4845e19d3c19/binary?token=eyJhbGciOiJIUzI1NiJ9.eyJpc3MiOiJiN...
  ✅ Downloaded 8123778 bytes successfully
   ✅ Successfully attached: Retest ISP-1875 Pass.mp4 (verified in storage)
  Attached Retest ISP-1875 Pass.mp4 to defect ISP-1875 (service_exists=true)

📊 Attachment Summary for ISP-1875:
   ✅ Uploaded: 3
   ⏭️  Skipped: 0
   ❌ Failed: 0

[LABEL] Processing 2 label(s) for ISP-1875
[LABEL-MATCH] Found existing label 'New_ERP' (stored as 'new_erp') -> a9f0bd31-9bc0-4a7b-90fc-2ed53a305e8d
[LABEL-ATTACH] Successfully attached label 'new_erp' (ID: a9f0bd31-9bc0-4a7b-90fc-2ed53a305e8d) to ISP-1875
[LABEL-MATCH] Found existing label 'QA' (stored as 'qa') -> f66526ba-6a94-47b5-8239-f9fae5aa2248
[LABEL-ATTACH] Successfully attached label 'qa' (ID: f66526ba-6a94-47b5-8239-f9fae5aa2248) to ISP-1875
[LABEL] Completed processing labels for ISP-1875. Total attached: 2
[COMMENTS] Importing 4 comment(s) for ISP-1875...
[USER-MATCH] Matched 'Robert Mbugua Kanyoro' by email: robert.mbugua@craftsilicon.com -> fb1e0a05-f047-4e22-a52b-b9b1fe4b4358
[IMPORT] Added rich text comment by Robert Mbugua Kanyoro to ISP-1875 (id=ccc9a31a-9bc2-42b8-9a1e-cc202307e974, length=26)
[USER-FALLBACK] Using default user for 'Stephen Mungai' -> b3613172-fc54-4742-b2ba-c10b97d15bf4
[IMPORT] Added rich text comment by Stephen Mungai to ISP-1875 (id=5779c9c7-0bcc-41cb-8f03-57d266dc9e8f, length=402)
[USER-MATCH] Matched 'Robert Mbugua Kanyoro' by email: robert.mbugua@craftsilicon.com -> fb1e0a05-f047-4e22-a52b-b9b1fe4b4358
[IMPORT] Added rich text comment by Robert Mbugua Kanyoro to ISP-1875 (id=f6d9342b-078b-481f-a5e4-18e3af28b81e, length=172)
[USER-FALLBACK] Using default user for 'Stephen Mungai' -> b3613172-fc54-4742-b2ba-c10b97d15bf4
[IMPORT] Added rich text comment by Stephen Mungai to ISP-1875 (id=bf487774-4eb3-413b-8369-e8acc1ee28fc, length=574)
[DESCRIPTION-VALIDATE] ISP-1875: new_len=117, existing_len=153
[DESCRIPTION-UPDATE] ISP-1875: Updated description (117 chars)
  Previous: <div class="trix-content">
  <p><strong>Repro Steps:</strong></p>
<p><strong>Actual Results</strong><...
  Updated: <p><strong>Repro Steps:</strong></p>
<p><strong>Actual Results</strong></p>
<p><strong>Expected Resul...
Processing issue 97/439: ISP-1874
[DEBUG-LABELS] Total labels found for ISP-1874: 2
[USER-FALLBACK] Using default user for 'Stephen Mungai' -> b3613172-fc54-4742-b2ba-c10b97d15bf4
[USER-MATCH] Matched 'Robert Mbugua Kanyoro' by email: robert.mbugua@craftsilicon.com -> fb1e0a05-f047-4e22-a52b-b9b1fe4b4358
[STATUS-MATCH] Matched status 'In Progress' by name: In Progress -> c805a0e9-73fc-4726-a1ab-d28b9a36469e
[BANKING-MATCH] Found existing banking type 'ERP' -> d9a45733-9624-42c2-afcc-888ce998dbbe
📥 DOWNLOADING ISSUE-LEVEL ATTACHMENTS FOR ISP-1874
   Total files: 1 (3.75 MB)

   [1/1] 📥 Downloading: Marketing Plan Marketing Officer cannot Create View or Approve marketing Plans.mp4 (3.75 MB)
  Attempt 1/3: Downloading from https://craftsilicon.atlassian.net/rest/api/3/attachment/content/129185...
  Following redirect 1/6 to: https://api.media.atlassian.com/file/7feab1c2-3837-4b7a-a513-686d0339d01e/binary?token=eyJhbGciOiJIUzI1NiJ9.eyJpc3MiOiJiN...
  Attempt 1/3: Downloading from https://api.media.atlassian.com/file/7feab1c2-3837-4b7a-a513-686d0339d01e/binary?token=eyJhbGciOiJIUzI1NiJ9.eyJpc3MiOiJiN...
  ✅ Downloaded 3931238 bytes successfully
   ✅ Successfully attached: Marketing Plan Marketing Officer cannot Create View or Approve marketing Plans.mp4 (verified in storage)
  Attached Marketing Plan Marketing Officer cannot Create View or Approve marketing Plans.mp4 to defect ISP-1874 (service_exists=true)

📊 Attachment Summary for ISP-1874:
   ✅ Uploaded: 1
   ⏭️  Skipped: 0
   ❌ Failed: 0

[LABEL] Processing 2 label(s) for ISP-1874
[LABEL-MATCH] Found existing label 'New_ERP' (stored as 'new_erp') -> a9f0bd31-9bc0-4a7b-90fc-2ed53a305e8d
[LABEL-ATTACH] Successfully attached label 'new_erp' (ID: a9f0bd31-9bc0-4a7b-90fc-2ed53a305e8d) to ISP-1874
[LABEL-MATCH] Found existing label 'QA' (stored as 'qa') -> f66526ba-6a94-47b5-8239-f9fae5aa2248
[LABEL-ATTACH] Successfully attached label 'qa' (ID: f66526ba-6a94-47b5-8239-f9fae5aa2248) to ISP-1874
[LABEL] Completed processing labels for ISP-1874. Total attached: 2
[DESCRIPTION-VALIDATE] ISP-1874: new_len=192, existing_len=228
[DESCRIPTION-UPDATE] ISP-1874: Updated description (192 chars)
  Previous: <div class="trix-content">
  <p><strong>Repro Steps</strong></p>
<p><strong>Actual Results</strong></...
  Updated: <p><strong>Repro Steps</strong></p>
<p><strong>Actual Results</strong></p>
<p><strong>Expected Result...
Processing issue 98/439: ISP-1873
[DEBUG-LABELS] Total labels found for ISP-1873: 2
[USER-FALLBACK] Using default user for 'Stephen Mungai' -> b3613172-fc54-4742-b2ba-c10b97d15bf4
[USER-MATCH] Matched 'Robert Mbugua Kanyoro' by email: robert.mbugua@craftsilicon.com -> fb1e0a05-f047-4e22-a52b-b9b1fe4b4358
[STATUS-MATCH] Matched status 'In Progress' by name: In Progress -> c805a0e9-73fc-4726-a1ab-d28b9a36469e
[BANKING-MATCH] Found existing banking type 'ERP' -> d9a45733-9624-42c2-afcc-888ce998dbbe
📥 DOWNLOADING ISSUE-LEVEL ATTACHMENTS FOR ISP-1873
   Total files: 1 (0.79 MB)

   [1/1] 📥 Downloading: Comments-Social Media -X & FB.mp4 (0.79 MB)
  Attempt 1/3: Downloading from https://craftsilicon.atlassian.net/rest/api/3/attachment/content/129183...
  Following redirect 1/6 to: https://api.media.atlassian.com/file/18230e74-2562-4ffd-9f0a-3f1b1e79679c/binary?token=eyJhbGciOiJIUzI1NiJ9.eyJpc3MiOiJiN...
  Attempt 1/3: Downloading from https://api.media.atlassian.com/file/18230e74-2562-4ffd-9f0a-3f1b1e79679c/binary?token=eyJhbGciOiJIUzI1NiJ9.eyJpc3MiOiJiN...
  ✅ Downloaded 833068 bytes successfully
   ✅ Successfully attached: Comments-Social Media -X & FB.mp4 (verified in storage)
  Attached Comments-Social Media -X & FB.mp4 to defect ISP-1873 (service_exists=true)

📊 Attachment Summary for ISP-1873:
   ✅ Uploaded: 1
   ⏭️  Skipped: 0
   ❌ Failed: 0

[LABEL] Processing 2 label(s) for ISP-1873
[LABEL-MATCH] Found existing label 'New_ERP' (stored as 'new_erp') -> a9f0bd31-9bc0-4a7b-90fc-2ed53a305e8d
[LABEL-ATTACH] Successfully attached label 'new_erp' (ID: a9f0bd31-9bc0-4a7b-90fc-2ed53a305e8d) to ISP-1873
[LABEL-MATCH] Found existing label 'QA' (stored as 'qa') -> f66526ba-6a94-47b5-8239-f9fae5aa2248
[LABEL-ATTACH] Successfully attached label 'qa' (ID: f66526ba-6a94-47b5-8239-f9fae5aa2248) to ISP-1873
[LABEL] Completed processing labels for ISP-1873. Total attached: 2
[DESCRIPTION-VALIDATE] ISP-1873: new_len=530, existing_len=566
[DESCRIPTION-UPDATE] ISP-1873: Updated description (530 chars)
  Previous: <div class="trix-content">
  <p><strong>Repro Steps:</strong></p>
<p><strong>Actual Results:</strong>...
  Updated: <p><strong>Repro Steps:</strong></p>
<p><strong>Actual Results:</strong><br>The Published Posts tab d...
Processing issue 99/439: ISP-1872
[DEBUG-LABELS] Total labels found for ISP-1872: 2
[USER-MATCH] Matched 'archana.verma' by parsed first+last: archana verma -> 7b5370b5-abcd-4ad2-908b-1791ca40d9c9
[USER-MATCH] Matched 'Robert Mbugua Kanyoro' by email: robert.mbugua@craftsilicon.com -> fb1e0a05-f047-4e22-a52b-b9b1fe4b4358
[STATUS-MATCH] Matched status 'In Progress' by name: In Progress -> c805a0e9-73fc-4726-a1ab-d28b9a36469e
[BANKING-MATCH] Found existing banking type 'ERP' -> d9a45733-9624-42c2-afcc-888ce998dbbe
📥 DOWNLOADING ISSUE-LEVEL ATTACHMENTS FOR ISP-1872
   Total files: 1 (2.55 MB)

   [1/1] 📥 Downloading: ISP-1872-Reject PO.mp4 (2.55 MB)
  Attempt 1/3: Downloading from https://craftsilicon.atlassian.net/rest/api/3/attachment/content/129145...
  Following redirect 1/6 to: https://api.media.atlassian.com/file/aec34b3c-61d7-452b-a31e-e9f485cd8679/binary?token=eyJhbGciOiJIUzI1NiJ9.eyJpc3MiOiJiN...
  Attempt 1/3: Downloading from https://api.media.atlassian.com/file/aec34b3c-61d7-452b-a31e-e9f485cd8679/binary?token=eyJhbGciOiJIUzI1NiJ9.eyJpc3MiOiJiN...
  ✅ Downloaded 2676956 bytes successfully
   ✅ Successfully attached: ISP-1872-Reject PO.mp4 (verified in storage)
  Attached ISP-1872-Reject PO.mp4 to defect ISP-1872 (service_exists=true)

📊 Attachment Summary for ISP-1872:
   ✅ Uploaded: 1
   ⏭️  Skipped: 0
   ❌ Failed: 0

[LABEL] Processing 2 label(s) for ISP-1872
[LABEL-MATCH] Found existing label 'New_ERP' (stored as 'new_erp') -> a9f0bd31-9bc0-4a7b-90fc-2ed53a305e8d
[LABEL-ATTACH] Successfully attached label 'new_erp' (ID: a9f0bd31-9bc0-4a7b-90fc-2ed53a305e8d) to ISP-1872
[LABEL-MATCH] Found existing label 'QA' (stored as 'qa') -> f66526ba-6a94-47b5-8239-f9fae5aa2248
[LABEL-ATTACH] Successfully attached label 'qa' (ID: f66526ba-6a94-47b5-8239-f9fae5aa2248) to ISP-1872
[LABEL] Completed processing labels for ISP-1872. Total attached: 2
[DESCRIPTION-VALIDATE] ISP-1872: new_len=330, existing_len=343
[DESCRIPTION-UPDATE] ISP-1872: Updated description (330 chars)
  Previous: <div class="trix-content">
  <p><strong>Actual Result-</strong><span>Only View and Approve buttons ar...
  Updated: <p><strong>Actual Result-</strong><span style="color: #ff5630">Only View and Approve buttons are avai...
Processing issue 100/439: ISP-1871
[DEBUG-LABELS] Total labels found for ISP-1871: 2
[USER-MATCH] Matched 'archana.verma' by parsed first+last: archana verma -> 7b5370b5-abcd-4ad2-908b-1791ca40d9c9
[USER-MATCH] Matched 'Robert Mbugua Kanyoro' by email: robert.mbugua@craftsilicon.com -> fb1e0a05-f047-4e22-a52b-b9b1fe4b4358
[STATUS-MATCH] Matched status 'Awaiting Build' by name: Awaiting Build -> bf46baa0-8c97-4afe-a65a-a300e43d70e6
[BANKING-MATCH] Found existing banking type 'ERP' -> d9a45733-9624-42c2-afcc-888ce998dbbe
📥 DOWNLOADING ISSUE-LEVEL ATTACHMENTS FOR ISP-1871
   Total files: 2 (15.98 MB)

   [1/2] 📥 Downloading: image-20251119-054132.png (0.07 MB)
  Attempt 1/3: Downloading from https://craftsilicon.atlassian.net/rest/api/3/attachment/content/129222...
  Following redirect 1/6 to: https://api.media.atlassian.com/file/bfff335e-9b20-42af-945b-aeb363aacda6/binary?token=eyJhbGciOiJIUzI1NiJ9.eyJpc3MiOiJiN...
  Attempt 1/3: Downloading from https://api.media.atlassian.com/file/bfff335e-9b20-42af-945b-aeb363aacda6/binary?token=eyJhbGciOiJIUzI1NiJ9.eyJpc3MiOiJiN...
  ✅ Downloaded 76073 bytes successfully
   ✅ Successfully attached: image-20251119-054132.png (verified in storage)
  Attached image-20251119-054132.png to defect ISP-1871 (service_exists=true)
   [2/2] 📥 Downloading: ISP-1871-LPO-Part 2.mp4 (15.91 MB)
  Attempt 1/3: Downloading from https://craftsilicon.atlassian.net/rest/api/3/attachment/content/129144...
  Following redirect 1/6 to: https://api.media.atlassian.com/file/25579d2e-fbc0-4405-849c-dfe26ef46d2b/binary?token=eyJhbGciOiJIUzI1NiJ9.eyJpc3MiOiJiN...
  Attempt 1/3: Downloading from https://api.media.atlassian.com/file/25579d2e-fbc0-4405-849c-dfe26ef46d2b/binary?token=eyJhbGciOiJIUzI1NiJ9.eyJpc3MiOiJiN...
  📊 Downloaded 10.0/15.91 MB...
  ✅ Downloaded 16683380 bytes successfully
   ✅ Successfully attached: ISP-1871-LPO-Part 2.mp4 (verified in storage)
  Attached ISP-1871-LPO-Part 2.mp4 to defect ISP-1871 (service_exists=true)

📊 Attachment Summary for ISP-1871:
   ✅ Uploaded: 2
   ⏭️  Skipped: 0
   ❌ Failed: 0

[LABEL] Processing 2 label(s) for ISP-1871
[LABEL-MATCH] Found existing label 'New_ERP' (stored as 'new_erp') -> a9f0bd31-9bc0-4a7b-90fc-2ed53a305e8d
[LABEL-ATTACH] Successfully attached label 'new_erp' (ID: a9f0bd31-9bc0-4a7b-90fc-2ed53a305e8d) to ISP-1871
[LABEL-MATCH] Found existing label 'QA' (stored as 'qa') -> f66526ba-6a94-47b5-8239-f9fae5aa2248
[LABEL-ATTACH] Successfully attached label 'qa' (ID: f66526ba-6a94-47b5-8239-f9fae5aa2248) to ISP-1871
[LABEL] Completed processing labels for ISP-1871. Total attached: 2
[COMMENTS] Importing 1 comment(s) for ISP-1871...
[USER-MATCH] Matched 'Robert Mbugua Kanyoro' by email: robert.mbugua@craftsilicon.com -> fb1e0a05-f047-4e22-a52b-b9b1fe4b4358
[IMPORT] Added rich text comment by Robert Mbugua Kanyoro to ISP-1871 (id=4ce30550-91c5-46ea-adbf-56512ea0b4d7, length=36)
[DESCRIPTION-VALIDATE] ISP-1871: new_len=573, existing_len=586
[DESCRIPTION-UPDATE] ISP-1871: Updated description (573 chars)
  Previous: <div class="trix-content">
  <p><strong>Actual Result-</strong><span>On the purchase order listing, A...
  Updated: <p><strong>Actual Result-</strong><span style="color: #ff5630">On the purchase order listing, Approve...
Processing issue 101/439: ISP-1870
[DEBUG-LABELS] Total labels found for ISP-1870: 2
[USER-MATCH] Matched 'archana.verma' by parsed first+last: archana verma -> 7b5370b5-abcd-4ad2-908b-1791ca40d9c9
[USER-MATCH] Matched 'Robert Mbugua Kanyoro' by email: robert.mbugua@craftsilicon.com -> fb1e0a05-f047-4e22-a52b-b9b1fe4b4358
[STATUS-MATCH] Matched status 'In Progress' by name: In Progress -> c805a0e9-73fc-4726-a1ab-d28b9a36469e
[BANKING-MATCH] Found existing banking type 'ERP' -> d9a45733-9624-42c2-afcc-888ce998dbbe
📥 DOWNLOADING ISSUE-LEVEL ATTACHMENTS FOR ISP-1870
   Total files: 1 (33.22 MB)

   [1/1] 📥 Downloading: ISP-1870, 1869, 1868-Creation of PO, 1867,1866,1865-LPO.mp4 (33.22 MB)
  Attempt 1/5: Downloading from https://craftsilicon.atlassian.net/rest/api/3/attachment/content/129143...
  Following redirect 1/6 to: https://api.media.atlassian.com/file/21c1492b-e731-4a61-89d5-a8e0441b6f2c/binary?token=eyJhbGciOiJIUzI1NiJ9.eyJpc3MiOiJiN...
  Attempt 1/5: Downloading from https://api.media.atlassian.com/file/21c1492b-e731-4a61-89d5-a8e0441b6f2c/binary?token=eyJhbGciOiJIUzI1NiJ9.eyJpc3MiOiJiN...
  📊 Downloaded 10.0/33.22 MB...
  📊 Downloaded 20.0/33.22 MB...
  📊 Downloaded 30.0/33.22 MB...
  ✅ Downloaded 34835835 bytes successfully
   ✅ Successfully attached: ISP-1870, 1869, 1868-Creation of PO, 1867,1866,1865-LPO.mp4 (verified in storage)
  Attached ISP-1870, 1869, 1868-Creation of PO, 1867,1866,1865-LPO.mp4 to defect ISP-1870 (service_exists=true)

📊 Attachment Summary for ISP-1870:
   ✅ Uploaded: 1
   ⏭️  Skipped: 0
   ❌ Failed: 0

[LABEL] Processing 2 label(s) for ISP-1870
[LABEL-MATCH] Found existing label 'New_ERP' (stored as 'new_erp') -> a9f0bd31-9bc0-4a7b-90fc-2ed53a305e8d
[LABEL-ATTACH] Successfully attached label 'new_erp' (ID: a9f0bd31-9bc0-4a7b-90fc-2ed53a305e8d) to ISP-1870
[LABEL-MATCH] Found existing label 'QA' (stored as 'qa') -> f66526ba-6a94-47b5-8239-f9fae5aa2248
[LABEL-ATTACH] Successfully attached label 'qa' (ID: f66526ba-6a94-47b5-8239-f9fae5aa2248) to ISP-1870
[LABEL] Completed processing labels for ISP-1870. Total attached: 2
[DESCRIPTION-VALIDATE] ISP-1870: new_len=137, existing_len=173
[DESCRIPTION-UPDATE] ISP-1870: Updated description (137 chars)
  Previous: <div class="trix-content">
  <p><strong>Actual Result-</strong>On the Purchase Order details</p>
<p><...
  Updated: <p><strong>Actual Result-</strong>On the Purchase Order details</p>
<p><strong>Expected Result-</stro...
Processing issue 102/439: ISP-1869
[DEBUG-LABELS] Total labels found for ISP-1869: 2
[USER-MATCH] Matched 'archana.verma' by parsed first+last: archana verma -> 7b5370b5-abcd-4ad2-908b-1791ca40d9c9
[USER-MATCH] Matched 'Robert Mbugua Kanyoro' by email: robert.mbugua@craftsilicon.com -> fb1e0a05-f047-4e22-a52b-b9b1fe4b4358
[STATUS-MATCH] Matched status 'Awaiting Build' by name: Awaiting Build -> bf46baa0-8c97-4afe-a65a-a300e43d70e6
[BANKING-MATCH] Found existing banking type 'ERP' -> d9a45733-9624-42c2-afcc-888ce998dbbe
📥 DOWNLOADING ISSUE-LEVEL ATTACHMENTS FOR ISP-1869
   Total files: 2 (33.3 MB)

   [1/2] 📥 Downloading: image-20251119-072552.png (0.08 MB)
  Attempt 1/3: Downloading from https://craftsilicon.atlassian.net/rest/api/3/attachment/content/129229...
  Following redirect 1/6 to: https://api.media.atlassian.com/file/d54491aa-e6ed-47ad-ad46-a466e8fccb7a/binary?token=eyJhbGciOiJIUzI1NiJ9.eyJpc3MiOiJiN...
  Attempt 1/3: Downloading from https://api.media.atlassian.com/file/d54491aa-e6ed-47ad-ad46-a466e8fccb7a/binary?token=eyJhbGciOiJIUzI1NiJ9.eyJpc3MiOiJiN...
  ✅ Downloaded 85686 bytes successfully
   ✅ Successfully attached: image-20251119-072552.png (verified in storage)
  Attached image-20251119-072552.png to defect ISP-1869 (service_exists=true)
   [2/2] 📥 Downloading: ISP-1869, 1868-Creation of PO, 1867,1866,1865-LPO.mp4 (33.22 MB)
  Attempt 1/5: Downloading from https://craftsilicon.atlassian.net/rest/api/3/attachment/content/129142...
  Following redirect 1/6 to: https://api.media.atlassian.com/file/13cb3631-4b2d-4ed6-8d70-85ecd53105a7/binary?token=eyJhbGciOiJIUzI1NiJ9.eyJpc3MiOiJiN...
  Attempt 1/5: Downloading from https://api.media.atlassian.com/file/13cb3631-4b2d-4ed6-8d70-85ecd53105a7/binary?token=eyJhbGciOiJIUzI1NiJ9.eyJpc3MiOiJiN...
  📊 Downloaded 10.0/33.22 MB...
  📊 Downloaded 20.0/33.22 MB...
  📊 Downloaded 30.0/33.22 MB...
  ✅ Downloaded 34835835 bytes successfully
   ✅ Successfully attached: ISP-1869, 1868-Creation of PO, 1867,1866,1865-LPO.mp4 (verified in storage)
  Attached ISP-1869, 1868-Creation of PO, 1867,1866,1865-LPO.mp4 to defect ISP-1869 (service_exists=true)

📊 Attachment Summary for ISP-1869:
   ✅ Uploaded: 2
   ⏭️  Skipped: 0
   ❌ Failed: 0

[LABEL] Processing 2 label(s) for ISP-1869
[LABEL-MATCH] Found existing label 'New_ERP' (stored as 'new_erp') -> a9f0bd31-9bc0-4a7b-90fc-2ed53a305e8d
[LABEL-ATTACH] Successfully attached label 'new_erp' (ID: a9f0bd31-9bc0-4a7b-90fc-2ed53a305e8d) to ISP-1869
[LABEL-MATCH] Found existing label 'QA' (stored as 'qa') -> f66526ba-6a94-47b5-8239-f9fae5aa2248
[LABEL-ATTACH] Successfully attached label 'qa' (ID: f66526ba-6a94-47b5-8239-f9fae5aa2248) to ISP-1869
[LABEL] Completed processing labels for ISP-1869. Total attached: 2
[COMMENTS] Importing 1 comment(s) for ISP-1869...
[USER-MATCH] Matched 'Robert Mbugua Kanyoro' by email: robert.mbugua@craftsilicon.com -> fb1e0a05-f047-4e22-a52b-b9b1fe4b4358
[IMPORT] Added rich text comment by Robert Mbugua Kanyoro to ISP-1869 (id=8a3ae335-357c-4142-902c-62561ff1c796, length=103)
[DESCRIPTION-VALIDATE] ISP-1869: new_len=333, existing_len=346
[DESCRIPTION-UPDATE] ISP-1869: Updated description (333 chars)
  Previous: <div class="trix-content">
  <p><strong>Actual Result-</strong><span>Branch value is getting truncate...
  Updated: <p><strong>Actual Result-</strong><span style="color: #ff5630">Branch value is getting truncated. Its...
Processing issue 103/439: ISP-1868
[DEBUG-LABELS] Total labels found for ISP-1868: 2
[USER-MATCH] Matched 'archana.verma' by parsed first+last: archana verma -> 7b5370b5-abcd-4ad2-908b-1791ca40d9c9
[USER-MATCH] Matched 'Robert Mbugua Kanyoro' by email: robert.mbugua@craftsilicon.com -> fb1e0a05-f047-4e22-a52b-b9b1fe4b4358
[STATUS-MATCH] Matched status 'In Progress' by name: In Progress -> c805a0e9-73fc-4726-a1ab-d28b9a36469e
[BANKING-MATCH] Found existing banking type 'ERP' -> d9a45733-9624-42c2-afcc-888ce998dbbe
📥 DOWNLOADING ISSUE-LEVEL ATTACHMENTS FOR ISP-1868
   Total files: 2 (38.23 MB)

   [1/2] 📥 Downloading: ISP-1868-Creation of PO, 1867,1866,1865-LPO.mp4 (33.22 MB)
  Attempt 1/5: Downloading from https://craftsilicon.atlassian.net/rest/api/3/attachment/content/129109...
  Following redirect 1/6 to: https://api.media.atlassian.com/file/10d2648a-da4c-4faf-9161-e31494087023/binary?token=eyJhbGciOiJIUzI1NiJ9.eyJpc3MiOiJiN...
  Attempt 1/5: Downloading from https://api.media.atlassian.com/file/10d2648a-da4c-4faf-9161-e31494087023/binary?token=eyJhbGciOiJIUzI1NiJ9.eyJpc3MiOiJiN...
  📊 Downloaded 10.0/33.22 MB...
  📊 Downloaded 20.0/33.22 MB...
  📊 Downloaded 30.0/33.22 MB...
  ✅ Downloaded 34835835 bytes successfully
   ✅ Successfully attached: ISP-1868-Creation of PO, 1867,1866,1865-LPO.mp4 (verified in storage)
  Attached ISP-1868-Creation of PO, 1867,1866,1865-LPO.mp4 to defect ISP-1868 (service_exists=true)
   [2/2] 📥 Downloading: ISP-1868-Payment Terms on both the screens.mp4 (5.0 MB)
  Attempt 1/3: Downloading from https://craftsilicon.atlassian.net/rest/api/3/attachment/content/129108...
  Following redirect 1/6 to: https://api.media.atlassian.com/file/ecb089a5-1b3b-4e76-aa7d-8b7e118db4d6/binary?token=eyJhbGciOiJIUzI1NiJ9.eyJpc3MiOiJiN...
  Attempt 1/3: Downloading from https://api.media.atlassian.com/file/ecb089a5-1b3b-4e76-aa7d-8b7e118db4d6/binary?token=eyJhbGciOiJIUzI1NiJ9.eyJpc3MiOiJiN...
  ✅ Downloaded 5245987 bytes successfully
   ✅ Successfully attached: ISP-1868-Payment Terms on both the screens.mp4 (verified in storage)
  Attached ISP-1868-Payment Terms on both the screens.mp4 to defect ISP-1868 (service_exists=true)

📊 Attachment Summary for ISP-1868:
   ✅ Uploaded: 2
   ⏭️  Skipped: 0
   ❌ Failed: 0

[LABEL] Processing 2 label(s) for ISP-1868
[LABEL-MATCH] Found existing label 'New_ERP' (stored as 'new_erp') -> a9f0bd31-9bc0-4a7b-90fc-2ed53a305e8d
[LABEL-ATTACH] Successfully attached label 'new_erp' (ID: a9f0bd31-9bc0-4a7b-90fc-2ed53a305e8d) to ISP-1868
[LABEL-MATCH] Found existing label 'QA' (stored as 'qa') -> f66526ba-6a94-47b5-8239-f9fae5aa2248
[LABEL-ATTACH] Successfully attached label 'qa' (ID: f66526ba-6a94-47b5-8239-f9fae5aa2248) to ISP-1868
[LABEL] Completed processing labels for ISP-1868. Total attached: 2
[DESCRIPTION-VALIDATE] ISP-1868: new_len=605, existing_len=572
[DESCRIPTION-UPDATE] ISP-1868: Updated description (605 chars)
  Previous: <div class="trix-content">
  <p><strong>Actual Result-</strong><span>On the Approve Purchase Order sc...
  Updated: <p><strong>Actual Result-</strong><span style="color: #ff5630">On the Approve Purchase Order screen, ...
Processing issue 104/439: ISP-1867
[DEBUG-LABELS] Total labels found for ISP-1867: 2
[USER-MATCH] Matched 'archana.verma' by parsed first+last: archana verma -> 7b5370b5-abcd-4ad2-908b-1791ca40d9c9
[USER-MATCH] Matched 'Robert Mbugua Kanyoro' by email: robert.mbugua@craftsilicon.com -> fb1e0a05-f047-4e22-a52b-b9b1fe4b4358
[STATUS-MATCH] Matched status 'Awaiting Build' by name: Awaiting Build -> bf46baa0-8c97-4afe-a65a-a300e43d70e6
[BANKING-MATCH] Found existing banking type 'ERP' -> d9a45733-9624-42c2-afcc-888ce998dbbe
📥 DOWNLOADING ISSUE-LEVEL ATTACHMENTS FOR ISP-1867
   Total files: 1 (33.22 MB)

   [1/1] 📥 Downloading: ISP-1867,1866,1865-LPO.mp4 (33.22 MB)
  Attempt 1/5: Downloading from https://craftsilicon.atlassian.net/rest/api/3/attachment/content/129075...
  Following redirect 1/6 to: https://api.media.atlassian.com/file/e9ba74bf-32cd-42f2-86ac-01977e3d4e84/binary?token=eyJhbGciOiJIUzI1NiJ9.eyJpc3MiOiJiN...
  Attempt 1/5: Downloading from https://api.media.atlassian.com/file/e9ba74bf-32cd-42f2-86ac-01977e3d4e84/binary?token=eyJhbGciOiJIUzI1NiJ9.eyJpc3MiOiJiN...
  📊 Downloaded 10.0/33.22 MB...
  📊 Downloaded 20.0/33.22 MB...
  📊 Downloaded 30.0/33.22 MB...
  ✅ Downloaded 34835835 bytes successfully
   ✅ Successfully attached: ISP-1867,1866,1865-LPO.mp4 (verified in storage)
  Attached ISP-1867,1866,1865-LPO.mp4 to defect ISP-1867 (service_exists=true)

📊 Attachment Summary for ISP-1867:
   ✅ Uploaded: 1
   ⏭️  Skipped: 0
   ❌ Failed: 0

[LABEL] Processing 2 label(s) for ISP-1867
[LABEL-MATCH] Found existing label 'New_ERP' (stored as 'new_erp') -> a9f0bd31-9bc0-4a7b-90fc-2ed53a305e8d
[LABEL-ATTACH] Successfully attached label 'new_erp' (ID: a9f0bd31-9bc0-4a7b-90fc-2ed53a305e8d) to ISP-1867
[LABEL-MATCH] Found existing label 'QA' (stored as 'qa') -> f66526ba-6a94-47b5-8239-f9fae5aa2248
[LABEL-ATTACH] Successfully attached label 'qa' (ID: f66526ba-6a94-47b5-8239-f9fae5aa2248) to ISP-1867
[LABEL] Completed processing labels for ISP-1867. Total attached: 2
[COMMENTS] Importing 1 comment(s) for ISP-1867...
[USER-MATCH] Matched 'Robert Mbugua Kanyoro' by email: robert.mbugua@craftsilicon.com -> fb1e0a05-f047-4e22-a52b-b9b1fe4b4358
[IMPORT] Added rich text comment by Robert Mbugua Kanyoro to ISP-1867 (id=eb042e73-05e0-4043-b686-e273d8587dde, length=17)
[DESCRIPTION-VALIDATE] ISP-1867: new_len=229, existing_len=242
[DESCRIPTION-UPDATE] ISP-1867: Updated description (229 chars)
  Previous: <div class="trix-content">
  <p><strong>Actual Result-</strong><span>Purchase Order which has not yet...
  Updated: <p><strong>Actual Result-</strong><span style="color: #ff5630">Purchase Order which has not yet been ...
Processing issue 105/439: ISP-1866
[DEBUG-LABELS] Total labels found for ISP-1866: 2
[USER-MATCH] Matched 'archana.verma' by parsed first+last: archana verma -> 7b5370b5-abcd-4ad2-908b-1791ca40d9c9
[USER-MATCH] Matched 'Robert Mbugua Kanyoro' by email: robert.mbugua@craftsilicon.com -> fb1e0a05-f047-4e22-a52b-b9b1fe4b4358
[STATUS-MATCH] Matched status 'Awaiting Build' by name: Awaiting Build -> bf46baa0-8c97-4afe-a65a-a300e43d70e6
[BANKING-MATCH] Found existing banking type 'ERP' -> d9a45733-9624-42c2-afcc-888ce998dbbe
📥 DOWNLOADING ISSUE-LEVEL ATTACHMENTS FOR ISP-1866
   Total files: 2 (33.31 MB)

   [1/2] 📥 Downloading: image-20251119-074754.png (0.09 MB)
  Attempt 1/3: Downloading from https://craftsilicon.atlassian.net/rest/api/3/attachment/content/129230...
  Following redirect 1/6 to: https://api.media.atlassian.com/file/6cd01b07-8273-42a3-b4fa-c7c695b91322/binary?token=eyJhbGciOiJIUzI1NiJ9.eyJpc3MiOiJiN...
  Attempt 1/3: Downloading from https://api.media.atlassian.com/file/6cd01b07-8273-42a3-b4fa-c7c695b91322/binary?token=eyJhbGciOiJIUzI1NiJ9.eyJpc3MiOiJiN...
  ✅ Downloaded 90247 bytes successfully
   ✅ Successfully attached: image-20251119-074754.png (verified in storage)
  Attached image-20251119-074754.png to defect ISP-1866 (service_exists=true)
   [2/2] 📥 Downloading: ISP-1866,1865-LPO.mp4 (33.22 MB)
  Attempt 1/5: Downloading from https://craftsilicon.atlassian.net/rest/api/3/attachment/content/129074...
  Following redirect 1/6 to: https://api.media.atlassian.com/file/c4761b51-1a1e-4d80-abdd-f2800238dcc1/binary?token=eyJhbGciOiJIUzI1NiJ9.eyJpc3MiOiJiN...
  Attempt 1/5: Downloading from https://api.media.atlassian.com/file/c4761b51-1a1e-4d80-abdd-f2800238dcc1/binary?token=eyJhbGciOiJIUzI1NiJ9.eyJpc3MiOiJiN...
  📊 Downloaded 10.0/33.22 MB...
  📊 Downloaded 20.0/33.22 MB...
  📊 Downloaded 30.0/33.22 MB...
  ✅ Downloaded 34835835 bytes successfully
   ✅ Successfully attached: ISP-1866,1865-LPO.mp4 (verified in storage)
  Attached ISP-1866,1865-LPO.mp4 to defect ISP-1866 (service_exists=true)

📊 Attachment Summary for ISP-1866:
   ✅ Uploaded: 2
   ⏭️  Skipped: 0
   ❌ Failed: 0

[LABEL] Processing 2 label(s) for ISP-1866
[LABEL-MATCH] Found existing label 'New_ERP' (stored as 'new_erp') -> a9f0bd31-9bc0-4a7b-90fc-2ed53a305e8d
[LABEL-ATTACH] Successfully attached label 'new_erp' (ID: a9f0bd31-9bc0-4a7b-90fc-2ed53a305e8d) to ISP-1866
[LABEL-MATCH] Found existing label 'QA' (stored as 'qa') -> f66526ba-6a94-47b5-8239-f9fae5aa2248
[LABEL-ATTACH] Successfully attached label 'qa' (ID: f66526ba-6a94-47b5-8239-f9fae5aa2248) to ISP-1866
[LABEL] Completed processing labels for ISP-1866. Total attached: 2
[COMMENTS] Importing 1 comment(s) for ISP-1866...
[USER-MATCH] Matched 'Robert Mbugua Kanyoro' by email: robert.mbugua@craftsilicon.com -> fb1e0a05-f047-4e22-a52b-b9b1fe4b4358
[IMPORT] Added rich text comment by Robert Mbugua Kanyoro to ISP-1866 (id=ce0ce06d-63bc-4c9b-9d12-25b4b40ce7c7, length=122)
[DESCRIPTION-VALIDATE] ISP-1866: new_len=79, existing_len=115
[DESCRIPTION-UPDATE] ISP-1866: Updated description (79 chars)
  Previous: <div class="trix-content">
  <p><strong>Actual Result-</strong></p>
<p><strong>Expected Result-</stro...
Processing issue 106/439: ISP-1865
[DEBUG-LABELS] Total labels found for ISP-1865: 2
[USER-MATCH] Matched 'archana.verma' by parsed first+last: archana verma -> 7b5370b5-abcd-4ad2-908b-1791ca40d9c9
[USER-MATCH] Matched 'Robert Mbugua Kanyoro' by email: robert.mbugua@craftsilicon.com -> fb1e0a05-f047-4e22-a52b-b9b1fe4b4358
[STATUS-MATCH] Matched status 'In Progress' by name: In Progress -> c805a0e9-73fc-4726-a1ab-d28b9a36469e
[BANKING-MATCH] Found existing banking type 'ERP' -> d9a45733-9624-42c2-afcc-888ce998dbbe
📥 DOWNLOADING ISSUE-LEVEL ATTACHMENTS FOR ISP-1865
   Total files: 1 (33.22 MB)

   [1/1] 📥 Downloading: ISP-1865-LPO-Part 1.mp4 (33.22 MB)
  Attempt 1/5: Downloading from https://craftsilicon.atlassian.net/rest/api/3/attachment/content/129041...
  Following redirect 1/6 to: https://api.media.atlassian.com/file/c8ddfe7c-3c67-49a8-8bcf-530730cf9e04/binary?token=eyJhbGciOiJIUzI1NiJ9.eyJpc3MiOiJiN...
  Attempt 1/5: Downloading from https://api.media.atlassian.com/file/c8ddfe7c-3c67-49a8-8bcf-530730cf9e04/binary?token=eyJhbGciOiJIUzI1NiJ9.eyJpc3MiOiJiN...
  📊 Downloaded 10.0/33.22 MB...
  📊 Downloaded 20.0/33.22 MB...
  📊 Downloaded 30.0/33.22 MB...
  ✅ Downloaded 34835835 bytes successfully
   ✅ Successfully attached: ISP-1865-LPO-Part 1.mp4 (verified in storage)
  Attached ISP-1865-LPO-Part 1.mp4 to defect ISP-1865 (service_exists=true)

📊 Attachment Summary for ISP-1865:
   ✅ Uploaded: 1
   ⏭️  Skipped: 0
   ❌ Failed: 0

[LABEL] Processing 2 label(s) for ISP-1865
[LABEL-MATCH] Found existing label 'New_ERP' (stored as 'new_erp') -> a9f0bd31-9bc0-4a7b-90fc-2ed53a305e8d
[LABEL-ATTACH] Successfully attached label 'new_erp' (ID: a9f0bd31-9bc0-4a7b-90fc-2ed53a305e8d) to ISP-1865
[LABEL-MATCH] Found existing label 'QA' (stored as 'qa') -> f66526ba-6a94-47b5-8239-f9fae5aa2248
[LABEL-ATTACH] Successfully attached label 'qa' (ID: f66526ba-6a94-47b5-8239-f9fae5aa2248) to ISP-1865
[LABEL] Completed processing labels for ISP-1865. Total attached: 2
[DESCRIPTION-VALIDATE] ISP-1865: new_len=266, existing_len=279
[DESCRIPTION-UPDATE] ISP-1865: Updated description (266 chars)
  Previous: <div class="trix-content">
  <p><strong>Actual Result-</strong><span>LPO number is displayed as the R...
  Updated: <p><strong>Actual Result-</strong><span style="color: #ff5630">LPO number is displayed as the RFQ num...
Processing issue 107/439: ISP-1862
[DEBUG-LABELS] Total labels found for ISP-1862: 2
[USER-MATCH] Matched 'archana.verma' by parsed first+last: archana verma -> 7b5370b5-abcd-4ad2-908b-1791ca40d9c9
[USER-MATCH] Matched 'Robert Mbugua Kanyoro' by email: robert.mbugua@craftsilicon.com -> fb1e0a05-f047-4e22-a52b-b9b1fe4b4358
[STATUS-MATCH] Matched status 'In Progress' by name: In Progress -> c805a0e9-73fc-4726-a1ab-d28b9a36469e
[BANKING-MATCH] Found existing banking type 'ERP' -> d9a45733-9624-42c2-afcc-888ce998dbbe
📥 DOWNLOADING ISSUE-LEVEL ATTACHMENTS FOR ISP-1862
   Total files: 2 (48.57 MB)

   [1/2] 📥 Downloading: ISP-1862, 1860-TPP-Submit Response.mp4 (12.11 MB)
  Attempt 1/3: Downloading from https://craftsilicon.atlassian.net/rest/api/3/attachment/content/129001...
  Following redirect 1/6 to: https://api.media.atlassian.com/file/4ace284b-9ec1-4999-af80-cd4f56838407/binary?token=eyJhbGciOiJIUzI1NiJ9.eyJpc3MiOiJiN...
  Attempt 1/3: Downloading from https://api.media.atlassian.com/file/4ace284b-9ec1-4999-af80-cd4f56838407/binary?token=eyJhbGciOiJIUzI1NiJ9.eyJpc3MiOiJiN...
  📊 Downloaded 10.0/12.11 MB...
  ✅ Downloaded 12693252 bytes successfully
   ✅ Successfully attached: ISP-1862, 1860-TPP-Submit Response.mp4 (verified in storage)
  Attached ISP-1862, 1860-TPP-Submit Response.mp4 to defect ISP-1862 (service_exists=true)
   [2/2] 📥 Downloading: ISP-1862,1861,1860-TPP-Responses-Save Draft.mp4 (36.46 MB)
  Attempt 1/5: Downloading from https://craftsilicon.atlassian.net/rest/api/3/attachment/content/129002...
  Following redirect 1/6 to: https://api.media.atlassian.com/file/edce595b-9630-4820-b7f2-39d4c5df96eb/binary?token=eyJhbGciOiJIUzI1NiJ9.eyJpc3MiOiJiN...
  Attempt 1/5: Downloading from https://api.media.atlassian.com/file/edce595b-9630-4820-b7f2-39d4c5df96eb/binary?token=eyJhbGciOiJIUzI1NiJ9.eyJpc3MiOiJiN...
  📊 Downloaded 10.0/36.46 MB...
  📊 Downloaded 20.0/36.46 MB...
  📊 Downloaded 30.0/36.46 MB...
  ✅ Downloaded 38233025 bytes successfully
   ✅ Successfully attached: ISP-1862,1861,1860-TPP-Responses-Save Draft.mp4 (verified in storage)
  Attached ISP-1862,1861,1860-TPP-Responses-Save Draft.mp4 to defect ISP-1862 (service_exists=true)

📊 Attachment Summary for ISP-1862:
   ✅ Uploaded: 2
   ⏭️  Skipped: 0
   ❌ Failed: 0

[LABEL] Processing 2 label(s) for ISP-1862
[LABEL-MATCH] Found existing label 'New_ERP' (stored as 'new_erp') -> a9f0bd31-9bc0-4a7b-90fc-2ed53a305e8d
[LABEL-ATTACH] Successfully attached label 'new_erp' (ID: a9f0bd31-9bc0-4a7b-90fc-2ed53a305e8d) to ISP-1862
[LABEL-MATCH] Found existing label 'QA' (stored as 'qa') -> f66526ba-6a94-47b5-8239-f9fae5aa2248
[LABEL-ATTACH] Successfully attached label 'qa' (ID: f66526ba-6a94-47b5-8239-f9fae5aa2248) to ISP-1862
[LABEL] Completed processing labels for ISP-1862. Total attached: 2
[DESCRIPTION-VALIDATE] ISP-1862: new_len=190, existing_len=226
[DESCRIPTION-UPDATE] ISP-1862: Updated description (190 chars)
  Previous: <div class="trix-content">
  <p><strong>Actual Result-</strong>Application is submitted successfully ...
  Updated: <p><strong>Actual Result-</strong>Application is submitted successfully but no feedback is displayed<...
Processing issue 108/439: ISP-1861
[DEBUG-LABELS] Total labels found for ISP-1861: 2
[USER-MATCH] Matched 'archana.verma' by parsed first+last: archana verma -> 7b5370b5-abcd-4ad2-908b-1791ca40d9c9
[USER-MATCH] Matched 'Robert Mbugua Kanyoro' by email: robert.mbugua@craftsilicon.com -> fb1e0a05-f047-4e22-a52b-b9b1fe4b4358
[STATUS-MATCH] Matched status 'In Progress' by name: In Progress -> c805a0e9-73fc-4726-a1ab-d28b9a36469e
[BANKING-MATCH] Found existing banking type 'ERP' -> d9a45733-9624-42c2-afcc-888ce998dbbe
📥 DOWNLOADING ISSUE-LEVEL ATTACHMENTS FOR ISP-1861
   Total files: 1 (36.46 MB)

   [1/1] 📥 Downloading: ISP-1861,1860-TPP-Responses-Save Draft.mp4 (36.46 MB)
  Attempt 1/5: Downloading from https://craftsilicon.atlassian.net/rest/api/3/attachment/content/129000...
  Following redirect 1/6 to: https://api.media.atlassian.com/file/e92ebac8-2ee5-4028-874c-03ef84e2b1bc/binary?token=eyJhbGciOiJIUzI1NiJ9.eyJpc3MiOiJiN...
  Attempt 1/5: Downloading from https://api.media.atlassian.com/file/e92ebac8-2ee5-4028-874c-03ef84e2b1bc/binary?token=eyJhbGciOiJIUzI1NiJ9.eyJpc3MiOiJiN...
  📊 Downloaded 10.0/36.46 MB...
  📊 Downloaded 20.0/36.46 MB...
  📊 Downloaded 30.0/36.46 MB...
  ✅ Downloaded 38233025 bytes successfully
   ✅ Successfully attached: ISP-1861,1860-TPP-Responses-Save Draft.mp4 (verified in storage)
  Attached ISP-1861,1860-TPP-Responses-Save Draft.mp4 to defect ISP-1861 (service_exists=true)

📊 Attachment Summary for ISP-1861:
   ✅ Uploaded: 1
   ⏭️  Skipped: 0
   ❌ Failed: 0

[LABEL] Processing 2 label(s) for ISP-1861
[LABEL-MATCH] Found existing label 'New_ERP' (stored as 'new_erp') -> a9f0bd31-9bc0-4a7b-90fc-2ed53a305e8d
[LABEL-ATTACH] Successfully attached label 'new_erp' (ID: a9f0bd31-9bc0-4a7b-90fc-2ed53a305e8d) to ISP-1861
[LABEL-MATCH] Found existing label 'QA' (stored as 'qa') -> f66526ba-6a94-47b5-8239-f9fae5aa2248
[LABEL-ATTACH] Successfully attached label 'qa' (ID: f66526ba-6a94-47b5-8239-f9fae5aa2248) to ISP-1861
[LABEL] Completed processing labels for ISP-1861. Total attached: 2
[DESCRIPTION-VALIDATE] ISP-1861: new_len=278, existing_len=320
[DESCRIPTION-UPDATE] ISP-1861: Updated description (278 chars)
  Previous: <div class="trix-content">
  <p><strong>Actual Result-</strong>RFQ response has already been submitte...
  Updated: <p><strong>Actual Result-</strong>RFQ response has already been submitted and is available on ERP por...
Processing issue 109/439: ISP-1860
[DEBUG-LABELS] Total labels found for ISP-1860: 2
[USER-MATCH] Matched 'archana.verma' by parsed first+last: archana verma -> 7b5370b5-abcd-4ad2-908b-1791ca40d9c9
[USER-MATCH] Matched 'Robert Mbugua Kanyoro' by email: robert.mbugua@craftsilicon.com -> fb1e0a05-f047-4e22-a52b-b9b1fe4b4358
[STATUS-MATCH] Matched status 'In Progress' by name: In Progress -> c805a0e9-73fc-4726-a1ab-d28b9a36469e
[BANKING-MATCH] Found existing banking type 'ERP' -> d9a45733-9624-42c2-afcc-888ce998dbbe
📥 DOWNLOADING ISSUE-LEVEL ATTACHMENTS FOR ISP-1860
   Total files: 2 (48.57 MB)

   [1/2] 📥 Downloading: ISP-1860-TPP-Responses-Save Draft.mp4 (36.46 MB)
  Attempt 1/5: Downloading from https://craftsilicon.atlassian.net/rest/api/3/attachment/content/128999...
  Following redirect 1/6 to: https://api.media.atlassian.com/file/af3832ae-79f4-484e-b24d-02011bbc7618/binary?token=eyJhbGciOiJIUzI1NiJ9.eyJpc3MiOiJiN...
  Attempt 1/5: Downloading from https://api.media.atlassian.com/file/af3832ae-79f4-484e-b24d-02011bbc7618/binary?token=eyJhbGciOiJIUzI1NiJ9.eyJpc3MiOiJiN...
  📊 Downloaded 10.0/36.46 MB...
  📊 Downloaded 20.0/36.46 MB...
  📊 Downloaded 30.0/36.46 MB...
  ✅ Downloaded 38233025 bytes successfully
   ✅ Successfully attached: ISP-1860-TPP-Responses-Save Draft.mp4 (verified in storage)
  Attached ISP-1860-TPP-Responses-Save Draft.mp4 to defect ISP-1860 (service_exists=true)
   [2/2] 📥 Downloading: ISP-1860-TPP-Submit Response.mp4 (12.11 MB)
  Attempt 1/3: Downloading from https://craftsilicon.atlassian.net/rest/api/3/attachment/content/128998...
  Following redirect 1/6 to: https://api.media.atlassian.com/file/84a1e2ec-b1a5-4aaa-9c5e-b07684ca9c90/binary?token=eyJhbGciOiJIUzI1NiJ9.eyJpc3MiOiJiN...
  Attempt 1/3: Downloading from https://api.media.atlassian.com/file/84a1e2ec-b1a5-4aaa-9c5e-b07684ca9c90/binary?token=eyJhbGciOiJIUzI1NiJ9.eyJpc3MiOiJiN...
  📊 Downloaded 10.0/12.11 MB...
  ✅ Downloaded 12693252 bytes successfully
   ✅ Successfully attached: ISP-1860-TPP-Submit Response.mp4 (verified in storage)
  Attached ISP-1860-TPP-Submit Response.mp4 to defect ISP-1860 (service_exists=true)

📊 Attachment Summary for ISP-1860:
   ✅ Uploaded: 2
   ⏭️  Skipped: 0
   ❌ Failed: 0

[LABEL] Processing 2 label(s) for ISP-1860
[LABEL-MATCH] Found existing label 'New_ERP' (stored as 'new_erp') -> a9f0bd31-9bc0-4a7b-90fc-2ed53a305e8d
[LABEL-ATTACH] Successfully attached label 'new_erp' (ID: a9f0bd31-9bc0-4a7b-90fc-2ed53a305e8d) to ISP-1860
[LABEL-MATCH] Found existing label 'QA' (stored as 'qa') -> f66526ba-6a94-47b5-8239-f9fae5aa2248
[LABEL-ATTACH] Successfully attached label 'qa' (ID: f66526ba-6a94-47b5-8239-f9fae5aa2248) to ISP-1860
[LABEL] Completed processing labels for ISP-1860. Total attached: 2
[DESCRIPTION-VALIDATE] ISP-1860: new_len=79, existing_len=115
[DESCRIPTION-UPDATE] ISP-1860: Updated description (79 chars)
  Previous: <div class="trix-content">
  <p><strong>Actual Result-</strong></p>
<p><strong>Expected Result-</stro...
Processing issue 110/439: ISP-1859
[DEBUG-LABELS] Total labels found for ISP-1859: 2
[USER-FALLBACK] Using default user for 'Kiriba Delphine' -> b3613172-fc54-4742-b2ba-c10b97d15bf4
[USER-MATCH] Matched 'Robert Mbugua Kanyoro' by email: robert.mbugua@craftsilicon.com -> fb1e0a05-f047-4e22-a52b-b9b1fe4b4358
[STATUS-MATCH] Matched status 'In Progress' by name: In Progress -> c805a0e9-73fc-4726-a1ab-d28b9a36469e
[BANKING-MATCH] Found existing banking type 'ERP' -> d9a45733-9624-42c2-afcc-888ce998dbbe
📥 DOWNLOADING ISSUE-LEVEL ATTACHMENTS FOR ISP-1859
   Total files: 1 (3.18 MB)

   [1/1] 📥 Downloading: pagination&backNavigation.mp4 (3.18 MB)
  Attempt 1/3: Downloading from https://craftsilicon.atlassian.net/rest/api/3/attachment/content/128997...
  Following redirect 1/6 to: https://api.media.atlassian.com/file/f17c6418-2fb2-437e-8ccb-22e4b6b4b71f/binary?token=eyJhbGciOiJIUzI1NiJ9.eyJpc3MiOiJiN...
  Attempt 1/3: Downloading from https://api.media.atlassian.com/file/f17c6418-2fb2-437e-8ccb-22e4b6b4b71f/binary?token=eyJhbGciOiJIUzI1NiJ9.eyJpc3MiOiJiN...
  ✅ Downloaded 3333584 bytes successfully
   ✅ Successfully attached: pagination&backNavigation.mp4 (verified in storage)
  Attached pagination&backNavigation.mp4 to defect ISP-1859 (service_exists=true)

📊 Attachment Summary for ISP-1859:
   ✅ Uploaded: 1
   ⏭️  Skipped: 0
   ❌ Failed: 0

[LABEL] Processing 2 label(s) for ISP-1859
[LABEL-MATCH] Found existing label 'New_ERP' (stored as 'new_erp') -> a9f0bd31-9bc0-4a7b-90fc-2ed53a305e8d
[LABEL-ATTACH] Successfully attached label 'new_erp' (ID: a9f0bd31-9bc0-4a7b-90fc-2ed53a305e8d) to ISP-1859
[LABEL-MATCH] Found existing label 'QA' (stored as 'qa') -> f66526ba-6a94-47b5-8239-f9fae5aa2248
[LABEL-ATTACH] Successfully attached label 'qa' (ID: f66526ba-6a94-47b5-8239-f9fae5aa2248) to ISP-1859
[LABEL] Completed processing labels for ISP-1859. Total attached: 2
[DESCRIPTION-VALIDATE] ISP-1859: new_len=408, existing_len=444
[DESCRIPTION-UPDATE] ISP-1859: Updated description (408 chars)
  Previous: <div class="trix-content">
  <p><strong>Repro Steps</strong></p>
<p>Navigate to <strong>Document Mana...
  Updated: <p><strong>Repro Steps</strong></p>
<p>Navigate to <strong>Document Management</strong> and open each...
Processing issue 111/439: ISP-1858
[DEBUG-LABELS] Total labels found for ISP-1858: 2
[USER-FALLBACK] Using default user for 'Kiriba Delphine' -> b3613172-fc54-4742-b2ba-c10b97d15bf4
[USER-FALLBACK] Using default user for 'Kiriba Delphine' -> b3613172-fc54-4742-b2ba-c10b97d15bf4
[STATUS-MATCH] Matched status 'Closed' by name: Closed -> 8c60b5b6-b9e9-405d-8d7d-d672cb9b23f1
[BANKING-MATCH] Found existing banking type 'ERP' -> d9a45733-9624-42c2-afcc-888ce998dbbe
📥 DOWNLOADING ISSUE-LEVEL ATTACHMENTS FOR ISP-1858
   Total files: 5 (4.36 MB)

   [1/5] 📥 Downloading: image-20251119-133748.png (0.11 MB)
  Attempt 1/3: Downloading from https://craftsilicon.atlassian.net/rest/api/3/attachment/content/129264...
  Following redirect 1/6 to: https://api.media.atlassian.com/file/a1294765-d1df-4209-979f-8c62695f566d/binary?token=eyJhbGciOiJIUzI1NiJ9.eyJpc3MiOiJiN...
  Attempt 1/3: Downloading from https://api.media.atlassian.com/file/a1294765-d1df-4209-979f-8c62695f566d/binary?token=eyJhbGciOiJIUzI1NiJ9.eyJpc3MiOiJiN...
  ✅ Downloaded 112624 bytes successfully
   ✅ Successfully attached: image-20251119-133748.png (verified in storage)
  Attached image-20251119-133748.png to defect ISP-1858 (service_exists=true)
   [2/5] 📥 Downloading: image-20251119-133857.png (0.09 MB)
  Attempt 1/3: Downloading from https://craftsilicon.atlassian.net/rest/api/3/attachment/content/129266...
  Following redirect 1/6 to: https://api.media.atlassian.com/file/e34461b1-6345-4c77-8de2-9d516be94e2b/binary?token=eyJhbGciOiJIUzI1NiJ9.eyJpc3MiOiJiN...
  Attempt 1/3: Downloading from https://api.media.atlassian.com/file/e34461b1-6345-4c77-8de2-9d516be94e2b/binary?token=eyJhbGciOiJIUzI1NiJ9.eyJpc3MiOiJiN...
  ✅ Downloaded 93017 bytes successfully
   ✅ Successfully attached: image-20251119-133857.png (verified in storage)
  Attached image-20251119-133857.png to defect ISP-1858 (service_exists=true)
   [3/5] 📥 Downloading: image-20251119-134250.png (0.25 MB)
  Attempt 1/3: Downloading from https://craftsilicon.atlassian.net/rest/api/3/attachment/content/129265...
  Following redirect 1/6 to: https://api.media.atlassian.com/file/9ca7a019-81fe-4283-9bd5-cea1bb144c35/binary?token=eyJhbGciOiJIUzI1NiJ9.eyJpc3MiOiJiN...
  Attempt 1/3: Downloading from https://api.media.atlassian.com/file/9ca7a019-81fe-4283-9bd5-cea1bb144c35/binary?token=eyJhbGciOiJIUzI1NiJ9.eyJpc3MiOiJiN...
  ✅ Downloaded 260384 bytes successfully
   ✅ Successfully attached: image-20251119-134250.png (verified in storage)
  Attached image-20251119-134250.png to defect ISP-1858 (service_exists=true)
   [4/5] 📥 Downloading: itemstockDelete.mp4 (2.34 MB)
  Attempt 1/3: Downloading from https://craftsilicon.atlassian.net/rest/api/3/attachment/content/129269...
  Following redirect 1/6 to: https://api.media.atlassian.com/file/100cb713-42bb-40ab-8803-cbd63e5a880e/binary?token=eyJhbGciOiJIUzI1NiJ9.eyJpc3MiOiJiN...
  Attempt 1/3: Downloading from https://api.media.atlassian.com/file/100cb713-42bb-40ab-8803-cbd63e5a880e/binary?token=eyJhbGciOiJIUzI1NiJ9.eyJpc3MiOiJiN...
  ✅ Downloaded 2453405 bytes successfully
   ✅ Successfully attached: itemstockDelete.mp4 (verified in storage)
  Attached itemstockDelete.mp4 to defect ISP-1858 (service_exists=true)
   [5/5] 📥 Downloading: stockItemDelete.mp4 (1.57 MB)
  Attempt 1/3: Downloading from https://craftsilicon.atlassian.net/rest/api/3/attachment/content/128995...
  Following redirect 1/6 to: https://api.media.atlassian.com/file/aec7b294-bab5-4f5f-8071-76393a168153/binary?token=eyJhbGciOiJIUzI1NiJ9.eyJpc3MiOiJiN...
  Attempt 1/3: Downloading from https://api.media.atlassian.com/file/aec7b294-bab5-4f5f-8071-76393a168153/binary?token=eyJhbGciOiJIUzI1NiJ9.eyJpc3MiOiJiN...
  ✅ Downloaded 1651127 bytes successfully
   ✅ Successfully attached: stockItemDelete.mp4 (verified in storage)
  Attached stockItemDelete.mp4 to defect ISP-1858 (service_exists=true)

📊 Attachment Summary for ISP-1858:
   ✅ Uploaded: 5
   ⏭️  Skipped: 0
   ❌ Failed: 0

[LABEL] Processing 2 label(s) for ISP-1858
[LABEL-MATCH] Found existing label 'New_ERP' (stored as 'new_erp') -> a9f0bd31-9bc0-4a7b-90fc-2ed53a305e8d
[LABEL-ATTACH] Successfully attached label 'new_erp' (ID: a9f0bd31-9bc0-4a7b-90fc-2ed53a305e8d) to ISP-1858
[LABEL-MATCH] Found existing label 'QA' (stored as 'qa') -> f66526ba-6a94-47b5-8239-f9fae5aa2248
[LABEL-ATTACH] Successfully attached label 'qa' (ID: f66526ba-6a94-47b5-8239-f9fae5aa2248) to ISP-1858
[LABEL] Completed processing labels for ISP-1858. Total attached: 2
[COMMENTS] Importing 3 comment(s) for ISP-1858...
[USER-MATCH] Matched 'Robert Mbugua Kanyoro' by email: robert.mbugua@craftsilicon.com -> fb1e0a05-f047-4e22-a52b-b9b1fe4b4358
[IMPORT] Added rich text comment by Robert Mbugua Kanyoro to ISP-1858 (id=3df6ecbe-b964-4675-97ec-1e54bcd64986, length=58)
[USER-MATCH] Matched 'archana.verma' by parsed first+last: archana verma -> 7b5370b5-abcd-4ad2-908b-1791ca40d9c9
[IMPORT] Added rich text comment by archana.verma to ISP-1858 (id=79012d00-2ea1-413d-ab53-2089f6e86f9c, length=211)
[USER-FALLBACK] Using default user for 'Kiriba Delphine' -> b3613172-fc54-4742-b2ba-c10b97d15bf4
[RICH-TEXT] Comment 3 contains: color
[IMPORT] Added rich text comment by Kiriba Delphine to ISP-1858 (id=709d2b25-27c9-40e6-90b9-1d3bb05710e5, length=192)
[DESCRIPTION-VALIDATE] ISP-1858: new_len=76, existing_len=112
[DESCRIPTION-UPDATE] ISP-1858: Updated description (76 chars)
  Previous: <div class="trix-content">
  <p><strong>Repro Steps:</strong></p>
<p><strong>Expected Result</strong>...
Processing issue 112/439: ISP-1857
[DEBUG-LABELS] Total labels found for ISP-1857: 2
[USER-FALLBACK] Using default user for 'Kiriba Delphine' -> b3613172-fc54-4742-b2ba-c10b97d15bf4
[USER-MATCH] Matched 'Robert Mbugua Kanyoro' by email: robert.mbugua@craftsilicon.com -> fb1e0a05-f047-4e22-a52b-b9b1fe4b4358
[STATUS-MATCH] Matched status 'In Progress' by name: In Progress -> c805a0e9-73fc-4726-a1ab-d28b9a36469e
[BANKING-MATCH] Found existing banking type 'ERP' -> d9a45733-9624-42c2-afcc-888ce998dbbe
📥 DOWNLOADING ISSUE-LEVEL ATTACHMENTS FOR ISP-1857
   Total files: 1 (4.52 MB)

   [1/1] 📥 Downloading: SettngsbttnLabelling.mp4 (4.52 MB)
  Attempt 1/3: Downloading from https://craftsilicon.atlassian.net/rest/api/3/attachment/content/128993...
  Following redirect 1/6 to: https://api.media.atlassian.com/file/4e9b8b51-839e-42e8-a0d6-89d42ab50ab4/binary?token=eyJhbGciOiJIUzI1NiJ9.eyJpc3MiOiJiN...
  Attempt 1/3: Downloading from https://api.media.atlassian.com/file/4e9b8b51-839e-42e8-a0d6-89d42ab50ab4/binary?token=eyJhbGciOiJIUzI1NiJ9.eyJpc3MiOiJiN...
  ✅ Downloaded 4739910 bytes successfully
   ✅ Successfully attached: SettngsbttnLabelling.mp4 (verified in storage)
  Attached SettngsbttnLabelling.mp4 to defect ISP-1857 (service_exists=true)

📊 Attachment Summary for ISP-1857:
   ✅ Uploaded: 1
   ⏭️  Skipped: 0
   ❌ Failed: 0

[LABEL] Processing 2 label(s) for ISP-1857
[LABEL-MATCH] Found existing label 'New_ERP' (stored as 'new_erp') -> a9f0bd31-9bc0-4a7b-90fc-2ed53a305e8d
[LABEL-ATTACH] Successfully attached label 'new_erp' (ID: a9f0bd31-9bc0-4a7b-90fc-2ed53a305e8d) to ISP-1857
[LABEL-MATCH] Found existing label 'QA' (stored as 'qa') -> f66526ba-6a94-47b5-8239-f9fae5aa2248
[LABEL-ATTACH] Successfully attached label 'qa' (ID: f66526ba-6a94-47b5-8239-f9fae5aa2248) to ISP-1857
[LABEL] Completed processing labels for ISP-1857. Total attached: 2
[DESCRIPTION-VALIDATE] ISP-1857: new_len=435, existing_len=471
[DESCRIPTION-UPDATE] ISP-1857: Updated description (435 chars)
  Previous: <div class="trix-content">
  <p><strong>Repro Steps:</strong></p>
<p><strong>Actual Result:</strong><...
  Updated: <p><strong>Repro Steps:</strong></p>
<p><strong>Actual Result:</strong><br>The permission toggle is l...
Processing issue 113/439: ISP-1856
[DEBUG-LABELS] Total labels found for ISP-1856: 2
[USER-MATCH] Matched 'archana.verma' by parsed first+last: archana verma -> 7b5370b5-abcd-4ad2-908b-1791ca40d9c9
[USER-MATCH] Matched 'Robert Mbugua Kanyoro' by email: robert.mbugua@craftsilicon.com -> fb1e0a05-f047-4e22-a52b-b9b1fe4b4358
[STATUS-MATCH] Matched status 'In Progress' by name: In Progress -> c805a0e9-73fc-4726-a1ab-d28b9a36469e
[BANKING-MATCH] Found existing banking type 'ERP' -> d9a45733-9624-42c2-afcc-888ce998dbbe
📥 DOWNLOADING ISSUE-LEVEL ATTACHMENTS FOR ISP-1856
   Total files: 2 (6.59 MB)

   [1/2] 📥 Downloading: ISP-1856-Quot-details-TPP.pdf (1.02 MB)
  Attempt 1/3: Downloading from https://craftsilicon.atlassian.net/rest/api/3/attachment/content/128990...
  Following redirect 1/6 to: https://api.media.atlassian.com/file/f1390313-bbb9-41f9-bfda-a67eb7e568a3/binary?token=eyJhbGciOiJIUzI1NiJ9.eyJpc3MiOiJiN...
  Attempt 1/3: Downloading from https://api.media.atlassian.com/file/f1390313-bbb9-41f9-bfda-a67eb7e568a3/binary?token=eyJhbGciOiJIUzI1NiJ9.eyJpc3MiOiJiN...
  ✅ Downloaded 1074284 bytes successfully
   ✅ Successfully attached: ISP-1856-Quot-details-TPP.pdf (verified in storage)
  Attached ISP-1856-Quot-details-TPP.pdf to defect ISP-1856 (service_exists=true)
   [2/2] 📥 Downloading: ISP-1856-TPP Quotation.mp4 (5.56 MB)
  Attempt 1/3: Downloading from https://craftsilicon.atlassian.net/rest/api/3/attachment/content/128991...
  Following redirect 1/6 to: https://api.media.atlassian.com/file/21bcb05c-8624-40f2-842c-21264cfd7497/binary?token=eyJhbGciOiJIUzI1NiJ9.eyJpc3MiOiJiN...
  Attempt 1/3: Downloading from https://api.media.atlassian.com/file/21bcb05c-8624-40f2-842c-21264cfd7497/binary?token=eyJhbGciOiJIUzI1NiJ9.eyJpc3MiOiJiN...
  ✅ Downloaded 5831757 bytes successfully
   ✅ Successfully attached: ISP-1856-TPP Quotation.mp4 (verified in storage)
  Attached ISP-1856-TPP Quotation.mp4 to defect ISP-1856 (service_exists=true)

📊 Attachment Summary for ISP-1856:
   ✅ Uploaded: 2
   ⏭️  Skipped: 0
   ❌ Failed: 0

[LABEL] Processing 2 label(s) for ISP-1856
[LABEL-MATCH] Found existing label 'New_ERP' (stored as 'new_erp') -> a9f0bd31-9bc0-4a7b-90fc-2ed53a305e8d
[LABEL-ATTACH] Successfully attached label 'new_erp' (ID: a9f0bd31-9bc0-4a7b-90fc-2ed53a305e8d) to ISP-1856
[LABEL-MATCH] Found existing label 'QA' (stored as 'qa') -> f66526ba-6a94-47b5-8239-f9fae5aa2248
[LABEL-ATTACH] Successfully attached label 'qa' (ID: f66526ba-6a94-47b5-8239-f9fae5aa2248) to ISP-1856
[LABEL] Completed processing labels for ISP-1856. Total attached: 2
[DESCRIPTION-VALIDATE] ISP-1856: new_len=394, existing_len=430
[DESCRIPTION-UPDATE] ISP-1856: Updated description (394 chars)
  Previous: <div class="trix-content">
  <p><strong>Actual Result-</strong>Many irrelevant details like title Thi...
  Updated: <p><strong>Actual Result-</strong>Many irrelevant details like title Third Parties Portal along with ...
Processing issue 114/439: ISP-1855
[DEBUG-LABELS] Total labels found for ISP-1855: 2
[USER-MATCH] Matched 'Wilberforce Wakhungu' by parsed first+last: wilberforce Wakhungu -> 03c960cf-9cd1-41dc-8a6b-669843030d52
[USER-MATCH] Matched 'Robert Mbugua Kanyoro' by email: robert.mbugua@craftsilicon.com -> fb1e0a05-f047-4e22-a52b-b9b1fe4b4358
[STATUS-MATCH] Matched status 'In Progress' by name: In Progress -> c805a0e9-73fc-4726-a1ab-d28b9a36469e
[BANKING-MATCH] Found existing banking type 'ERP' -> d9a45733-9624-42c2-afcc-888ce998dbbe
📥 DOWNLOADING ISSUE-LEVEL ATTACHMENTS FOR ISP-1855
   Total files: 2 (4.39 MB)

   [1/2] 📥 Downloading: Client(Contact-Phone no. & Notes).mp4 (1.45 MB)
  Attempt 1/3: Downloading from https://craftsilicon.atlassian.net/rest/api/3/attachment/content/128988...
  Following redirect 1/6 to: https://api.media.atlassian.com/file/e9ac05f5-7af3-40e8-a03d-7c2333758ad8/binary?token=eyJhbGciOiJIUzI1NiJ9.eyJpc3MiOiJiN...
  Attempt 1/3: Downloading from https://api.media.atlassian.com/file/e9ac05f5-7af3-40e8-a03d-7c2333758ad8/binary?token=eyJhbGciOiJIUzI1NiJ9.eyJpc3MiOiJiN...
  ✅ Downloaded 1517258 bytes successfully
   ✅ Successfully attached: Client(Contact-Phone no. & Notes).mp4 (verified in storage)
  Attached Client(Contact-Phone no. & Notes).mp4 to defect ISP-1855 (service_exists=true)
   [2/2] 📥 Downloading: Leads(Contact-Phone number)& Notes.mp4 (2.94 MB)
  Attempt 1/3: Downloading from https://craftsilicon.atlassian.net/rest/api/3/attachment/content/128989...
  Following redirect 1/6 to: https://api.media.atlassian.com/file/79fd6a06-e196-471c-8b4b-d6a3918e8314/binary?token=eyJhbGciOiJIUzI1NiJ9.eyJpc3MiOiJiN...
  Attempt 1/3: Downloading from https://api.media.atlassian.com/file/79fd6a06-e196-471c-8b4b-d6a3918e8314/binary?token=eyJhbGciOiJIUzI1NiJ9.eyJpc3MiOiJiN...
  ✅ Downloaded 3085103 bytes successfully
   ✅ Successfully attached: Leads(Contact-Phone number)& Notes.mp4 (verified in storage)
  Attached Leads(Contact-Phone number)& Notes.mp4 to defect ISP-1855 (service_exists=true)

📊 Attachment Summary for ISP-1855:
   ✅ Uploaded: 2
   ⏭️  Skipped: 0
   ❌ Failed: 0

[LABEL] Processing 2 label(s) for ISP-1855
[LABEL-MATCH] Found existing label 'New_ERP' (stored as 'new_erp') -> a9f0bd31-9bc0-4a7b-90fc-2ed53a305e8d
[LABEL-ATTACH] Successfully attached label 'new_erp' (ID: a9f0bd31-9bc0-4a7b-90fc-2ed53a305e8d) to ISP-1855
[LABEL-MATCH] Found existing label 'QA' (stored as 'qa') -> f66526ba-6a94-47b5-8239-f9fae5aa2248
[LABEL-ATTACH] Successfully attached label 'qa' (ID: f66526ba-6a94-47b5-8239-f9fae5aa2248) to ISP-1855
[LABEL] Completed processing labels for ISP-1855. Total attached: 2
[DESCRIPTION-VALIDATE] ISP-1855: new_len=115, existing_len=151
[DESCRIPTION-UPDATE] ISP-1855: Updated description (115 chars)
  Previous: <div class="trix-content">
  <p><strong>Repro steps</strong></p>
<p><strong>Actual results</strong></...
  Updated: <p><strong>Repro steps</strong></p>
<p><strong>Actual results</strong></p>
<p><strong>Expected result...
Processing issue 115/439: ISP-1854
[DEBUG-LABELS] Total labels found for ISP-1854: 2
[USER-MATCH] Matched 'archana.verma' by parsed first+last: archana verma -> 7b5370b5-abcd-4ad2-908b-1791ca40d9c9
[USER-MATCH] Matched 'Robert Mbugua Kanyoro' by email: robert.mbugua@craftsilicon.com -> fb1e0a05-f047-4e22-a52b-b9b1fe4b4358
[STATUS-MATCH] Matched status 'In Progress' by name: In Progress -> c805a0e9-73fc-4726-a1ab-d28b9a36469e
[BANKING-MATCH] Found existing banking type 'ERP' -> d9a45733-9624-42c2-afcc-888ce998dbbe
📥 DOWNLOADING ISSUE-LEVEL ATTACHMENTS FOR ISP-1854
   Total files: 1 (32.24 MB)

   [1/1] 📥 Downloading: ISP-1854-Max vendors-Pre Qual Round.mp4 (32.24 MB)
  Attempt 1/5: Downloading from https://craftsilicon.atlassian.net/rest/api/3/attachment/content/128985...
  Following redirect 1/6 to: https://api.media.atlassian.com/file/5bda00be-4c7e-43b6-9881-1ce994bb553a/binary?token=eyJhbGciOiJIUzI1NiJ9.eyJpc3MiOiJiN...
  Attempt 1/5: Downloading from https://api.media.atlassian.com/file/5bda00be-4c7e-43b6-9881-1ce994bb553a/binary?token=eyJhbGciOiJIUzI1NiJ9.eyJpc3MiOiJiN...
  📊 Downloaded 10.0/32.24 MB...
  📊 Downloaded 20.0/32.24 MB...
  📊 Downloaded 30.0/32.24 MB...
  ✅ Downloaded 33807723 bytes successfully
   ✅ Successfully attached: ISP-1854-Max vendors-Pre Qual Round.mp4 (verified in storage)
  Attached ISP-1854-Max vendors-Pre Qual Round.mp4 to defect ISP-1854 (service_exists=true)

📊 Attachment Summary for ISP-1854:
   ✅ Uploaded: 1
   ⏭️  Skipped: 0
   ❌ Failed: 0

[LABEL] Processing 2 label(s) for ISP-1854
[LABEL-MATCH] Found existing label 'New_ERP' (stored as 'new_erp') -> a9f0bd31-9bc0-4a7b-90fc-2ed53a305e8d
[LABEL-ATTACH] Successfully attached label 'new_erp' (ID: a9f0bd31-9bc0-4a7b-90fc-2ed53a305e8d) to ISP-1854
[LABEL-MATCH] Found existing label 'QA' (stored as 'qa') -> f66526ba-6a94-47b5-8239-f9fae5aa2248
[LABEL-ATTACH] Successfully attached label 'qa' (ID: f66526ba-6a94-47b5-8239-f9fae5aa2248) to ISP-1854
[LABEL] Completed processing labels for ISP-1854. Total attached: 2
[DESCRIPTION-VALIDATE] ISP-1854: new_len=801, existing_len=814
[DESCRIPTION-UPDATE] ISP-1854: Updated description (801 chars)
  Previous: <div class="trix-content">
  <p><strong>Actual Result-</strong><br><span>No error is displayed when s...
  Updated: <p><strong>Actual Result-</strong><br><span style="color: #ff5630">No error is displayed when submitt...
Processing issue 116/439: ISP-1853
[DEBUG-LABELS] Total labels found for ISP-1853: 2
[USER-MATCH] Matched 'Wilberforce Wakhungu' by parsed first+last: wilberforce Wakhungu -> 03c960cf-9cd1-41dc-8a6b-669843030d52
[USER-MATCH] Matched 'Robert Mbugua Kanyoro' by email: robert.mbugua@craftsilicon.com -> fb1e0a05-f047-4e22-a52b-b9b1fe4b4358
[STATUS-MATCH] Matched status 'In Progress' by name: In Progress -> c805a0e9-73fc-4726-a1ab-d28b9a36469e
[BANKING-MATCH] Found existing banking type 'ERP' -> d9a45733-9624-42c2-afcc-888ce998dbbe
📥 DOWNLOADING ISSUE-LEVEL ATTACHMENTS FOR ISP-1853
   Total files: 1 (8.29 MB)

   [1/1] 📥 Downloading: Marketing plan(Global plan).mp4 (8.29 MB)
  Attempt 1/3: Downloading from https://craftsilicon.atlassian.net/rest/api/3/attachment/content/128984...
  Following redirect 1/6 to: https://api.media.atlassian.com/file/a917eb8e-aff9-4464-9ac8-286f3908b3a8/binary?token=eyJhbGciOiJIUzI1NiJ9.eyJpc3MiOiJiN...
  Attempt 1/3: Downloading from https://api.media.atlassian.com/file/a917eb8e-aff9-4464-9ac8-286f3908b3a8/binary?token=eyJhbGciOiJIUzI1NiJ9.eyJpc3MiOiJiN...
  ✅ Downloaded 8688824 bytes successfully
   ✅ Successfully attached: Marketing plan(Global plan).mp4 (verified in storage)
  Attached Marketing plan(Global plan).mp4 to defect ISP-1853 (service_exists=true)

📊 Attachment Summary for ISP-1853:
   ✅ Uploaded: 1
   ⏭️  Skipped: 0
   ❌ Failed: 0

[LABEL] Processing 2 label(s) for ISP-1853
[LABEL-MATCH] Found existing label 'New_ERP' (stored as 'new_erp') -> a9f0bd31-9bc0-4a7b-90fc-2ed53a305e8d
[LABEL-ATTACH] Successfully attached label 'new_erp' (ID: a9f0bd31-9bc0-4a7b-90fc-2ed53a305e8d) to ISP-1853
[LABEL-MATCH] Found existing label 'QA' (stored as 'qa') -> f66526ba-6a94-47b5-8239-f9fae5aa2248
[LABEL-ATTACH] Successfully attached label 'qa' (ID: f66526ba-6a94-47b5-8239-f9fae5aa2248) to ISP-1853
[LABEL] Completed processing labels for ISP-1853. Total attached: 2
[DESCRIPTION-VALIDATE] ISP-1853: new_len=370, existing_len=406
[DESCRIPTION-UPDATE] ISP-1853: Updated description (370 chars)
  Previous: <div class="trix-content">
  <p><strong>Repro steps</strong></p>
<p><strong>Actual results</strong></...
  Updated: <p><strong>Repro steps</strong></p>
<p><strong>Actual results</strong></p>
<p>The activity is not add...
Processing issue 117/439: ISP-1852
[DEBUG-LABELS] Total labels found for ISP-1852: 2
[USER-MATCH] Matched 'archana.verma' by parsed first+last: archana verma -> 7b5370b5-abcd-4ad2-908b-1791ca40d9c9
[USER-MATCH] Matched 'Robert Mbugua Kanyoro' by email: robert.mbugua@craftsilicon.com -> fb1e0a05-f047-4e22-a52b-b9b1fe4b4358
[STATUS-MATCH] Matched status 'In Progress' by name: In Progress -> c805a0e9-73fc-4726-a1ab-d28b9a36469e
[BANKING-MATCH] Found existing banking type 'ERP' -> d9a45733-9624-42c2-afcc-888ce998dbbe
📥 DOWNLOADING ISSUE-LEVEL ATTACHMENTS FOR ISP-1852
   Total files: 1 (26.02 MB)

   [1/1] 📥 Downloading: ISP-1852-Pre Qual Round-Edit-Cannot Add Criteria Items.mp4 (26.02 MB)
  Attempt 1/5: Downloading from https://craftsilicon.atlassian.net/rest/api/3/attachment/content/128982...
  Following redirect 1/6 to: https://api.media.atlassian.com/file/54ab55b9-ff93-41f1-8a61-aa0570c1c753/binary?token=eyJhbGciOiJIUzI1NiJ9.eyJpc3MiOiJiN...
  Attempt 1/5: Downloading from https://api.media.atlassian.com/file/54ab55b9-ff93-41f1-8a61-aa0570c1c753/binary?token=eyJhbGciOiJIUzI1NiJ9.eyJpc3MiOiJiN...
  📊 Downloaded 10.0/26.02 MB...
  📊 Downloaded 20.0/26.02 MB...
  ✅ Downloaded 27288492 bytes successfully
   ✅ Successfully attached: ISP-1852-Pre Qual Round-Edit-Cannot Add Criteria Items.mp4 (verified in storage)
  Attached ISP-1852-Pre Qual Round-Edit-Cannot Add Criteria Items.mp4 to defect ISP-1852 (service_exists=true)

📊 Attachment Summary for ISP-1852:
   ✅ Uploaded: 1
   ⏭️  Skipped: 0
   ❌ Failed: 0

[LABEL] Processing 2 label(s) for ISP-1852
[LABEL-MATCH] Found existing label 'New_ERP' (stored as 'new_erp') -> a9f0bd31-9bc0-4a7b-90fc-2ed53a305e8d
[LABEL-ATTACH] Successfully attached label 'new_erp' (ID: a9f0bd31-9bc0-4a7b-90fc-2ed53a305e8d) to ISP-1852
[LABEL-MATCH] Found existing label 'QA' (stored as 'qa') -> f66526ba-6a94-47b5-8239-f9fae5aa2248
[LABEL-ATTACH] Successfully attached label 'qa' (ID: f66526ba-6a94-47b5-8239-f9fae5aa2248) to ISP-1852
[LABEL] Completed processing labels for ISP-1852. Total attached: 2
[DESCRIPTION-VALIDATE] ISP-1852: new_len=655, existing_len=645
[DESCRIPTION-UPDATE] ISP-1852: Updated description (655 chars)
  Previous: <div class="trix-content">
  <p><strong>Actual Result-</strong><br><span>1. Round is getting updated ...
  Updated: <p><strong>Actual Result-</strong><br><span style="color: #36b37e">1. Round is getting updated succes...
Processing issue 118/439: ISP-1851
[DEBUG-LABELS] Total labels found for ISP-1851: 2
[USER-MATCH] Matched 'archana.verma' by parsed first+last: archana verma -> 7b5370b5-abcd-4ad2-908b-1791ca40d9c9
[USER-MATCH] Matched 'Robert Mbugua Kanyoro' by email: robert.mbugua@craftsilicon.com -> fb1e0a05-f047-4e22-a52b-b9b1fe4b4358
[STATUS-MATCH] Matched status 'In Progress' by name: In Progress -> c805a0e9-73fc-4726-a1ab-d28b9a36469e
[BANKING-MATCH] Found existing banking type 'ERP' -> d9a45733-9624-42c2-afcc-888ce998dbbe
📥 DOWNLOADING ISSUE-LEVEL ATTACHMENTS FOR ISP-1851
   Total files: 1 (27.89 MB)

   [1/1] 📥 Downloading: ISP-1851-Expired Rounds.mp4 (27.89 MB)
  Attempt 1/5: Downloading from https://craftsilicon.atlassian.net/rest/api/3/attachment/content/128981...
  Following redirect 1/6 to: https://api.media.atlassian.com/file/891605a4-137a-4d5d-8a25-803b5ec1e91f/binary?token=eyJhbGciOiJIUzI1NiJ9.eyJpc3MiOiJiN...
  Attempt 1/5: Downloading from https://api.media.atlassian.com/file/891605a4-137a-4d5d-8a25-803b5ec1e91f/binary?token=eyJhbGciOiJIUzI1NiJ9.eyJpc3MiOiJiN...
  📊 Downloaded 10.0/27.89 MB...
  📊 Downloaded 20.0/27.89 MB...
  ✅ Downloaded 29241614 bytes successfully
   ✅ Successfully attached: ISP-1851-Expired Rounds.mp4 (verified in storage)
  Attached ISP-1851-Expired Rounds.mp4 to defect ISP-1851 (service_exists=true)

📊 Attachment Summary for ISP-1851:
   ✅ Uploaded: 1
   ⏭️  Skipped: 0
   ❌ Failed: 0

[LABEL] Processing 2 label(s) for ISP-1851
[LABEL-MATCH] Found existing label 'New_ERP' (stored as 'new_erp') -> a9f0bd31-9bc0-4a7b-90fc-2ed53a305e8d
[LABEL-ATTACH] Successfully attached label 'new_erp' (ID: a9f0bd31-9bc0-4a7b-90fc-2ed53a305e8d) to ISP-1851
[LABEL-MATCH] Found existing label 'QA' (stored as 'qa') -> f66526ba-6a94-47b5-8239-f9fae5aa2248
[LABEL-ATTACH] Successfully attached label 'qa' (ID: f66526ba-6a94-47b5-8239-f9fae5aa2248) to ISP-1851
[LABEL] Completed processing labels for ISP-1851. Total attached: 2
[DESCRIPTION-VALIDATE] ISP-1851: new_len=79, existing_len=115
[DESCRIPTION-UPDATE] ISP-1851: Updated description (79 chars)
  Previous: <div class="trix-content">
  <p><strong>Actual Result-</strong></p>
<p><strong>Expected Result-</stro...
Processing issue 119/439: ISP-1850
[DEBUG-LABELS] Total labels found for ISP-1850: 2
[USER-MATCH] Matched 'Wilberforce Wakhungu' by parsed first+last: wilberforce Wakhungu -> 03c960cf-9cd1-41dc-8a6b-669843030d52
[USER-MATCH] Matched 'Robert Mbugua Kanyoro' by email: robert.mbugua@craftsilicon.com -> fb1e0a05-f047-4e22-a52b-b9b1fe4b4358
[STATUS-MATCH] Matched status 'In Progress' by name: In Progress -> c805a0e9-73fc-4726-a1ab-d28b9a36469e
[BANKING-MATCH] Found existing banking type 'ERP' -> d9a45733-9624-42c2-afcc-888ce998dbbe
📥 DOWNLOADING ISSUE-LEVEL ATTACHMENTS FOR ISP-1850
   Total files: 1 (2.87 MB)

   [1/1] 📥 Downloading: ticket priority.mp4 (2.87 MB)
  Attempt 1/3: Downloading from https://craftsilicon.atlassian.net/rest/api/3/attachment/content/128980...
  Following redirect 1/6 to: https://api.media.atlassian.com/file/61cbae64-8801-4d01-a9cc-300ac9d60770/binary?token=eyJhbGciOiJIUzI1NiJ9.eyJpc3MiOiJiN...
  Attempt 1/3: Downloading from https://api.media.atlassian.com/file/61cbae64-8801-4d01-a9cc-300ac9d60770/binary?token=eyJhbGciOiJIUzI1NiJ9.eyJpc3MiOiJiN...
  ✅ Downloaded 3012416 bytes successfully
   ✅ Successfully attached: ticket priority.mp4 (verified in storage)
  Attached ticket priority.mp4 to defect ISP-1850 (service_exists=true)

📊 Attachment Summary for ISP-1850:
   ✅ Uploaded: 1
   ⏭️  Skipped: 0
   ❌ Failed: 0

[LABEL] Processing 2 label(s) for ISP-1850
[LABEL-MATCH] Found existing label 'New_ERP' (stored as 'new_erp') -> a9f0bd31-9bc0-4a7b-90fc-2ed53a305e8d
[LABEL-ATTACH] Successfully attached label 'new_erp' (ID: a9f0bd31-9bc0-4a7b-90fc-2ed53a305e8d) to ISP-1850
[LABEL-MATCH] Found existing label 'QA' (stored as 'qa') -> f66526ba-6a94-47b5-8239-f9fae5aa2248
[LABEL-ATTACH] Successfully attached label 'qa' (ID: f66526ba-6a94-47b5-8239-f9fae5aa2248) to ISP-1850
[LABEL] Completed processing labels for ISP-1850. Total attached: 2
[DESCRIPTION-VALIDATE] ISP-1850: new_len=398, existing_len=434
[DESCRIPTION-UPDATE] ISP-1850: Updated description (398 chars)
  Previous: <div class="trix-content">
  <p><strong>Repro steps</strong></p>
<p><strong>Actual results</strong></...
  Updated: <p><strong>Repro steps</strong></p>
<p><strong>Actual results</strong></p>
<p>System displays “Form s...
Processing issue 120/439: ISP-1849
[DEBUG-LABELS] Total labels found for ISP-1849: 2
[USER-MATCH] Matched 'archana.verma' by parsed first+last: archana verma -> 7b5370b5-abcd-4ad2-908b-1791ca40d9c9
[USER-MATCH] Matched 'Robert Mbugua Kanyoro' by email: robert.mbugua@craftsilicon.com -> fb1e0a05-f047-4e22-a52b-b9b1fe4b4358
[STATUS-MATCH] Matched status 'In Progress' by name: In Progress -> c805a0e9-73fc-4726-a1ab-d28b9a36469e
[BANKING-MATCH] Found existing banking type 'ERP' -> d9a45733-9624-42c2-afcc-888ce998dbbe
📥 DOWNLOADING ISSUE-LEVEL ATTACHMENTS FOR ISP-1849
   Total files: 1 (3.77 MB)

   [1/1] 📥 Downloading: ISP-1849-Pre Qualificiation Round.mp4 (3.77 MB)
  Attempt 1/3: Downloading from https://craftsilicon.atlassian.net/rest/api/3/attachment/content/128978...
  Following redirect 1/6 to: https://api.media.atlassian.com/file/bca3be61-a47f-429d-9a31-cb6ac3db6401/binary?token=eyJhbGciOiJIUzI1NiJ9.eyJpc3MiOiJiN...
  Attempt 1/3: Downloading from https://api.media.atlassian.com/file/bca3be61-a47f-429d-9a31-cb6ac3db6401/binary?token=eyJhbGciOiJIUzI1NiJ9.eyJpc3MiOiJiN...
  ✅ Downloaded 3953739 bytes successfully
   ✅ Successfully attached: ISP-1849-Pre Qualificiation Round.mp4 (verified in storage)
  Attached ISP-1849-Pre Qualificiation Round.mp4 to defect ISP-1849 (service_exists=true)

📊 Attachment Summary for ISP-1849:
   ✅ Uploaded: 1
   ⏭️  Skipped: 0
   ❌ Failed: 0

[LABEL] Processing 2 label(s) for ISP-1849
[LABEL-MATCH] Found existing label 'New_ERP' (stored as 'new_erp') -> a9f0bd31-9bc0-4a7b-90fc-2ed53a305e8d
[LABEL-ATTACH] Successfully attached label 'new_erp' (ID: a9f0bd31-9bc0-4a7b-90fc-2ed53a305e8d) to ISP-1849
[LABEL-MATCH] Found existing label 'QA' (stored as 'qa') -> f66526ba-6a94-47b5-8239-f9fae5aa2248
[LABEL-ATTACH] Successfully attached label 'qa' (ID: f66526ba-6a94-47b5-8239-f9fae5aa2248) to ISP-1849
[LABEL] Completed processing labels for ISP-1849. Total attached: 2
[DESCRIPTION-VALIDATE] ISP-1849: new_len=276, existing_len=312
[DESCRIPTION-UPDATE] ISP-1849: Updated description (276 chars)
  Previous: <div class="trix-content">
  <p><strong>Actual Result-</strong></p>
<p><strong>Expected Result-</stro...
  Updated: <p><strong>Actual Result-</strong></p>
<p><strong>Expected Result-</strong>Any Section or Criteria It...
Processing issue 121/439: ISP-1848
[DEBUG-LABELS] Total labels found for ISP-1848: 2
[USER-MATCH] Matched 'Wilberforce Wakhungu' by parsed first+last: wilberforce Wakhungu -> 03c960cf-9cd1-41dc-8a6b-669843030d52
[USER-MATCH] Matched 'Robert Mbugua Kanyoro' by email: robert.mbugua@craftsilicon.com -> fb1e0a05-f047-4e22-a52b-b9b1fe4b4358
[STATUS-MATCH] Matched status 'In Progress' by name: In Progress -> c805a0e9-73fc-4726-a1ab-d28b9a36469e
[BANKING-MATCH] Found existing banking type 'ERP' -> d9a45733-9624-42c2-afcc-888ce998dbbe
📥 DOWNLOADING ISSUE-LEVEL ATTACHMENTS FOR ISP-1848
   Total files: 1 (3.4 MB)

   [1/1] 📥 Downloading: Competitor(Location field).mp4 (3.4 MB)
  Attempt 1/3: Downloading from https://craftsilicon.atlassian.net/rest/api/3/attachment/content/128976...
  Following redirect 1/6 to: https://api.media.atlassian.com/file/136900c8-44e4-403b-85c3-b689eec5b46a/binary?token=eyJhbGciOiJIUzI1NiJ9.eyJpc3MiOiJiN...
  Attempt 1/3: Downloading from https://api.media.atlassian.com/file/136900c8-44e4-403b-85c3-b689eec5b46a/binary?token=eyJhbGciOiJIUzI1NiJ9.eyJpc3MiOiJiN...
  ✅ Downloaded 3563314 bytes successfully
   ✅ Successfully attached: Competitor(Location field).mp4 (verified in storage)
  Attached Competitor(Location field).mp4 to defect ISP-1848 (service_exists=true)

📊 Attachment Summary for ISP-1848:
   ✅ Uploaded: 1
   ⏭️  Skipped: 0
   ❌ Failed: 0

[LABEL] Processing 2 label(s) for ISP-1848
[LABEL-MATCH] Found existing label 'New_ERP' (stored as 'new_erp') -> a9f0bd31-9bc0-4a7b-90fc-2ed53a305e8d
[LABEL-ATTACH] Successfully attached label 'new_erp' (ID: a9f0bd31-9bc0-4a7b-90fc-2ed53a305e8d) to ISP-1848
[LABEL-MATCH] Found existing label 'QA' (stored as 'qa') -> f66526ba-6a94-47b5-8239-f9fae5aa2248
[LABEL-ATTACH] Successfully attached label 'qa' (ID: f66526ba-6a94-47b5-8239-f9fae5aa2248) to ISP-1848
[LABEL] Completed processing labels for ISP-1848. Total attached: 2
[DESCRIPTION-VALIDATE] ISP-1848: new_len=64, existing_len=100
[DESCRIPTION-UPDATE] ISP-1848: Updated description (64 chars)
Processing issue 122/439: ISP-1847
[DEBUG-LABELS] Total labels found for ISP-1847: 3
[USER-MATCH] Matched 'archana.verma' by parsed first+last: archana verma -> 7b5370b5-abcd-4ad2-908b-1791ca40d9c9
[USER-MATCH] Matched 'Robert Mbugua Kanyoro' by email: robert.mbugua@craftsilicon.com -> fb1e0a05-f047-4e22-a52b-b9b1fe4b4358
[STATUS-MATCH] Matched status 'Awaiting Build' by name: Awaiting Build -> bf46baa0-8c97-4afe-a65a-a300e43d70e6
[BANKING-MATCH] Found existing banking type 'ERP' -> d9a45733-9624-42c2-afcc-888ce998dbbe
📥 DOWNLOADING ISSUE-LEVEL ATTACHMENTS FOR ISP-1847
   Total files: 2 (18.32 MB)

   [1/2] 📥 Downloading: ISP-1847.mp4 (7.63 MB)
  Attempt 1/3: Downloading from https://craftsilicon.atlassian.net/rest/api/3/attachment/content/129408...
  Following redirect 1/6 to: https://api.media.atlassian.com/file/5176d103-7eb0-4116-9d15-6932caea0494/binary?token=eyJhbGciOiJIUzI1NiJ9.eyJpc3MiOiJiN...
  Attempt 1/3: Downloading from https://api.media.atlassian.com/file/5176d103-7eb0-4116-9d15-6932caea0494/binary?token=eyJhbGciOiJIUzI1NiJ9.eyJpc3MiOiJiN...
  ✅ Downloaded 8005408 bytes successfully
   ✅ Successfully attached: ISP-1847.mp4 (verified in storage)
  Attached ISP-1847.mp4 to defect ISP-1847 (service_exists=true)
   [2/2] 📥 Downloading: ISP-1847-Award-Approve or Reject error.mp4 (10.69 MB)
  Attempt 1/3: Downloading from https://craftsilicon.atlassian.net/rest/api/3/attachment/content/128977...
  Following redirect 1/6 to: https://api.media.atlassian.com/file/4fc43b4d-56f6-4cc5-99e2-75b69dca9518/binary?token=eyJhbGciOiJIUzI1NiJ9.eyJpc3MiOiJiN...
  Attempt 1/3: Downloading from https://api.media.atlassian.com/file/4fc43b4d-56f6-4cc5-99e2-75b69dca9518/binary?token=eyJhbGciOiJIUzI1NiJ9.eyJpc3MiOiJiN...
  📊 Downloaded 10.0/10.69 MB...
  ✅ Downloaded 11207454 bytes successfully
   ✅ Successfully attached: ISP-1847-Award-Approve or Reject error.mp4 (verified in storage)
  Attached ISP-1847-Award-Approve or Reject error.mp4 to defect ISP-1847 (service_exists=true)

📊 Attachment Summary for ISP-1847:
   ✅ Uploaded: 2
   ⏭️  Skipped: 0
   ❌ Failed: 0

[LABEL] Processing 3 label(s) for ISP-1847
[LABEL-MATCH] Found existing label 'Blocker' (stored as 'blocker') -> 53446826-4aac-4ac5-bcac-9aadd9a0f375
[LABEL-ATTACH] Successfully attached label 'blocker' (ID: 53446826-4aac-4ac5-bcac-9aadd9a0f375) to ISP-1847
[LABEL-MATCH] Found existing label 'New_ERP' (stored as 'new_erp') -> a9f0bd31-9bc0-4a7b-90fc-2ed53a305e8d
[LABEL-ATTACH] Successfully attached label 'new_erp' (ID: a9f0bd31-9bc0-4a7b-90fc-2ed53a305e8d) to ISP-1847
[LABEL-MATCH] Found existing label 'QA' (stored as 'qa') -> f66526ba-6a94-47b5-8239-f9fae5aa2248
[LABEL-ATTACH] Successfully attached label 'qa' (ID: f66526ba-6a94-47b5-8239-f9fae5aa2248) to ISP-1847
[LABEL] Completed processing labels for ISP-1847. Total attached: 3
[COMMENTS] Importing 1 comment(s) for ISP-1847...
[USER-MATCH] Matched 'Robert Mbugua Kanyoro' by email: robert.mbugua@craftsilicon.com -> fb1e0a05-f047-4e22-a52b-b9b1fe4b4358
[IMPORT] Added rich text comment by Robert Mbugua Kanyoro to ISP-1847 (id=79bf240c-c76b-45dc-b309-c2132b1b5f15, length=26)
[DESCRIPTION-VALIDATE] ISP-1847: new_len=375, existing_len=388
[DESCRIPTION-UPDATE] ISP-1847: Updated description (375 chars)
  Previous: <div class="trix-content">
  <p><strong>Actual Result</strong>-On <span>clicking Approve Award or Rej...
  Updated: <p><strong>Actual Result</strong>-On <span style="color: #ff5630">clicking Approve Award or Reject Aw...
Processing issue 123/439: ISP-1845
[DEBUG-LABELS] Total labels found for ISP-1845: 2
[USER-MATCH] Matched 'archana.verma' by parsed first+last: archana verma -> 7b5370b5-abcd-4ad2-908b-1791ca40d9c9
[USER-MATCH] Matched 'Robert Mbugua Kanyoro' by email: robert.mbugua@craftsilicon.com -> fb1e0a05-f047-4e22-a52b-b9b1fe4b4358
[STATUS-MATCH] Matched status 'In Progress' by name: In Progress -> c805a0e9-73fc-4726-a1ab-d28b9a36469e
[BANKING-MATCH] Found existing banking type 'ERP' -> d9a45733-9624-42c2-afcc-888ce998dbbe
📥 DOWNLOADING ISSUE-LEVEL ATTACHMENTS FOR ISP-1845
   Total files: 1 (6.08 MB)

   [1/1] 📥 Downloading: ISP-1845.mp4 (6.08 MB)
  Attempt 1/3: Downloading from https://craftsilicon.atlassian.net/rest/api/3/attachment/content/128974...
  Following redirect 1/6 to: https://api.media.atlassian.com/file/3b1fc5d7-5f63-4476-bf95-d948de5325fe/binary?token=eyJhbGciOiJIUzI1NiJ9.eyJpc3MiOiJiN...
  Attempt 1/3: Downloading from https://api.media.atlassian.com/file/3b1fc5d7-5f63-4476-bf95-d948de5325fe/binary?token=eyJhbGciOiJIUzI1NiJ9.eyJpc3MiOiJiN...
  ✅ Downloaded 6375196 bytes successfully
   ✅ Successfully attached: ISP-1845.mp4 (verified in storage)
  Attached ISP-1845.mp4 to defect ISP-1845 (service_exists=true)

📊 Attachment Summary for ISP-1845:
   ✅ Uploaded: 1
   ⏭️  Skipped: 0
   ❌ Failed: 0

[LABEL] Processing 2 label(s) for ISP-1845
[LABEL-MATCH] Found existing label 'New_ERP' (stored as 'new_erp') -> a9f0bd31-9bc0-4a7b-90fc-2ed53a305e8d
[LABEL-ATTACH] Successfully attached label 'new_erp' (ID: a9f0bd31-9bc0-4a7b-90fc-2ed53a305e8d) to ISP-1845
[LABEL-MATCH] Found existing label 'QA' (stored as 'qa') -> f66526ba-6a94-47b5-8239-f9fae5aa2248
[LABEL-ATTACH] Successfully attached label 'qa' (ID: f66526ba-6a94-47b5-8239-f9fae5aa2248) to ISP-1845
[LABEL] Completed processing labels for ISP-1845. Total attached: 2
[DESCRIPTION-VALIDATE] ISP-1845: new_len=281, existing_len=317
[DESCRIPTION-UPDATE] ISP-1845: Updated description (281 chars)
  Previous: <div class="trix-content">
  <p><strong>Actual Result-</strong>On the RFQ Consolidated Scores screen,...
  Updated: <p><strong>Actual Result-</strong>On the RFQ Consolidated Scores screen, user can click the Awarded b...
Processing issue 124/439: ISP-1844
[DEBUG-LABELS] Total labels found for ISP-1844: 2
[USER-MATCH] Matched 'nicholas.mbithuka' by parsed first+last: nicholas Mbithuka -> a4ac82e1-0812-4298-a390-eb72c4248f1a
[USER-MATCH] Matched 'Robert Mbugua Kanyoro' by email: robert.mbugua@craftsilicon.com -> fb1e0a05-f047-4e22-a52b-b9b1fe4b4358
[STATUS-MATCH] Matched status 'In Progress' by name: In Progress -> c805a0e9-73fc-4726-a1ab-d28b9a36469e
[BANKING-MATCH] Found existing banking type 'ERP' -> d9a45733-9624-42c2-afcc-888ce998dbbe
📥 DOWNLOADING ISSUE-LEVEL ATTACHMENTS FOR ISP-1844
   Total files: 1 (1.6 MB)

   [1/1] 📥 Downloading: ERP-Settings Branches View Defect.mp4 (1.6 MB)
  Attempt 1/3: Downloading from https://craftsilicon.atlassian.net/rest/api/3/attachment/content/128971...
  Following redirect 1/6 to: https://api.media.atlassian.com/file/815b2f38-46ff-4dfb-9afc-e7a7cbc3f876/binary?token=eyJhbGciOiJIUzI1NiJ9.eyJpc3MiOiJiN...
  Attempt 1/3: Downloading from https://api.media.atlassian.com/file/815b2f38-46ff-4dfb-9afc-e7a7cbc3f876/binary?token=eyJhbGciOiJIUzI1NiJ9.eyJpc3MiOiJiN...
  ✅ Downloaded 1680033 bytes successfully
   ✅ Successfully attached: ERP-Settings Branches View Defect.mp4 (verified in storage)
  Attached ERP-Settings Branches View Defect.mp4 to defect ISP-1844 (service_exists=true)

📊 Attachment Summary for ISP-1844:
   ✅ Uploaded: 1
   ⏭️  Skipped: 0
   ❌ Failed: 0

[LABEL] Processing 2 label(s) for ISP-1844
[LABEL-MATCH] Found existing label 'New_ERP' (stored as 'new_erp') -> a9f0bd31-9bc0-4a7b-90fc-2ed53a305e8d
[LABEL-ATTACH] Successfully attached label 'new_erp' (ID: a9f0bd31-9bc0-4a7b-90fc-2ed53a305e8d) to ISP-1844
[LABEL-MATCH] Found existing label 'QA' (stored as 'qa') -> f66526ba-6a94-47b5-8239-f9fae5aa2248
[LABEL-ATTACH] Successfully attached label 'qa' (ID: f66526ba-6a94-47b5-8239-f9fae5aa2248) to ISP-1844
[LABEL] Completed processing labels for ISP-1844. Total attached: 2
[DESCRIPTION-VALIDATE] ISP-1844: new_len=243, existing_len=279
[DESCRIPTION-UPDATE] ISP-1844: Updated description (243 chars)
  Previous: <div class="trix-content">
  <p>Repro Steps:</p>
<p>Actual Results:</p>
<p>Expected Results:</p>
<p>T...
  Updated: <p>Repro Steps:</p>
<p>Actual Results:</p>
<p>Expected Results:</p>
<p>The system should provide a Vi...
Processing issue 125/439: ISP-1843
[DEBUG-LABELS] Total labels found for ISP-1843: 2
[USER-MATCH] Matched 'archana.verma' by parsed first+last: archana verma -> 7b5370b5-abcd-4ad2-908b-1791ca40d9c9
[USER-MATCH] Matched 'Robert Mbugua Kanyoro' by email: robert.mbugua@craftsilicon.com -> fb1e0a05-f047-4e22-a52b-b9b1fe4b4358
[STATUS-MATCH] Matched status 'In Progress' by name: In Progress -> c805a0e9-73fc-4726-a1ab-d28b9a36469e
[BANKING-MATCH] Found existing banking type 'ERP' -> d9a45733-9624-42c2-afcc-888ce998dbbe
📥 DOWNLOADING ISSUE-LEVEL ATTACHMENTS FOR ISP-1843
   Total files: 1 (22.04 MB)

   [1/1] 📥 Downloading: ISP-1843-Awarded.mp4 (22.04 MB)
  Attempt 1/5: Downloading from https://craftsilicon.atlassian.net/rest/api/3/attachment/content/128969...
  Following redirect 1/6 to: https://api.media.atlassian.com/file/0d80b6d5-3555-4fd0-908c-a6e9789aaf25/binary?token=eyJhbGciOiJIUzI1NiJ9.eyJpc3MiOiJiN...
  Attempt 1/5: Downloading from https://api.media.atlassian.com/file/0d80b6d5-3555-4fd0-908c-a6e9789aaf25/binary?token=eyJhbGciOiJIUzI1NiJ9.eyJpc3MiOiJiN...
  📊 Downloaded 10.0/22.04 MB...
  📊 Downloaded 20.0/22.04 MB...
  ✅ Downloaded 23113236 bytes successfully
   ✅ Successfully attached: ISP-1843-Awarded.mp4 (verified in storage)
  Attached ISP-1843-Awarded.mp4 to defect ISP-1843 (service_exists=true)

📊 Attachment Summary for ISP-1843:
   ✅ Uploaded: 1
   ⏭️  Skipped: 0
   ❌ Failed: 0

[LABEL] Processing 2 label(s) for ISP-1843
[LABEL-MATCH] Found existing label 'New_ERP' (stored as 'new_erp') -> a9f0bd31-9bc0-4a7b-90fc-2ed53a305e8d
[LABEL-ATTACH] Successfully attached label 'new_erp' (ID: a9f0bd31-9bc0-4a7b-90fc-2ed53a305e8d) to ISP-1843
[LABEL-MATCH] Found existing label 'QA' (stored as 'qa') -> f66526ba-6a94-47b5-8239-f9fae5aa2248
[LABEL-ATTACH] Successfully attached label 'qa' (ID: f66526ba-6a94-47b5-8239-f9fae5aa2248) to ISP-1843
[LABEL] Completed processing labels for ISP-1843. Total attached: 2
[DESCRIPTION-VALIDATE] ISP-1843: new_len=217, existing_len=230
[DESCRIPTION-UPDATE] ISP-1843: Updated description (217 chars)
  Previous: <div class="trix-content">
  <p><strong>Actual Result-</strong><span>System displays a 404 server err...
  Updated: <p><strong>Actual Result-</strong><span style="color: #ff5630">System displays a 404 server error. </...
Processing issue 126/439: ISP-1842
[DEBUG-LABELS] Total labels found for ISP-1842: 2
[USER-MATCH] Matched 'archana.verma' by parsed first+last: archana verma -> 7b5370b5-abcd-4ad2-908b-1791ca40d9c9
[USER-MATCH] Matched 'Robert Mbugua Kanyoro' by email: robert.mbugua@craftsilicon.com -> fb1e0a05-f047-4e22-a52b-b9b1fe4b4358
[STATUS-MATCH] Matched status 'In Progress' by name: In Progress -> c805a0e9-73fc-4726-a1ab-d28b9a36469e
[BANKING-MATCH] Found existing banking type 'ERP' -> d9a45733-9624-42c2-afcc-888ce998dbbe
📥 DOWNLOADING ISSUE-LEVEL ATTACHMENTS FOR ISP-1842
   Total files: 1 (16.33 MB)

   [1/1] 📥 Downloading: ISP-1842-Inactive Criteria.mp4 (16.33 MB)
  Attempt 1/3: Downloading from https://craftsilicon.atlassian.net/rest/api/3/attachment/content/128968...
  Following redirect 1/6 to: https://api.media.atlassian.com/file/8d8296af-eb6e-4cc9-a118-4f1d5224c83f/binary?token=eyJhbGciOiJIUzI1NiJ9.eyJpc3MiOiJiN...
  Attempt 1/3: Downloading from https://api.media.atlassian.com/file/8d8296af-eb6e-4cc9-a118-4f1d5224c83f/binary?token=eyJhbGciOiJIUzI1NiJ9.eyJpc3MiOiJiN...
  📊 Downloaded 10.0/16.33 MB...
  ✅ Downloaded 17124211 bytes successfully
   ✅ Successfully attached: ISP-1842-Inactive Criteria.mp4 (verified in storage)
  Attached ISP-1842-Inactive Criteria.mp4 to defect ISP-1842 (service_exists=true)

📊 Attachment Summary for ISP-1842:
   ✅ Uploaded: 1
   ⏭️  Skipped: 0
   ❌ Failed: 0

[LABEL] Processing 2 label(s) for ISP-1842
[LABEL-MATCH] Found existing label 'New_ERP' (stored as 'new_erp') -> a9f0bd31-9bc0-4a7b-90fc-2ed53a305e8d
[LABEL-ATTACH] Successfully attached label 'new_erp' (ID: a9f0bd31-9bc0-4a7b-90fc-2ed53a305e8d) to ISP-1842
[LABEL-MATCH] Found existing label 'QA' (stored as 'qa') -> f66526ba-6a94-47b5-8239-f9fae5aa2248
[LABEL-ATTACH] Successfully attached label 'qa' (ID: f66526ba-6a94-47b5-8239-f9fae5aa2248) to ISP-1842
[LABEL] Completed processing labels for ISP-1842. Total attached: 2
[DESCRIPTION-VALIDATE] ISP-1842: new_len=436, existing_len=426
[DESCRIPTION-UPDATE] ISP-1842: Updated description (436 chars)
  Previous: <div class="trix-content">
  <p><strong>Actual Result-</strong><span>Criteria Item whose status is ma...
  Updated: <p><strong>Actual Result-</strong><span style="color: #ff5630">Criteria Item whose status is marked a...
Processing issue 127/439: ISP-1839
[DEBUG-LABELS] Total labels found for ISP-1839: 2
[USER-FALLBACK] Using default user for 'Stephen Mungai' -> b3613172-fc54-4742-b2ba-c10b97d15bf4
[USER-MATCH] Matched 'Robert Mbugua Kanyoro' by email: robert.mbugua@craftsilicon.com -> fb1e0a05-f047-4e22-a52b-b9b1fe4b4358
[STATUS-MATCH] Matched status 'In Progress' by name: In Progress -> c805a0e9-73fc-4726-a1ab-d28b9a36469e
[BANKING-MATCH] Found existing banking type 'ERP' -> d9a45733-9624-42c2-afcc-888ce998dbbe
[LABEL] Processing 2 label(s) for ISP-1839
[LABEL-MATCH] Found existing label 'New_ERP' (stored as 'new_erp') -> a9f0bd31-9bc0-4a7b-90fc-2ed53a305e8d
[LABEL-ATTACH] Successfully attached label 'new_erp' (ID: a9f0bd31-9bc0-4a7b-90fc-2ed53a305e8d) to ISP-1839
[LABEL-MATCH] Found existing label 'QA' (stored as 'qa') -> f66526ba-6a94-47b5-8239-f9fae5aa2248
[LABEL-ATTACH] Successfully attached label 'qa' (ID: f66526ba-6a94-47b5-8239-f9fae5aa2248) to ISP-1839
[LABEL] Completed processing labels for ISP-1839. Total attached: 2
[DESCRIPTION-VALIDATE] ISP-1839: new_len=118, existing_len=154
[DESCRIPTION-UPDATE] ISP-1839: Updated description (118 chars)
  Previous: <div class="trix-content">
  <p><strong>Repro Steps:</strong></p>
<p><strong>Actual Results:</strong>...
  Updated: <p><strong>Repro Steps:</strong></p>
<p><strong>Actual Results:</strong></p>
<p><strong>Expected Resu...
Processing issue 128/439: ISP-1837
[DEBUG-LABELS] Total labels found for ISP-1837: 2
[USER-FALLBACK] Using default user for 'Stephen Mungai' -> b3613172-fc54-4742-b2ba-c10b97d15bf4
[USER-MATCH] Matched 'Robert Mbugua Kanyoro' by email: robert.mbugua@craftsilicon.com -> fb1e0a05-f047-4e22-a52b-b9b1fe4b4358
[STATUS-MATCH] Matched status 'In Progress' by name: In Progress -> c805a0e9-73fc-4726-a1ab-d28b9a36469e
[BANKING-MATCH] Found existing banking type 'ERP' -> d9a45733-9624-42c2-afcc-888ce998dbbe
📥 DOWNLOADING ISSUE-LEVEL ATTACHMENTS FOR ISP-1837
   Total files: 1 (2.57 MB)

   [1/1] 📥 Downloading: Sent Tab Only shows Message Referrence and Timestamp.mp4 (2.57 MB)
  Attempt 1/3: Downloading from https://craftsilicon.atlassian.net/rest/api/3/attachment/content/128937...
  Following redirect 1/6 to: https://api.media.atlassian.com/file/f4a6f45f-3d20-4691-ba3a-907435fda72a/binary?token=eyJhbGciOiJIUzI1NiJ9.eyJpc3MiOiJiN...
  Attempt 1/3: Downloading from https://api.media.atlassian.com/file/f4a6f45f-3d20-4691-ba3a-907435fda72a/binary?token=eyJhbGciOiJIUzI1NiJ9.eyJpc3MiOiJiN...
  ✅ Downloaded 2694557 bytes successfully
   ✅ Successfully attached: Sent Tab Only shows Message Referrence and Timestamp.mp4 (verified in storage)
  Attached Sent Tab Only shows Message Referrence and Timestamp.mp4 to defect ISP-1837 (service_exists=true)

📊 Attachment Summary for ISP-1837:
   ✅ Uploaded: 1
   ⏭️  Skipped: 0
   ❌ Failed: 0

[LABEL] Processing 2 label(s) for ISP-1837
[LABEL-MATCH] Found existing label 'New_ERP' (stored as 'new_erp') -> a9f0bd31-9bc0-4a7b-90fc-2ed53a305e8d
[LABEL-ATTACH] Successfully attached label 'new_erp' (ID: a9f0bd31-9bc0-4a7b-90fc-2ed53a305e8d) to ISP-1837
[LABEL-MATCH] Found existing label 'QA' (stored as 'qa') -> f66526ba-6a94-47b5-8239-f9fae5aa2248
[LABEL-ATTACH] Successfully attached label 'qa' (ID: f66526ba-6a94-47b5-8239-f9fae5aa2248) to ISP-1837
[LABEL] Completed processing labels for ISP-1837. Total attached: 2
[DESCRIPTION-VALIDATE] ISP-1837: new_len=117, existing_len=153
[DESCRIPTION-UPDATE] ISP-1837: Updated description (117 chars)
  Previous: <div class="trix-content">
  <p><strong>Repro Steps</strong></p>
<p><strong>Actual Results:</strong><...
  Updated: <p><strong>Repro Steps</strong></p>
<p><strong>Actual Results:</strong></p>
<p><strong>Expected Resul...
Processing issue 129/439: ISP-1836
[DEBUG-LABELS] Total labels found for ISP-1836: 2
[USER-FALLBACK] Using default user for 'Stephen Mungai' -> b3613172-fc54-4742-b2ba-c10b97d15bf4
[USER-MATCH] Matched 'Robert Mbugua Kanyoro' by email: robert.mbugua@craftsilicon.com -> fb1e0a05-f047-4e22-a52b-b9b1fe4b4358
[STATUS-MATCH] Matched status 'In Progress' by name: In Progress -> c805a0e9-73fc-4726-a1ab-d28b9a36469e
[BANKING-MATCH] Found existing banking type 'ERP' -> d9a45733-9624-42c2-afcc-888ce998dbbe
📥 DOWNLOADING ISSUE-LEVEL ATTACHMENTS FOR ISP-1836
   Total files: 1 (2.61 MB)

   [1/1] 📥 Downloading: Screen Blank After Replying to Mail.mp4 (2.61 MB)
  Attempt 1/3: Downloading from https://craftsilicon.atlassian.net/rest/api/3/attachment/content/128935...
  Following redirect 1/6 to: https://api.media.atlassian.com/file/8c8ed970-374a-4cc3-b8d9-53970a99dadd/binary?token=eyJhbGciOiJIUzI1NiJ9.eyJpc3MiOiJiN...
  Attempt 1/3: Downloading from https://api.media.atlassian.com/file/8c8ed970-374a-4cc3-b8d9-53970a99dadd/binary?token=eyJhbGciOiJIUzI1NiJ9.eyJpc3MiOiJiN...
  ✅ Downloaded 2738831 bytes successfully
   ✅ Successfully attached: Screen Blank After Replying to Mail.mp4 (verified in storage)
  Attached Screen Blank After Replying to Mail.mp4 to defect ISP-1836 (service_exists=true)

📊 Attachment Summary for ISP-1836:
   ✅ Uploaded: 1
   ⏭️  Skipped: 0
   ❌ Failed: 0

[LABEL] Processing 2 label(s) for ISP-1836
[LABEL-MATCH] Found existing label 'New_ERP' (stored as 'new_erp') -> a9f0bd31-9bc0-4a7b-90fc-2ed53a305e8d
[LABEL-ATTACH] Successfully attached label 'new_erp' (ID: a9f0bd31-9bc0-4a7b-90fc-2ed53a305e8d) to ISP-1836
[LABEL-MATCH] Found existing label 'QA' (stored as 'qa') -> f66526ba-6a94-47b5-8239-f9fae5aa2248
[LABEL-ATTACH] Successfully attached label 'qa' (ID: f66526ba-6a94-47b5-8239-f9fae5aa2248) to ISP-1836
[LABEL] Completed processing labels for ISP-1836. Total attached: 2
[DESCRIPTION-VALIDATE] ISP-1836: new_len=534, existing_len=570
[DESCRIPTION-UPDATE] ISP-1836: Updated description (534 chars)
  Previous: <div class="trix-content">
  <p><strong>Repro Steps.</strong></p>
<p><strong>Actual Results.</strong>...
  Updated: <p><strong>Repro Steps.</strong></p>
<p><strong>Actual Results.</strong></p>
<p>After replying to an ...
Processing issue 130/439: ISP-1835
[DEBUG-LABELS] Total labels found for ISP-1835: 2
[USER-MATCH] Matched 'archana.verma' by parsed first+last: archana verma -> 7b5370b5-abcd-4ad2-908b-1791ca40d9c9
[USER-MATCH] Matched 'Robert Mbugua Kanyoro' by email: robert.mbugua@craftsilicon.com -> fb1e0a05-f047-4e22-a52b-b9b1fe4b4358
[STATUS-MATCH] Matched status 'In Progress' by name: In Progress -> c805a0e9-73fc-4726-a1ab-d28b9a36469e
[BANKING-MATCH] Found existing banking type 'ERP' -> d9a45733-9624-42c2-afcc-888ce998dbbe
📥 DOWNLOADING ISSUE-LEVEL ATTACHMENTS FOR ISP-1835
   Total files: 1 (26.87 MB)

   [1/1] 📥 Downloading: ISP-1835-RFQ Responses.mp4 (26.87 MB)
  Attempt 1/5: Downloading from https://craftsilicon.atlassian.net/rest/api/3/attachment/content/128925...
  Following redirect 1/6 to: https://api.media.atlassian.com/file/24d184d7-f11e-423f-94a3-2a8c51d16c54/binary?token=eyJhbGciOiJIUzI1NiJ9.eyJpc3MiOiJiN...
  Attempt 1/5: Downloading from https://api.media.atlassian.com/file/24d184d7-f11e-423f-94a3-2a8c51d16c54/binary?token=eyJhbGciOiJIUzI1NiJ9.eyJpc3MiOiJiN...
  📊 Downloaded 10.0/26.87 MB...
  📊 Downloaded 20.0/26.87 MB...
  ✅ Downloaded 28177326 bytes successfully
   ✅ Successfully attached: ISP-1835-RFQ Responses.mp4 (verified in storage)
  Attached ISP-1835-RFQ Responses.mp4 to defect ISP-1835 (service_exists=true)

📊 Attachment Summary for ISP-1835:
   ✅ Uploaded: 1
   ⏭️  Skipped: 0
   ❌ Failed: 0

[LABEL] Processing 2 label(s) for ISP-1835
[LABEL-MATCH] Found existing label 'New_ERP' (stored as 'new_erp') -> a9f0bd31-9bc0-4a7b-90fc-2ed53a305e8d
[LABEL-ATTACH] Successfully attached label 'new_erp' (ID: a9f0bd31-9bc0-4a7b-90fc-2ed53a305e8d) to ISP-1835
[LABEL-MATCH] Found existing label 'QA' (stored as 'qa') -> f66526ba-6a94-47b5-8239-f9fae5aa2248
[LABEL-ATTACH] Successfully attached label 'qa' (ID: f66526ba-6a94-47b5-8239-f9fae5aa2248) to ISP-1835
[LABEL] Completed processing labels for ISP-1835. Total attached: 2
[DESCRIPTION-VALIDATE] ISP-1835: new_len=349, existing_len=362
[DESCRIPTION-UPDATE] ISP-1835: Updated description (349 chars)
  Previous: <div class="trix-content">
  <p><strong>Actual Result-</strong><span>RFQ response is deleted successf...
  Updated: <p><strong>Actual Result-</strong><span style="color: #ff5630">RFQ response is deleted successfully f...
Processing issue 131/439: ISP-1834
[DEBUG-LABELS] Total labels found for ISP-1834: 2
[USER-MATCH] Matched 'archana.verma' by parsed first+last: archana verma -> 7b5370b5-abcd-4ad2-908b-1791ca40d9c9
[USER-MATCH] Matched 'Robert Mbugua Kanyoro' by email: robert.mbugua@craftsilicon.com -> fb1e0a05-f047-4e22-a52b-b9b1fe4b4358
[STATUS-MATCH] Matched status 'In Progress' by name: In Progress -> c805a0e9-73fc-4726-a1ab-d28b9a36469e
[BANKING-MATCH] Found existing banking type 'ERP' -> d9a45733-9624-42c2-afcc-888ce998dbbe
📥 DOWNLOADING ISSUE-LEVEL ATTACHMENTS FOR ISP-1834
   Total files: 1 (5.25 MB)

   [1/1] 📥 Downloading: ISP-1834-Delete confirmation.mp4 (5.25 MB)
  Attempt 1/3: Downloading from https://craftsilicon.atlassian.net/rest/api/3/attachment/content/128924...
  Following redirect 1/6 to: https://api.media.atlassian.com/file/c3b393ee-3d55-405e-8c7c-a2d4f1b6784b/binary?token=eyJhbGciOiJIUzI1NiJ9.eyJpc3MiOiJiN...
  Attempt 1/3: Downloading from https://api.media.atlassian.com/file/c3b393ee-3d55-405e-8c7c-a2d4f1b6784b/binary?token=eyJhbGciOiJIUzI1NiJ9.eyJpc3MiOiJiN...
  ✅ Downloaded 5509944 bytes successfully
   ✅ Successfully attached: ISP-1834-Delete confirmation.mp4 (verified in storage)
  Attached ISP-1834-Delete confirmation.mp4 to defect ISP-1834 (service_exists=true)

📊 Attachment Summary for ISP-1834:
   ✅ Uploaded: 1
   ⏭️  Skipped: 0
   ❌ Failed: 0

[LABEL] Processing 2 label(s) for ISP-1834
[LABEL-MATCH] Found existing label 'New_ERP' (stored as 'new_erp') -> a9f0bd31-9bc0-4a7b-90fc-2ed53a305e8d
[LABEL-ATTACH] Successfully attached label 'new_erp' (ID: a9f0bd31-9bc0-4a7b-90fc-2ed53a305e8d) to ISP-1834
[LABEL-MATCH] Found existing label 'QA' (stored as 'qa') -> f66526ba-6a94-47b5-8239-f9fae5aa2248
[LABEL-ATTACH] Successfully attached label 'qa' (ID: f66526ba-6a94-47b5-8239-f9fae5aa2248) to ISP-1834
[LABEL] Completed processing labels for ISP-1834. Total attached: 2
[DESCRIPTION-VALIDATE] ISP-1834: new_len=364, existing_len=377
[DESCRIPTION-UPDATE] ISP-1834: Updated description (364 chars)
  Previous: <div class="trix-content">
  <p><strong>Actual Result-</strong>Confirmation popup is displayed with m...
  Updated: <p><strong>Actual Result-</strong>Confirmation popup is displayed with message- <span style="color: #...
Processing issue 132/439: ISP-1833
[DEBUG-LABELS] Total labels found for ISP-1833: 2
[USER-MATCH] Matched 'archana.verma' by parsed first+last: archana verma -> 7b5370b5-abcd-4ad2-908b-1791ca40d9c9
[USER-MATCH] Matched 'Robert Mbugua Kanyoro' by email: robert.mbugua@craftsilicon.com -> fb1e0a05-f047-4e22-a52b-b9b1fe4b4358
[STATUS-MATCH] Matched status 'Awaiting Build' by name: Awaiting Build -> bf46baa0-8c97-4afe-a65a-a300e43d70e6
[BANKING-MATCH] Found existing banking type 'ERP' -> d9a45733-9624-42c2-afcc-888ce998dbbe
📥 DOWNLOADING ISSUE-LEVEL ATTACHMENTS FOR ISP-1833
   Total files: 2 (61.43 MB)

   [1/2] 📥 Downloading: 20251119-1333-32.8671118.mp4 (27.3 MB)
  Attempt 1/5: Downloading from https://craftsilicon.atlassian.net/rest/api/3/attachment/content/129263...
  Following redirect 1/6 to: https://api.media.atlassian.com/file/f7934c87-958c-4164-99bb-814f09773a07/binary?token=eyJhbGciOiJIUzI1NiJ9.eyJpc3MiOiJiN...
  Attempt 1/5: Downloading from https://api.media.atlassian.com/file/f7934c87-958c-4164-99bb-814f09773a07/binary?token=eyJhbGciOiJIUzI1NiJ9.eyJpc3MiOiJiN...
  📊 Downloaded 10.0/27.3 MB...
  📊 Downloaded 20.0/27.3 MB...
  ✅ Downloaded 28625638 bytes successfully
   ✅ Successfully attached: 20251119-1333-32.8671118.mp4 (verified in storage)
  Attached 20251119-1333-32.8671118.mp4 to defect ISP-1833 (service_exists=true)
   [2/2] 📥 Downloading: ISP-1833 and Retest ISP-1423-Pass-Quotation Responses.mp4 (34.13 MB)
  Attempt 1/5: Downloading from https://craftsilicon.atlassian.net/rest/api/3/attachment/content/128923...
  Following redirect 1/6 to: https://api.media.atlassian.com/file/6307adfc-beaf-412d-9a69-6acadb04f65b/binary?token=eyJhbGciOiJIUzI1NiJ9.eyJpc3MiOiJiN...
  Attempt 1/5: Downloading from https://api.media.atlassian.com/file/6307adfc-beaf-412d-9a69-6acadb04f65b/binary?token=eyJhbGciOiJIUzI1NiJ9.eyJpc3MiOiJiN...
  📊 Downloaded 10.0/34.13 MB...
  📊 Downloaded 20.0/34.13 MB...
  📊 Downloaded 30.0/34.13 MB...
  ✅ Downloaded 35785714 bytes successfully
   ✅ Successfully attached: ISP-1833 and Retest ISP-1423-Pass-Quotation Responses.mp4 (verified in storage)
  Attached ISP-1833 and Retest ISP-1423-Pass-Quotation Responses.mp4 to defect ISP-1833 (service_exists=true)

📊 Attachment Summary for ISP-1833:
   ✅ Uploaded: 2
   ⏭️  Skipped: 0
   ❌ Failed: 0

[LABEL] Processing 2 label(s) for ISP-1833
[LABEL-MATCH] Found existing label 'New_ERP' (stored as 'new_erp') -> a9f0bd31-9bc0-4a7b-90fc-2ed53a305e8d
[LABEL-ATTACH] Successfully attached label 'new_erp' (ID: a9f0bd31-9bc0-4a7b-90fc-2ed53a305e8d) to ISP-1833
[LABEL-MATCH] Found existing label 'QA' (stored as 'qa') -> f66526ba-6a94-47b5-8239-f9fae5aa2248
[LABEL-ATTACH] Successfully attached label 'qa' (ID: f66526ba-6a94-47b5-8239-f9fae5aa2248) to ISP-1833
[LABEL] Completed processing labels for ISP-1833. Total attached: 2
[COMMENTS] Importing 1 comment(s) for ISP-1833...
[USER-MATCH] Matched 'Robert Mbugua Kanyoro' by email: robert.mbugua@craftsilicon.com -> fb1e0a05-f047-4e22-a52b-b9b1fe4b4358
[IMPORT] Added rich text comment by Robert Mbugua Kanyoro to ISP-1833 (id=ed968d8b-ba73-44e4-a9bf-fde5985fbf40, length=18)
[DESCRIPTION-VALIDATE] ISP-1833: new_len=280, existing_len=293
[DESCRIPTION-UPDATE] ISP-1833: Updated description (280 chars)
  Previous: <div class="trix-content">
  <p><strong>Actual Result-</strong><span>System displays an error i.e. 50...
  Updated: <p><strong>Actual Result-</strong><span style="color: #ff5630">System displays an error i.e. 500 serv...
Processing issue 133/439: ISP-1830
[DEBUG-LABELS] Total labels found for ISP-1830: 2
[USER-MATCH] Matched 'archana.verma' by parsed first+last: archana verma -> 7b5370b5-abcd-4ad2-908b-1791ca40d9c9
[USER-MATCH] Matched 'Robert Mbugua Kanyoro' by email: robert.mbugua@craftsilicon.com -> fb1e0a05-f047-4e22-a52b-b9b1fe4b4358
[STATUS-MATCH] Matched status 'In Progress' by name: In Progress -> c805a0e9-73fc-4726-a1ab-d28b9a36469e
[BANKING-MATCH] Found existing banking type 'ERP' -> d9a45733-9624-42c2-afcc-888ce998dbbe
📥 DOWNLOADING ISSUE-LEVEL ATTACHMENTS FOR ISP-1830
   Total files: 1 (6.78 MB)

   [1/1] ⏭️  SKIP: ISP-1830.mp4 (already attached)

📊 Attachment Summary for ISP-1830:
   ✅ Uploaded: 0
   ⏭️  Skipped: 1
   ❌ Failed: 0

[LABEL] Processing 2 label(s) for ISP-1830
[LABEL-MATCH] Found existing label 'New_ERP' (stored as 'new_erp') -> a9f0bd31-9bc0-4a7b-90fc-2ed53a305e8d
[LABEL-SKIP] Label 'new_erp' already attached to ISP-1830
[LABEL-MATCH] Found existing label 'QA' (stored as 'qa') -> f66526ba-6a94-47b5-8239-f9fae5aa2248
[LABEL-SKIP] Label 'qa' already attached to ISP-1830
[LABEL] Completed processing labels for ISP-1830. Total attached: 2
[DESCRIPTION-VALIDATE] ISP-1830: new_len=448, existing_len=438
[DESCRIPTION-UPDATE] ISP-1830: Updated description (448 chars)
  Previous: <div class="trix-content">
  <p><strong>Actual Result-</strong><span><strong> </strong></span><span>R...
  Updated: <p><strong>Actual Result-</strong><span style="color: #ff5630"><strong> </strong></span><span style="...
Processing issue 134/439: ISP-1829
[DEBUG-LABELS] Total labels found for ISP-1829: 2
[USER-MATCH] Matched 'archana.verma' by parsed first+last: archana verma -> 7b5370b5-abcd-4ad2-908b-1791ca40d9c9
[USER-MATCH] Matched 'Robert Mbugua Kanyoro' by email: robert.mbugua@craftsilicon.com -> fb1e0a05-f047-4e22-a52b-b9b1fe4b4358
[STATUS-MATCH] Matched status 'In Progress' by name: In Progress -> c805a0e9-73fc-4726-a1ab-d28b9a36469e
[BANKING-MATCH] Found existing banking type 'ERP' -> d9a45733-9624-42c2-afcc-888ce998dbbe
📥 DOWNLOADING ISSUE-LEVEL ATTACHMENTS FOR ISP-1829
   Total files: 1 (39.2 MB)

   [1/1] ⏭️  SKIP: ISP-1829, 1827.mp4 (already attached)

📊 Attachment Summary for ISP-1829:
   ✅ Uploaded: 0
   ⏭️  Skipped: 1
   ❌ Failed: 0

[LABEL] Processing 2 label(s) for ISP-1829
[LABEL-MATCH] Found existing label 'New_ERP' (stored as 'new_erp') -> a9f0bd31-9bc0-4a7b-90fc-2ed53a305e8d
[LABEL-SKIP] Label 'new_erp' already attached to ISP-1829
[LABEL-MATCH] Found existing label 'QA' (stored as 'qa') -> f66526ba-6a94-47b5-8239-f9fae5aa2248
[LABEL-SKIP] Label 'qa' already attached to ISP-1829
[LABEL] Completed processing labels for ISP-1829. Total attached: 2
[DESCRIPTION-VALIDATE] ISP-1829: new_len=712, existing_len=679
[DESCRIPTION-UPDATE] ISP-1829: Updated description (712 chars)
  Previous: <div class="trix-content">
  <p><strong>Actual Result-</strong><span><strong> </strong></span><span>N...
  Updated: <p><strong>Actual Result-</strong><span style="color: #ff5630"><strong> </strong></span><span style="...
Processing issue 135/439: ISP-1828
[DEBUG-LABELS] Total labels found for ISP-1828: 2
[USER-MATCH] Matched 'archana.verma' by parsed first+last: archana verma -> 7b5370b5-abcd-4ad2-908b-1791ca40d9c9
[USER-MATCH] Matched 'Robert Mbugua Kanyoro' by email: robert.mbugua@craftsilicon.com -> fb1e0a05-f047-4e22-a52b-b9b1fe4b4358
[STATUS-MATCH] Matched status 'In Progress' by name: In Progress -> c805a0e9-73fc-4726-a1ab-d28b9a36469e
[BANKING-MATCH] Found existing banking type 'ERP' -> d9a45733-9624-42c2-afcc-888ce998dbbe
📥 DOWNLOADING ISSUE-LEVEL ATTACHMENTS FOR ISP-1828
   Total files: 1 (10.8 MB)

   [1/1] ⏭️  SKIP: ISP-1828-Quotation Criteria Setup.mp4 (already attached)

📊 Attachment Summary for ISP-1828:
   ✅ Uploaded: 0
   ⏭️  Skipped: 1
   ❌ Failed: 0

[LABEL] Processing 2 label(s) for ISP-1828
[LABEL-MATCH] Found existing label 'New_ERP' (stored as 'new_erp') -> a9f0bd31-9bc0-4a7b-90fc-2ed53a305e8d
[LABEL-SKIP] Label 'new_erp' already attached to ISP-1828
[LABEL-MATCH] Found existing label 'QA' (stored as 'qa') -> f66526ba-6a94-47b5-8239-f9fae5aa2248
[LABEL-SKIP] Label 'qa' already attached to ISP-1828
[LABEL] Completed processing labels for ISP-1828. Total attached: 2
[DESCRIPTION-VALIDATE] ISP-1828: new_len=463, existing_len=430
[DESCRIPTION-UPDATE] ISP-1828: Updated description (463 chars)
  Previous: <div class="trix-content">
  <p><strong>Actual Result-</strong><span><strong> </strong></span><span>H...
  Updated: <p><strong>Actual Result-</strong><span style="color: #ff5630"><strong> </strong></span><span style="...
Processing issue 136/439: ISP-1827
[DEBUG-LABELS] Total labels found for ISP-1827: 2
[USER-MATCH] Matched 'archana.verma' by parsed first+last: archana verma -> 7b5370b5-abcd-4ad2-908b-1791ca40d9c9
[USER-MATCH] Matched 'Robert Mbugua Kanyoro' by email: robert.mbugua@craftsilicon.com -> fb1e0a05-f047-4e22-a52b-b9b1fe4b4358
[STATUS-MATCH] Matched status 'In Progress' by name: In Progress -> c805a0e9-73fc-4726-a1ab-d28b9a36469e
[BANKING-MATCH] Found existing banking type 'ERP' -> d9a45733-9624-42c2-afcc-888ce998dbbe
📥 DOWNLOADING ISSUE-LEVEL ATTACHMENTS FOR ISP-1827
   Total files: 2 (39.28 MB)

   [1/2] ⏭️  SKIP: ISP-1827.mp4 (already attached)
   [2/2] ⏭️  SKIP: ISP-1827-RFQ002-EVALUATION-AV.pdf (already attached)

📊 Attachment Summary for ISP-1827:
   ✅ Uploaded: 0
   ⏭️  Skipped: 2
   ❌ Failed: 0

[LABEL] Processing 2 label(s) for ISP-1827
[LABEL-MATCH] Found existing label 'New_ERP' (stored as 'new_erp') -> a9f0bd31-9bc0-4a7b-90fc-2ed53a305e8d
[LABEL-SKIP] Label 'new_erp' already attached to ISP-1827
[LABEL-MATCH] Found existing label 'QA' (stored as 'qa') -> f66526ba-6a94-47b5-8239-f9fae5aa2248
[LABEL-SKIP] Label 'qa' already attached to ISP-1827
[LABEL] Completed processing labels for ISP-1827. Total attached: 2
[DESCRIPTION-VALIDATE] ISP-1827: new_len=196, existing_len=209
[DESCRIPTION-UPDATE] ISP-1827: Updated description (196 chars)
  Previous: <div class="trix-content">
  <p><strong>Actual Result-</strong><span><strong>Scores are displayed as ...
  Updated: <p><strong>Actual Result-</strong><span style="color: #ff5630"><strong>Scores are displayed as intege...
Processing issue 137/439: ISP-1826
[DEBUG-LABELS] Total labels found for ISP-1826: 2
[USER-MATCH] Matched 'archana.verma' by parsed first+last: archana verma -> 7b5370b5-abcd-4ad2-908b-1791ca40d9c9
[USER-MATCH] Matched 'Robert Mbugua Kanyoro' by email: robert.mbugua@craftsilicon.com -> fb1e0a05-f047-4e22-a52b-b9b1fe4b4358
[STATUS-MATCH] Matched status 'In Progress' by name: In Progress -> c805a0e9-73fc-4726-a1ab-d28b9a36469e
[BANKING-MATCH] Found existing banking type 'ERP' -> d9a45733-9624-42c2-afcc-888ce998dbbe
📥 DOWNLOADING ISSUE-LEVEL ATTACHMENTS FOR ISP-1826
   Total files: 1 (12.81 MB)

   [1/1] ⏭️  SKIP: ISP-1826.mp4 (already attached)

📊 Attachment Summary for ISP-1826:
   ✅ Uploaded: 0
   ⏭️  Skipped: 1
   ❌ Failed: 0

[LABEL] Processing 2 label(s) for ISP-1826
[LABEL-MATCH] Found existing label 'New_ERP' (stored as 'new_erp') -> a9f0bd31-9bc0-4a7b-90fc-2ed53a305e8d
[LABEL-SKIP] Label 'new_erp' already attached to ISP-1826
[LABEL-MATCH] Found existing label 'QA' (stored as 'qa') -> f66526ba-6a94-47b5-8239-f9fae5aa2248
[LABEL-SKIP] Label 'qa' already attached to ISP-1826
[LABEL] Completed processing labels for ISP-1826. Total attached: 2
[DESCRIPTION-VALIDATE] ISP-1826: new_len=392, existing_len=428
[DESCRIPTION-UPDATE] ISP-1826: Updated description (392 chars)
  Previous: <div class="trix-content">
  <p><strong>Expected Result-</strong>Application should not hang on closi...
  Updated: <p><strong>Expected Result-</strong>Application should not hang on closing the Quote details popup by...
Processing issue 138/439: ISP-1825
[DEBUG-LABELS] Total labels found for ISP-1825: 2
[USER-MATCH] Matched 'archana.verma' by parsed first+last: archana verma -> 7b5370b5-abcd-4ad2-908b-1791ca40d9c9
[USER-MATCH] Matched 'Robert Mbugua Kanyoro' by email: robert.mbugua@craftsilicon.com -> fb1e0a05-f047-4e22-a52b-b9b1fe4b4358
[STATUS-MATCH] Matched status 'In Progress' by name: In Progress -> c805a0e9-73fc-4726-a1ab-d28b9a36469e
[BANKING-MATCH] Found existing banking type 'ERP' -> d9a45733-9624-42c2-afcc-888ce998dbbe
📥 DOWNLOADING ISSUE-LEVEL ATTACHMENTS FOR ISP-1825
   Total files: 1 (26.01 MB)

   [1/1] ⏭️  SKIP: ISP-1825-Multiple Committees for same RFQ.mp4 (already attached)

📊 Attachment Summary for ISP-1825:
   ✅ Uploaded: 0
   ⏭️  Skipped: 1
   ❌ Failed: 0

[LABEL] Processing 2 label(s) for ISP-1825
[LABEL-MATCH] Found existing label 'New_ERP' (stored as 'new_erp') -> a9f0bd31-9bc0-4a7b-90fc-2ed53a305e8d
[LABEL-SKIP] Label 'new_erp' already attached to ISP-1825
[LABEL-MATCH] Found existing label 'QA' (stored as 'qa') -> f66526ba-6a94-47b5-8239-f9fae5aa2248
[LABEL-SKIP] Label 'qa' already attached to ISP-1825
[LABEL] Completed processing labels for ISP-1825. Total attached: 2
[DESCRIPTION-VALIDATE] ISP-1825: new_len=79, existing_len=115
[DESCRIPTION-UPDATE] ISP-1825: Updated description (79 chars)
  Previous: <div class="trix-content">
  <p><strong>Actual Result-</strong></p>
<p><strong>Expected Result-</stro...
Processing issue 139/439: ISP-1824
[DEBUG-LABELS] Total labels found for ISP-1824: 2
[USER-MATCH] Matched 'gideon' by single name: gideon gideon -> a2f6fdcb-6a66-4ace-992b-0f3cd5e9cc53
[USER-MATCH] Matched 'Robert Mbugua Kanyoro' by email: robert.mbugua@craftsilicon.com -> fb1e0a05-f047-4e22-a52b-b9b1fe4b4358
[STATUS-MATCH] Matched status 'Failed-QA' by normalized name: Failed QA -> 42911275-9770-4690-9c7d-9f71e090f491
[BANKING-MATCH] Found existing banking type 'ERP' -> d9a45733-9624-42c2-afcc-888ce998dbbe
📥 DOWNLOADING ISSUE-LEVEL ATTACHMENTS FOR ISP-1824
   Total files: 2 (15.89 MB)

   [1/2] ⏭️  SKIP: issue-no-isp-1824-has-failed-system-displays-correct-item-name-on-view-but-on-cl_6H2K4h96.mp4 (already attached)
   [2/2] ⏭️  SKIP: Stock Consumption item displays With Head and Dev and also View Does not display like Edit .mp4 (already attached)

📊 Attachment Summary for ISP-1824:
   ✅ Uploaded: 0
   ⏭️  Skipped: 2
   ❌ Failed: 0

[LABEL] Processing 2 label(s) for ISP-1824
[LABEL-MATCH] Found existing label 'New_ERP' (stored as 'new_erp') -> a9f0bd31-9bc0-4a7b-90fc-2ed53a305e8d
[LABEL-SKIP] Label 'new_erp' already attached to ISP-1824
[LABEL-MATCH] Found existing label 'QA' (stored as 'qa') -> f66526ba-6a94-47b5-8239-f9fae5aa2248
[LABEL-SKIP] Label 'qa' already attached to ISP-1824
[LABEL] Completed processing labels for ISP-1824. Total attached: 2
[COMMENTS] Importing 3 comment(s) for ISP-1824...
[USER-MATCH] Matched 'Mureithi Maina' by parsed first+last: Mureithi Maina -> 48b6b96d-6b97-44ef-b692-40a2ad9d967e
[IMPORT] Added rich text comment by Mureithi Maina to ISP-1824 (id=adced338-f0ac-461f-9d2d-f1e619f091d8, length=65)
[USER-MATCH] Matched 'Robert Mbugua Kanyoro' by email: robert.mbugua@craftsilicon.com -> fb1e0a05-f047-4e22-a52b-b9b1fe4b4358
[IMPORT] Added rich text comment by Robert Mbugua Kanyoro to ISP-1824 (id=1e5e3c20-868f-4c42-b4c3-2ccafeac424e, length=26)
[USER-MATCH] Matched 'gideon' by single name: gideon gideon -> a2f6fdcb-6a66-4ace-992b-0f3cd5e9cc53
[IMPORT] Added rich text comment by gideon to ISP-1824 (id=7c653c17-6181-4d84-9962-4832002b05f6, length=378)
[DESCRIPTION-VALIDATE] ISP-1824: new_len=121, existing_len=157
[DESCRIPTION-UPDATE] ISP-1824: Updated description (121 chars)
  Previous: <div class="trix-content">
  <p><strong>Repro Steps -</strong></p>
<p><strong>Actual Results -</stron...
  Updated: <p><strong>Repro Steps -</strong></p>
<p><strong>Actual Results -</strong></p>
<p><strong>Expected Re...
Processing issue 140/439: ISP-1823
[DEBUG-LABELS] Total labels found for ISP-1823: 2
[USER-MATCH] Matched 'gideon' by single name: gideon gideon -> a2f6fdcb-6a66-4ace-992b-0f3cd5e9cc53
[USER-MATCH] Matched 'Robert Mbugua Kanyoro' by email: robert.mbugua@craftsilicon.com -> fb1e0a05-f047-4e22-a52b-b9b1fe4b4358
[STATUS-MATCH] Matched status 'In Progress' by name: In Progress -> c805a0e9-73fc-4726-a1ab-d28b9a36469e
[BANKING-MATCH] Found existing banking type 'ERP' -> d9a45733-9624-42c2-afcc-888ce998dbbe
📥 DOWNLOADING ISSUE-LEVEL ATTACHMENTS FOR ISP-1823
   Total files: 1 (6.01 MB)

   [1/1] ⏭️  SKIP: Stock-Receipts-not-populating-the-Stock-Transfers-which-are-In Transit-g0wpyzqy_wdfOabpA.mp4 (already attached)

📊 Attachment Summary for ISP-1823:
   ✅ Uploaded: 0
   ⏭️  Skipped: 1
   ❌ Failed: 0

[LABEL] Processing 2 label(s) for ISP-1823
[LABEL-MATCH] Found existing label 'New_ERP' (stored as 'new_erp') -> a9f0bd31-9bc0-4a7b-90fc-2ed53a305e8d
[LABEL-SKIP] Label 'new_erp' already attached to ISP-1823
[LABEL-MATCH] Found existing label 'QA' (stored as 'qa') -> f66526ba-6a94-47b5-8239-f9fae5aa2248
[LABEL-SKIP] Label 'qa' already attached to ISP-1823
[LABEL] Completed processing labels for ISP-1823. Total attached: 2
[COMMENTS] Importing 2 comment(s) for ISP-1823...
[USER-MATCH] Matched 'Mureithi Maina' by parsed first+last: Mureithi Maina -> 48b6b96d-6b97-44ef-b692-40a2ad9d967e
[IMPORT] Added rich text comment by Mureithi Maina to ISP-1823 (id=1d5146f8-f055-45b1-b0a2-21b4a5f08883, length=136)
[USER-MATCH] Matched 'Robert Mbugua Kanyoro' by email: robert.mbugua@craftsilicon.com -> fb1e0a05-f047-4e22-a52b-b9b1fe4b4358
[IMPORT] Added rich text comment by Robert Mbugua Kanyoro to ISP-1823 (id=a7e76420-9d15-42d8-a1dd-6891f0077905, length=49)
[DESCRIPTION-VALIDATE] ISP-1823: new_len=118, existing_len=154
[DESCRIPTION-UPDATE] ISP-1823: Updated description (118 chars)
  Previous: <div class="trix-content">
  <p><strong>Repro Steps:</strong></p>
<p><strong>Actual Results:</strong>...
  Updated: <p><strong>Repro Steps:</strong></p>
<p><strong>Actual Results:</strong></p>
<p><strong>Expected Resu...
Processing issue 141/439: ISP-1822
[DEBUG-LABELS] Total labels found for ISP-1822: 2
[USER-MATCH] Matched 'archana.verma' by parsed first+last: archana verma -> 7b5370b5-abcd-4ad2-908b-1791ca40d9c9
[USER-MATCH] Matched 'Robert Mbugua Kanyoro' by email: robert.mbugua@craftsilicon.com -> fb1e0a05-f047-4e22-a52b-b9b1fe4b4358
[STATUS-MATCH] Matched status 'In Progress' by name: In Progress -> c805a0e9-73fc-4726-a1ab-d28b9a36469e
[BANKING-MATCH] Found existing banking type 'ERP' -> d9a45733-9624-42c2-afcc-888ce998dbbe
📥 DOWNLOADING ISSUE-LEVEL ATTACHMENTS FOR ISP-1822
   Total files: 1 (2.0 MB)

   [1/1] ⏭️  SKIP: ISP-1822-Approval Setup.mp4 (already attached)

📊 Attachment Summary for ISP-1822:
   ✅ Uploaded: 0
   ⏭️  Skipped: 1
   ❌ Failed: 0

[LABEL] Processing 2 label(s) for ISP-1822
[LABEL-MATCH] Found existing label 'New_ERP' (stored as 'new_erp') -> a9f0bd31-9bc0-4a7b-90fc-2ed53a305e8d
[LABEL-SKIP] Label 'new_erp' already attached to ISP-1822
[LABEL-MATCH] Found existing label 'QA' (stored as 'qa') -> f66526ba-6a94-47b5-8239-f9fae5aa2248
[LABEL-SKIP] Label 'qa' already attached to ISP-1822
[LABEL] Completed processing labels for ISP-1822. Total attached: 2
[DESCRIPTION-VALIDATE] ISP-1822: new_len=203, existing_len=239
[DESCRIPTION-UPDATE] ISP-1822: Updated description (203 chars)
  Previous: <div class="trix-content">
  <p><strong>Actual Result-</strong>Getting a 500 server error and screen ...
  Updated: <p><strong>Actual Result-</strong>Getting a 500 server error and screen cannot be invoked</p>
<p><str...
Processing issue 142/439: ISP-1821
[DEBUG-LABELS] Total labels found for ISP-1821: 2
[USER-MATCH] Matched 'archana.verma' by parsed first+last: archana verma -> 7b5370b5-abcd-4ad2-908b-1791ca40d9c9
[USER-MATCH] Matched 'Robert Mbugua Kanyoro' by email: robert.mbugua@craftsilicon.com -> fb1e0a05-f047-4e22-a52b-b9b1fe4b4358
[STATUS-MATCH] Matched status 'In Progress' by name: In Progress -> c805a0e9-73fc-4726-a1ab-d28b9a36469e
[BANKING-MATCH] Found existing banking type 'ERP' -> d9a45733-9624-42c2-afcc-888ce998dbbe
📥 DOWNLOADING ISSUE-LEVEL ATTACHMENTS FOR ISP-1821
   Total files: 1 (19.23 MB)

   [1/1] ⏭️  SKIP: ISP-1821,1820, 1819-Methods Setup.mp4 (already attached)

📊 Attachment Summary for ISP-1821:
   ✅ Uploaded: 0
   ⏭️  Skipped: 1
   ❌ Failed: 0

[LABEL] Processing 2 label(s) for ISP-1821
[LABEL-MATCH] Found existing label 'New_ERP' (stored as 'new_erp') -> a9f0bd31-9bc0-4a7b-90fc-2ed53a305e8d
[LABEL-SKIP] Label 'new_erp' already attached to ISP-1821
[LABEL-MATCH] Found existing label 'QA' (stored as 'qa') -> f66526ba-6a94-47b5-8239-f9fae5aa2248
[LABEL-SKIP] Label 'qa' already attached to ISP-1821
[LABEL] Completed processing labels for ISP-1821. Total attached: 2
[DESCRIPTION-VALIDATE] ISP-1821: new_len=188, existing_len=224
[DESCRIPTION-UPDATE] ISP-1821: Updated description (188 chars)
  Previous: <div class="trix-content">
  <p><strong>Actual Result-</strong>Timeline details have not been saved a...
  Updated: <p><strong>Actual Result-</strong>Timeline details have not been saved and are displayed as blank</p>...
Processing issue 143/439: ISP-1820
[DEBUG-LABELS] Total labels found for ISP-1820: 2
[USER-MATCH] Matched 'archana.verma' by parsed first+last: archana verma -> 7b5370b5-abcd-4ad2-908b-1791ca40d9c9
[USER-MATCH] Matched 'Robert Mbugua Kanyoro' by email: robert.mbugua@craftsilicon.com -> fb1e0a05-f047-4e22-a52b-b9b1fe4b4358
[STATUS-MATCH] Matched status 'In Progress' by name: In Progress -> c805a0e9-73fc-4726-a1ab-d28b9a36469e
[BANKING-MATCH] Found existing banking type 'ERP' -> d9a45733-9624-42c2-afcc-888ce998dbbe
📥 DOWNLOADING ISSUE-LEVEL ATTACHMENTS FOR ISP-1820
   Total files: 1 (19.23 MB)

   [1/1] ⏭️  SKIP: ISP-1820, 1819-Methods Setup.mp4 (already attached)

📊 Attachment Summary for ISP-1820:
   ✅ Uploaded: 0
   ⏭️  Skipped: 1
   ❌ Failed: 0

[LABEL] Processing 2 label(s) for ISP-1820
[LABEL-MATCH] Found existing label 'New_ERP' (stored as 'new_erp') -> a9f0bd31-9bc0-4a7b-90fc-2ed53a305e8d
[LABEL-SKIP] Label 'new_erp' already attached to ISP-1820
[LABEL-MATCH] Found existing label 'QA' (stored as 'qa') -> f66526ba-6a94-47b5-8239-f9fae5aa2248
[LABEL-SKIP] Label 'qa' already attached to ISP-1820
[LABEL] Completed processing labels for ISP-1820. Total attached: 2
[DESCRIPTION-VALIDATE] ISP-1820: new_len=306, existing_len=342
[DESCRIPTION-UPDATE] ISP-1820: Updated description (306 chars)
  Previous: <div class="trix-content">
  <p><strong>Actual Result-</strong>Application displays the success feedb...
  Updated: <p><strong>Actual Result-</strong>Application displays the success feedback i.e. Procurement mode del...
Processing issue 144/439: ISP-1819
[DEBUG-LABELS] Total labels found for ISP-1819: 2
[USER-MATCH] Matched 'archana.verma' by parsed first+last: archana verma -> 7b5370b5-abcd-4ad2-908b-1791ca40d9c9
[USER-MATCH] Matched 'Robert Mbugua Kanyoro' by email: robert.mbugua@craftsilicon.com -> fb1e0a05-f047-4e22-a52b-b9b1fe4b4358
[STATUS-MATCH] Matched status 'In Progress' by name: In Progress -> c805a0e9-73fc-4726-a1ab-d28b9a36469e
[BANKING-MATCH] Found existing banking type 'ERP' -> d9a45733-9624-42c2-afcc-888ce998dbbe
📥 DOWNLOADING ISSUE-LEVEL ATTACHMENTS FOR ISP-1819
   Total files: 1 (19.23 MB)

   [1/1] ⏭️  SKIP: ISP-1819-Methods Setup.mp4 (already attached)

📊 Attachment Summary for ISP-1819:
   ✅ Uploaded: 0
   ⏭️  Skipped: 1
   ❌ Failed: 0

[LABEL] Processing 2 label(s) for ISP-1819
[LABEL-MATCH] Found existing label 'New_ERP' (stored as 'new_erp') -> a9f0bd31-9bc0-4a7b-90fc-2ed53a305e8d
[LABEL-SKIP] Label 'new_erp' already attached to ISP-1819
[LABEL-MATCH] Found existing label 'QA' (stored as 'qa') -> f66526ba-6a94-47b5-8239-f9fae5aa2248
[LABEL-SKIP] Label 'qa' already attached to ISP-1819
[LABEL] Completed processing labels for ISP-1819. Total attached: 2
[DESCRIPTION-VALIDATE] ISP-1819: new_len=354, existing_len=390
[DESCRIPTION-UPDATE] ISP-1819: Updated description (354 chars)
  Previous: <div class="trix-content">
  <p><strong>Actual Result-</strong>Getting an error on Edit Procurement M...
  Updated: <p><strong>Actual Result-</strong>Getting an error on Edit Procurement Method screen-<strong>There we...
Processing issue 145/439: ISP-1818
[DEBUG-LABELS] Total labels found for ISP-1818: 2
[USER-MATCH] Matched 'archana.verma' by parsed first+last: archana verma -> 7b5370b5-abcd-4ad2-908b-1791ca40d9c9
[USER-MATCH] Matched 'Robert Mbugua Kanyoro' by email: robert.mbugua@craftsilicon.com -> fb1e0a05-f047-4e22-a52b-b9b1fe4b4358
[STATUS-MATCH] Matched status 'In Progress' by name: In Progress -> c805a0e9-73fc-4726-a1ab-d28b9a36469e
[BANKING-MATCH] Found existing banking type 'ERP' -> d9a45733-9624-42c2-afcc-888ce998dbbe
📥 DOWNLOADING ISSUE-LEVEL ATTACHMENTS FOR ISP-1818
   Total files: 1 (30.05 MB)

   [1/1] ⏭️  SKIP: ISP-1818, 1817, 1816-Criteria issues.mp4 (already attached)

📊 Attachment Summary for ISP-1818:
   ✅ Uploaded: 0
   ⏭️  Skipped: 1
   ❌ Failed: 0

[LABEL] Processing 2 label(s) for ISP-1818
[LABEL-MATCH] Found existing label 'New_ERP' (stored as 'new_erp') -> a9f0bd31-9bc0-4a7b-90fc-2ed53a305e8d
[LABEL-SKIP] Label 'new_erp' already attached to ISP-1818
[LABEL-MATCH] Found existing label 'QA' (stored as 'qa') -> f66526ba-6a94-47b5-8239-f9fae5aa2248
[LABEL-SKIP] Label 'qa' already attached to ISP-1818
[LABEL] Completed processing labels for ISP-1818. Total attached: 2
[DESCRIPTION-VALIDATE] ISP-1818: new_len=360, existing_len=373
[DESCRIPTION-UPDATE] ISP-1818: Updated description (360 chars)
  Previous: <div class="trix-content">
  <p><strong>Actual Result-</strong>Application displays the success feedb...
  Updated: <p><strong>Actual Result-</strong>Application displays the success feedback i.e. Criteria deleted suc...
Processing issue 146/439: ISP-1817
[DEBUG-LABELS] Total labels found for ISP-1817: 2
[USER-MATCH] Matched 'archana.verma' by parsed first+last: archana verma -> 7b5370b5-abcd-4ad2-908b-1791ca40d9c9
[USER-MATCH] Matched 'Robert Mbugua Kanyoro' by email: robert.mbugua@craftsilicon.com -> fb1e0a05-f047-4e22-a52b-b9b1fe4b4358
[STATUS-MATCH] Matched status 'In Progress' by name: In Progress -> c805a0e9-73fc-4726-a1ab-d28b9a36469e
[BANKING-MATCH] Found existing banking type 'ERP' -> d9a45733-9624-42c2-afcc-888ce998dbbe
📥 DOWNLOADING ISSUE-LEVEL ATTACHMENTS FOR ISP-1817
   Total files: 1 (30.05 MB)

   [1/1] ⏭️  SKIP: ISP-1817, 1816-Criteria issues.mp4 (already attached)

📊 Attachment Summary for ISP-1817:
   ✅ Uploaded: 0
   ⏭️  Skipped: 1
   ❌ Failed: 0

[LABEL] Processing 2 label(s) for ISP-1817
[LABEL-MATCH] Found existing label 'New_ERP' (stored as 'new_erp') -> a9f0bd31-9bc0-4a7b-90fc-2ed53a305e8d
[LABEL-SKIP] Label 'new_erp' already attached to ISP-1817
[LABEL-MATCH] Found existing label 'QA' (stored as 'qa') -> f66526ba-6a94-47b5-8239-f9fae5aa2248
[LABEL-SKIP] Label 'qa' already attached to ISP-1817
[LABEL] Completed processing labels for ISP-1817. Total attached: 2
[DESCRIPTION-VALIDATE] ISP-1817: new_len=244, existing_len=257
[DESCRIPTION-UPDATE] ISP-1817: Updated description (244 chars)
  Previous: <div class="trix-content">
  <p><strong>Actual Result-</strong><span>No feedback is displayed and the...
  Updated: <p><strong>Actual Result-</strong><span style="color: #ff5630">No feedback is displayed and the Crite...
Processing issue 147/439: ISP-1816
[DEBUG-LABELS] Total labels found for ISP-1816: 2
[USER-MATCH] Matched 'archana.verma' by parsed first+last: archana verma -> 7b5370b5-abcd-4ad2-908b-1791ca40d9c9
[USER-MATCH] Matched 'Robert Mbugua Kanyoro' by email: robert.mbugua@craftsilicon.com -> fb1e0a05-f047-4e22-a52b-b9b1fe4b4358
[STATUS-MATCH] Matched status 'In Progress' by name: In Progress -> c805a0e9-73fc-4726-a1ab-d28b9a36469e
[BANKING-MATCH] Found existing banking type 'ERP' -> d9a45733-9624-42c2-afcc-888ce998dbbe
📥 DOWNLOADING ISSUE-LEVEL ATTACHMENTS FOR ISP-1816
   Total files: 1 (30.05 MB)

   [1/1] ⏭️  SKIP: ISP-1816-Criteria issues.mp4 (already attached)

📊 Attachment Summary for ISP-1816:
   ✅ Uploaded: 0
   ⏭️  Skipped: 1
   ❌ Failed: 0

[LABEL] Processing 2 label(s) for ISP-1816
[LABEL-MATCH] Found existing label 'New_ERP' (stored as 'new_erp') -> a9f0bd31-9bc0-4a7b-90fc-2ed53a305e8d
[LABEL-SKIP] Label 'new_erp' already attached to ISP-1816
[LABEL-MATCH] Found existing label 'QA' (stored as 'qa') -> f66526ba-6a94-47b5-8239-f9fae5aa2248
[LABEL-SKIP] Label 'qa' already attached to ISP-1816
[LABEL] Completed processing labels for ISP-1816. Total attached: 2
[DESCRIPTION-VALIDATE] ISP-1816: new_len=344, existing_len=357
[DESCRIPTION-UPDATE] ISP-1816: Updated description (344 chars)
  Previous: <div class="trix-content">
  <p><strong>Actual Result-</strong><span>Criteria has been created with s...
  Updated: <p><strong>Actual Result-</strong><span style="color: #ff5630">Criteria has been created with status ...
Processing issue 148/439: ISP-1815
[DEBUG-LABELS] Total labels found for ISP-1815: 2
[USER-FALLBACK] Using default user for 'Stephen Mungai' -> b3613172-fc54-4742-b2ba-c10b97d15bf4
[USER-MATCH] Matched 'Robert Mbugua Kanyoro' by email: robert.mbugua@craftsilicon.com -> fb1e0a05-f047-4e22-a52b-b9b1fe4b4358
[STATUS-MATCH] Matched status 'Failed-QA' by normalized name: Failed QA -> 42911275-9770-4690-9c7d-9f71e090f491
[BANKING-MATCH] Found existing banking type 'ERP' -> d9a45733-9624-42c2-afcc-888ce998dbbe
📥 DOWNLOADING ISSUE-LEVEL ATTACHMENTS FOR ISP-1815
   Total files: 2 (25.19 MB)

   [1/2] ⏭️  SKIP: Doc Mngmnt Connection Lost.mp4 (already attached)
   [2/2] ⏭️  SKIP: Retest ISP-1815 Failed.mp4 (already attached)

📊 Attachment Summary for ISP-1815:
   ✅ Uploaded: 0
   ⏭️  Skipped: 2
   ❌ Failed: 0

[LABEL] Processing 2 label(s) for ISP-1815
[LABEL-MATCH] Found existing label 'New_ERP' (stored as 'new_erp') -> a9f0bd31-9bc0-4a7b-90fc-2ed53a305e8d
[LABEL-SKIP] Label 'new_erp' already attached to ISP-1815
[LABEL-MATCH] Found existing label 'QA' (stored as 'qa') -> f66526ba-6a94-47b5-8239-f9fae5aa2248
[LABEL-SKIP] Label 'qa' already attached to ISP-1815
[LABEL] Completed processing labels for ISP-1815. Total attached: 2
[COMMENTS] Importing 2 comment(s) for ISP-1815...
[USER-MATCH] Matched 'Robert Mbugua Kanyoro' by email: robert.mbugua@craftsilicon.com -> fb1e0a05-f047-4e22-a52b-b9b1fe4b4358
[IMPORT] Added rich text comment by Robert Mbugua Kanyoro to ISP-1815 (id=d7665c33-af11-467e-b6b5-3764eb97555c, length=17)
[USER-FALLBACK] Using default user for 'Stephen Mungai' -> b3613172-fc54-4742-b2ba-c10b97d15bf4
[IMPORT] Added rich text comment by Stephen Mungai to ISP-1815 (id=c175b4f2-7b50-4cbf-af55-716e583c8357, length=365)
[DESCRIPTION-VALIDATE] ISP-1815: new_len=316, existing_len=352
[DESCRIPTION-UPDATE] ISP-1815: Updated description (316 chars)
  Previous: <div class="trix-content">
  <p><strong>Repro Steps</strong></p>
<p><strong>Actual Results:</strong><...
  Updated: <p><strong>Repro Steps</strong></p>
<p><strong>Actual Results:</strong></p>
<p><strong>Expected Resul...
Processing issue 149/439: ISP-1814
[DEBUG-LABELS] Total labels found for ISP-1814: 2
[USER-FALLBACK] Using default user for 'Stephen Mungai' -> b3613172-fc54-4742-b2ba-c10b97d15bf4
[USER-MATCH] Matched 'Robert Mbugua Kanyoro' by email: robert.mbugua@craftsilicon.com -> fb1e0a05-f047-4e22-a52b-b9b1fe4b4358
[STATUS-MATCH] Matched status 'In Progress' by name: In Progress -> c805a0e9-73fc-4726-a1ab-d28b9a36469e
[BANKING-MATCH] Found existing banking type 'ERP' -> d9a45733-9624-42c2-afcc-888ce998dbbe
📥 DOWNLOADING ISSUE-LEVEL ATTACHMENTS FOR ISP-1814
   Total files: 1 (0.97 MB)

   [1/1] ⏭️  SKIP: Cannot Bulk Upload files to a Child Repo.mp4 (already attached)

📊 Attachment Summary for ISP-1814:
   ✅ Uploaded: 0
   ⏭️  Skipped: 1
   ❌ Failed: 0

[LABEL] Processing 2 label(s) for ISP-1814
[LABEL-MATCH] Found existing label 'New_ERP' (stored as 'new_erp') -> a9f0bd31-9bc0-4a7b-90fc-2ed53a305e8d
[LABEL-SKIP] Label 'new_erp' already attached to ISP-1814
[LABEL-MATCH] Found existing label 'QA' (stored as 'qa') -> f66526ba-6a94-47b5-8239-f9fae5aa2248
[LABEL-SKIP] Label 'qa' already attached to ISP-1814
[LABEL] Completed processing labels for ISP-1814. Total attached: 2
[DESCRIPTION-VALIDATE] ISP-1814: new_len=553, existing_len=589
[DESCRIPTION-UPDATE] ISP-1814: Updated description (553 chars)
  Previous: <div class="trix-content">
  <p><strong>Repro Steps:</strong></p>
<p><strong>Actual Results</strong><...
  Updated: <p><strong>Repro Steps:</strong></p>
<p><strong>Actual Results</strong><br>The dropdown only displays...
Processing issue 150/439: ISP-1813
[DEBUG-LABELS] Total labels found for ISP-1813: 2
[USER-FALLBACK] Using default user for 'Stephen Mungai' -> b3613172-fc54-4742-b2ba-c10b97d15bf4
[USER-MATCH] Matched 'Mureithi Maina' by parsed first+last: Mureithi Maina -> 48b6b96d-6b97-44ef-b692-40a2ad9d967e
[STATUS-MATCH] Matched status 'In Progress' by name: In Progress -> c805a0e9-73fc-4726-a1ab-d28b9a36469e
[BANKING-MATCH] Found existing banking type 'ERP' -> d9a45733-9624-42c2-afcc-888ce998dbbe
📥 DOWNLOADING ISSUE-LEVEL ATTACHMENTS FOR ISP-1813
   Total files: 1 (2.15 MB)

   [1/1] ⏭️  SKIP: Cannot Add Comments from ERP & Cannot View Comments Added from X.mp4 (already attached)

📊 Attachment Summary for ISP-1813:
   ✅ Uploaded: 0
   ⏭️  Skipped: 1
   ❌ Failed: 0

[LABEL] Processing 2 label(s) for ISP-1813
[LABEL-MATCH] Found existing label 'New_ERP' (stored as 'new_erp') -> a9f0bd31-9bc0-4a7b-90fc-2ed53a305e8d
[LABEL-SKIP] Label 'new_erp' already attached to ISP-1813
[LABEL-MATCH] Found existing label 'QA' (stored as 'qa') -> f66526ba-6a94-47b5-8239-f9fae5aa2248
[LABEL-SKIP] Label 'qa' already attached to ISP-1813
[LABEL] Completed processing labels for ISP-1813. Total attached: 2
[COMMENTS] Importing 1 comment(s) for ISP-1813...
[USER-MATCH] Matched 'Robert Mbugua Kanyoro' by email: robert.mbugua@craftsilicon.com -> fb1e0a05-f047-4e22-a52b-b9b1fe4b4358
[IMPORT] Added rich text comment by Robert Mbugua Kanyoro to ISP-1813 (id=3d0f17e4-3574-4ebe-b6e8-2ecbdafc536c, length=22)
[DESCRIPTION-VALIDATE] ISP-1813: new_len=118, existing_len=154
[DESCRIPTION-UPDATE] ISP-1813: Updated description (118 chars)
  Previous: <div class="trix-content">
  <p><strong>Repro Steps:</strong></p>
<p><strong>Actual Results:</strong>...
  Updated: <p><strong>Repro Steps:</strong></p>
<p><strong>Actual Results:</strong></p>
<p><strong>Expected Resu...
Processing issue 151/439: ISP-1812
[DEBUG-LABELS] Total labels found for ISP-1812: 2
[USER-FALLBACK] Using default user for 'Stephen Mungai' -> b3613172-fc54-4742-b2ba-c10b97d15bf4
[USER-MATCH] Matched 'Mureithi Maina' by parsed first+last: Mureithi Maina -> 48b6b96d-6b97-44ef-b692-40a2ad9d967e
[STATUS-MATCH] Matched status 'In Progress' by name: In Progress -> c805a0e9-73fc-4726-a1ab-d28b9a36469e
[BANKING-MATCH] Found existing banking type 'ERP' -> d9a45733-9624-42c2-afcc-888ce998dbbe
📥 DOWNLOADING ISSUE-LEVEL ATTACHMENTS FOR ISP-1812
   Total files: 2 (8.0 MB)

   [1/2] ⏭️  SKIP: Cannot View Comment Added from FB.mp4 (already attached)
   [2/2] ⏭️  SKIP: Comment from FB .mp4 (already attached)

📊 Attachment Summary for ISP-1812:
   ✅ Uploaded: 0
   ⏭️  Skipped: 2
   ❌ Failed: 0

[LABEL] Processing 2 label(s) for ISP-1812
[LABEL-MATCH] Found existing label 'New_ERP' (stored as 'new_erp') -> a9f0bd31-9bc0-4a7b-90fc-2ed53a305e8d
[LABEL-SKIP] Label 'new_erp' already attached to ISP-1812
[LABEL-MATCH] Found existing label 'QA' (stored as 'qa') -> f66526ba-6a94-47b5-8239-f9fae5aa2248
[LABEL-SKIP] Label 'qa' already attached to ISP-1812
[LABEL] Completed processing labels for ISP-1812. Total attached: 2
[COMMENTS] Importing 1 comment(s) for ISP-1812...
[USER-MATCH] Matched 'Robert Mbugua Kanyoro' by email: robert.mbugua@craftsilicon.com -> fb1e0a05-f047-4e22-a52b-b9b1fe4b4358
[IMPORT] Added rich text comment by Robert Mbugua Kanyoro to ISP-1812 (id=e3957c09-7789-4a7b-9ec8-469469fc7cb4, length=21)
[DESCRIPTION-VALIDATE] ISP-1812: new_len=283, existing_len=319
[DESCRIPTION-UPDATE] ISP-1812: Updated description (283 chars)
  Previous: <div class="trix-content">
  <p><strong>Repro Steps</strong></p>
<p><strong>Actual Results</strong></...
  Updated: <p><strong>Repro Steps</strong></p>
<p><strong>Actual Results</strong></p>
<p><strong>Note: Comments ...
Processing issue 152/439: ISP-1811
[DEBUG-LABELS] Total labels found for ISP-1811: 2
[USER-FALLBACK] Using default user for 'Stephen Mungai' -> b3613172-fc54-4742-b2ba-c10b97d15bf4
[USER-MATCH] Matched 'Mureithi Maina' by parsed first+last: Mureithi Maina -> 48b6b96d-6b97-44ef-b692-40a2ad9d967e
[STATUS-MATCH] Matched status 'In Progress' by name: In Progress -> c805a0e9-73fc-4726-a1ab-d28b9a36469e
[BANKING-MATCH] Found existing banking type 'ERP' -> d9a45733-9624-42c2-afcc-888ce998dbbe
📥 DOWNLOADING ISSUE-LEVEL ATTACHMENTS FOR ISP-1811
   Total files: 2 (17.47 MB)

   [1/2] ⏭️  SKIP: Cannot View 25,50 & 100 Published Posts per Page.mp4 (already attached)
   [2/2] ⏭️  SKIP: Long Posts Overlap from the screen.mp4 (already attached)

📊 Attachment Summary for ISP-1811:
   ✅ Uploaded: 0
   ⏭️  Skipped: 2
   ❌ Failed: 0

[LABEL] Processing 2 label(s) for ISP-1811
[LABEL-MATCH] Found existing label 'New_ERP' (stored as 'new_erp') -> a9f0bd31-9bc0-4a7b-90fc-2ed53a305e8d
[LABEL-SKIP] Label 'new_erp' already attached to ISP-1811
[LABEL-MATCH] Found existing label 'QA' (stored as 'qa') -> f66526ba-6a94-47b5-8239-f9fae5aa2248
[LABEL-SKIP] Label 'qa' already attached to ISP-1811
[LABEL] Completed processing labels for ISP-1811. Total attached: 2
[COMMENTS] Importing 1 comment(s) for ISP-1811...
[USER-MATCH] Matched 'Robert Mbugua Kanyoro' by email: robert.mbugua@craftsilicon.com -> fb1e0a05-f047-4e22-a52b-b9b1fe4b4358
[IMPORT] Added rich text comment by Robert Mbugua Kanyoro to ISP-1811 (id=6ebb7ea3-0503-4669-9271-70ac9ff42f6b, length=23)
[DESCRIPTION-VALIDATE] ISP-1811: new_len=284, existing_len=320
[DESCRIPTION-UPDATE] ISP-1811: Updated description (284 chars)
  Previous: <div class="trix-content">
  <p><strong>Repro Steps:</strong></p>
<p><strong>Actual Results:</strong>...
  Updated: <p><strong>Repro Steps:</strong></p>
<p><strong>Actual Results:</strong></p>
<p>The system briefly lo...
Processing issue 153/439: ISP-1810
[DEBUG-LABELS] Total labels found for ISP-1810: 2
[USER-FALLBACK] Using default user for 'Stephen Mungai' -> b3613172-fc54-4742-b2ba-c10b97d15bf4
[USER-MATCH] Matched 'Mureithi Maina' by parsed first+last: Mureithi Maina -> 48b6b96d-6b97-44ef-b692-40a2ad9d967e
[STATUS-MATCH] Matched status 'In Progress' by name: In Progress -> c805a0e9-73fc-4726-a1ab-d28b9a36469e
[BANKING-MATCH] Found existing banking type 'ERP' -> d9a45733-9624-42c2-afcc-888ce998dbbe
📥 DOWNLOADING ISSUE-LEVEL ATTACHMENTS FOR ISP-1810
   Total files: 1 (0.73 MB)

   [1/1] ⏭️  SKIP: Cannot Remove a file tag after adding it to a document.mp4 (already attached)

📊 Attachment Summary for ISP-1810:
   ✅ Uploaded: 0
   ⏭️  Skipped: 1
   ❌ Failed: 0

[LABEL] Processing 2 label(s) for ISP-1810
[LABEL-MATCH] Found existing label 'New_ERP' (stored as 'new_erp') -> a9f0bd31-9bc0-4a7b-90fc-2ed53a305e8d
[LABEL-SKIP] Label 'new_erp' already attached to ISP-1810
[LABEL-MATCH] Found existing label 'QA' (stored as 'qa') -> f66526ba-6a94-47b5-8239-f9fae5aa2248
[LABEL-SKIP] Label 'qa' already attached to ISP-1810
[LABEL] Completed processing labels for ISP-1810. Total attached: 2
[DESCRIPTION-VALIDATE] ISP-1810: new_len=523, existing_len=559
[DESCRIPTION-UPDATE] ISP-1810: Updated description (523 chars)
  Previous: <div class="trix-content">
  <p><strong>Repro Steps:</strong></p>
<p><strong>Actual Results:</strong>...
  Updated: <p><strong>Repro Steps:</strong></p>
<p><strong>Actual Results:</strong><br>The system displays an er...
Processing issue 154/439: ISP-1809
[DEBUG-LABELS] Total labels found for ISP-1809: 2
[USER-FALLBACK] Using default user for 'Kiriba Delphine' -> b3613172-fc54-4742-b2ba-c10b97d15bf4
[USER-MATCH] Matched 'Mureithi Maina' by parsed first+last: Mureithi Maina -> 48b6b96d-6b97-44ef-b692-40a2ad9d967e
[STATUS-MATCH] Matched status 'In Progress' by name: In Progress -> c805a0e9-73fc-4726-a1ab-d28b9a36469e
[BANKING-MATCH] Found existing banking type 'ERP' -> d9a45733-9624-42c2-afcc-888ce998dbbe
📥 DOWNLOADING ISSUE-LEVEL ATTACHMENTS FOR ISP-1809
   Total files: 1 (2.5 MB)

   [1/1] ⏭️  SKIP: single&bulkUpload.mp4 (already attached)

📊 Attachment Summary for ISP-1809:
   ✅ Uploaded: 0
   ⏭️  Skipped: 1
   ❌ Failed: 0

[LABEL] Processing 2 label(s) for ISP-1809
[LABEL-MATCH] Found existing label 'New_ERP' (stored as 'new_erp') -> a9f0bd31-9bc0-4a7b-90fc-2ed53a305e8d
[LABEL-SKIP] Label 'new_erp' already attached to ISP-1809
[LABEL-MATCH] Found existing label 'QA' (stored as 'qa') -> f66526ba-6a94-47b5-8239-f9fae5aa2248
[LABEL-SKIP] Label 'qa' already attached to ISP-1809
[LABEL] Completed processing labels for ISP-1809. Total attached: 2
[DESCRIPTION-VALIDATE] ISP-1809: new_len=1237, existing_len=1278
[DESCRIPTION-UPDATE] ISP-1809: Updated description (1237 chars)
  Previous: <div class="trix-content">
  <p><strong>Steps to Reproduce:</strong></p>
<p><strong>Actual Result:</s...
  Updated: <p><strong>Steps to Reproduce:</strong></p>
<p><strong>Actual Result:</strong></p>
<p>Files are direc...
Processing issue 155/439: ISP-1808
[DEBUG-LABELS] Total labels found for ISP-1808: 2
[USER-FALLBACK] Using default user for 'Stephen Mungai' -> b3613172-fc54-4742-b2ba-c10b97d15bf4
[USER-MATCH] Matched 'Mureithi Maina' by parsed first+last: Mureithi Maina -> 48b6b96d-6b97-44ef-b692-40a2ad9d967e
[STATUS-MATCH] Matched status 'In Progress' by name: In Progress -> c805a0e9-73fc-4726-a1ab-d28b9a36469e
[BANKING-MATCH] Found existing banking type 'ERP' -> d9a45733-9624-42c2-afcc-888ce998dbbe
📥 DOWNLOADING ISSUE-LEVEL ATTACHMENTS FOR ISP-1808
   Total files: 1 (0.49 MB)

   [1/1] ⏭️  SKIP: Legal Hold Cancel Button is Unresponsive when Addng a Tag Based Hold.mp4 (already attached)

📊 Attachment Summary for ISP-1808:
   ✅ Uploaded: 0
   ⏭️  Skipped: 1
   ❌ Failed: 0

[LABEL] Processing 2 label(s) for ISP-1808
[LABEL-MATCH] Found existing label 'New_ERP' (stored as 'new_erp') -> a9f0bd31-9bc0-4a7b-90fc-2ed53a305e8d
[LABEL-SKIP] Label 'new_erp' already attached to ISP-1808
[LABEL-MATCH] Found existing label 'QA' (stored as 'qa') -> f66526ba-6a94-47b5-8239-f9fae5aa2248
[LABEL-SKIP] Label 'qa' already attached to ISP-1808
[LABEL] Completed processing labels for ISP-1808. Total attached: 2
[DESCRIPTION-VALIDATE] ISP-1808: new_len=465, existing_len=501
[DESCRIPTION-UPDATE] ISP-1808: Updated description (465 chars)
  Previous: <div class="trix-content">
  <p><strong>Repro Steps:</strong></p>
<p><strong>Actual Results:</strong>...
  Updated: <p><strong>Repro Steps:</strong></p>
<p><strong>Actual Results:</strong><br>The Cancel button is unre...
Processing issue 156/439: ISP-1807
[DEBUG-LABELS] Total labels found for ISP-1807: 2
[USER-FALLBACK] Using default user for 'Kiriba Delphine' -> b3613172-fc54-4742-b2ba-c10b97d15bf4
[USER-MATCH] Matched 'Robert Mbugua Kanyoro' by email: robert.mbugua@craftsilicon.com -> fb1e0a05-f047-4e22-a52b-b9b1fe4b4358
[STATUS-MATCH] Matched status 'In Progress' by name: In Progress -> c805a0e9-73fc-4726-a1ab-d28b9a36469e
[BANKING-MATCH] Found existing banking type 'ERP' -> d9a45733-9624-42c2-afcc-888ce998dbbe
📥 DOWNLOADING ISSUE-LEVEL ATTACHMENTS FOR ISP-1807
   Total files: 1 (5.15 MB)

   [1/1] ⏭️  SKIP: InterbranchRequisition.mp4 (already attached)

📊 Attachment Summary for ISP-1807:
   ✅ Uploaded: 0
   ⏭️  Skipped: 1
   ❌ Failed: 0

[LABEL] Processing 2 label(s) for ISP-1807
[LABEL-MATCH] Found existing label 'New_ERP' (stored as 'new_erp') -> a9f0bd31-9bc0-4a7b-90fc-2ed53a305e8d
[LABEL-SKIP] Label 'new_erp' already attached to ISP-1807
[LABEL-MATCH] Found existing label 'QA' (stored as 'qa') -> f66526ba-6a94-47b5-8239-f9fae5aa2248
[LABEL-SKIP] Label 'qa' already attached to ISP-1807
[LABEL] Completed processing labels for ISP-1807. Total attached: 2
[DESCRIPTION-VALIDATE] ISP-1807: new_len=497, existing_len=533
[DESCRIPTION-UPDATE] ISP-1807: Updated description (497 chars)
  Previous: <div class="trix-content">
  <p><strong>Steps to Reproduce:</strong></p>
<p><strong>Actual Result:</s...
  Updated: <p><strong>Steps to Reproduce:</strong></p>
<p><strong>Actual Result:</strong></p>
<p>Missing Maker-C...
Processing issue 157/439: ISP-1806
[DEBUG-LABELS] Total labels found for ISP-1806: 2
[USER-MATCH] Matched 'archana.verma' by parsed first+last: archana verma -> 7b5370b5-abcd-4ad2-908b-1791ca40d9c9
[USER-MATCH] Matched 'Robert Mbugua Kanyoro' by email: robert.mbugua@craftsilicon.com -> fb1e0a05-f047-4e22-a52b-b9b1fe4b4358
[STATUS-MATCH] Matched status 'In Progress' by name: In Progress -> c805a0e9-73fc-4726-a1ab-d28b9a36469e
[BANKING-MATCH] Found existing banking type 'ERP' -> d9a45733-9624-42c2-afcc-888ce998dbbe
📥 DOWNLOADING ISSUE-LEVEL ATTACHMENTS FOR ISP-1806
   Total files: 1 (9.54 MB)

   [1/1] ⏭️  SKIP: ISP-1806-Supplier Name.mp4 (already attached)

📊 Attachment Summary for ISP-1806:
   ✅ Uploaded: 0
   ⏭️  Skipped: 1
   ❌ Failed: 0

[LABEL] Processing 2 label(s) for ISP-1806
[LABEL-MATCH] Found existing label 'New_ERP' (stored as 'new_erp') -> a9f0bd31-9bc0-4a7b-90fc-2ed53a305e8d
[LABEL-SKIP] Label 'new_erp' already attached to ISP-1806
[LABEL-MATCH] Found existing label 'QA' (stored as 'qa') -> f66526ba-6a94-47b5-8239-f9fae5aa2248
[LABEL-SKIP] Label 'qa' already attached to ISP-1806
[LABEL] Completed processing labels for ISP-1806. Total attached: 2
[DESCRIPTION-VALIDATE] ISP-1806: new_len=348, existing_len=384
[DESCRIPTION-UPDATE] ISP-1806: Updated description (348 chars)
  Previous: <div class="trix-content">
  <p><strong>Actual Result-</strong>On the Evaluate Application and the Pr...
  Updated: <p><strong>Actual Result-</strong>On the Evaluate Application and the Pre Qualification Results scree...
Processing issue 158/439: ISP-1805
[DEBUG-LABELS] Total labels found for ISP-1805: 2
[USER-MATCH] Matched 'archana.verma' by parsed first+last: archana verma -> 7b5370b5-abcd-4ad2-908b-1791ca40d9c9
[USER-MATCH] Matched 'Robert Mbugua Kanyoro' by email: robert.mbugua@craftsilicon.com -> fb1e0a05-f047-4e22-a52b-b9b1fe4b4358
[STATUS-MATCH] Matched status 'In Progress' by name: In Progress -> c805a0e9-73fc-4726-a1ab-d28b9a36469e
[BANKING-MATCH] Found existing banking type 'ERP' -> d9a45733-9624-42c2-afcc-888ce998dbbe
📥 DOWNLOADING ISSUE-LEVEL ATTACHMENTS FOR ISP-1805
   Total files: 1 (30.03 MB)

   [1/1] ⏭️  SKIP: ISP-1805-Documents.mp4 (already attached)

📊 Attachment Summary for ISP-1805:
   ✅ Uploaded: 0
   ⏭️  Skipped: 1
   ❌ Failed: 0

[LABEL] Processing 2 label(s) for ISP-1805
[LABEL-MATCH] Found existing label 'New_ERP' (stored as 'new_erp') -> a9f0bd31-9bc0-4a7b-90fc-2ed53a305e8d
[LABEL-SKIP] Label 'new_erp' already attached to ISP-1805
[LABEL-MATCH] Found existing label 'QA' (stored as 'qa') -> f66526ba-6a94-47b5-8239-f9fae5aa2248
[LABEL-SKIP] Label 'qa' already attached to ISP-1805
[LABEL] Completed processing labels for ISP-1805. Total attached: 2
[DESCRIPTION-VALIDATE] ISP-1805: new_len=79, existing_len=115
[DESCRIPTION-UPDATE] ISP-1805: Updated description (79 chars)
  Previous: <div class="trix-content">
  <p><strong>Actual Result-</strong></p>
<p><strong>Expected Result-</stro...
Processing issue 159/439: ISP-1804
[DEBUG-LABELS] Total labels found for ISP-1804: 2
[USER-MATCH] Matched 'archana.verma' by parsed first+last: archana verma -> 7b5370b5-abcd-4ad2-908b-1791ca40d9c9
[USER-MATCH] Matched 'Robert Mbugua Kanyoro' by email: robert.mbugua@craftsilicon.com -> fb1e0a05-f047-4e22-a52b-b9b1fe4b4358
[STATUS-MATCH] Matched status 'In Progress' by name: In Progress -> c805a0e9-73fc-4726-a1ab-d28b9a36469e
[BANKING-MATCH] Found existing banking type 'ERP' -> d9a45733-9624-42c2-afcc-888ce998dbbe
📥 DOWNLOADING ISSUE-LEVEL ATTACHMENTS FOR ISP-1804
   Total files: 1 (26.78 MB)

   [1/1] ⏭️  SKIP: ISP-1804-Failed Pre Qualification round.mp4 (already attached)

📊 Attachment Summary for ISP-1804:
   ✅ Uploaded: 0
   ⏭️  Skipped: 1
   ❌ Failed: 0

[LABEL] Processing 2 label(s) for ISP-1804
[LABEL-MATCH] Found existing label 'New_ERP' (stored as 'new_erp') -> a9f0bd31-9bc0-4a7b-90fc-2ed53a305e8d
[LABEL-SKIP] Label 'new_erp' already attached to ISP-1804
[LABEL-MATCH] Found existing label 'QA' (stored as 'qa') -> f66526ba-6a94-47b5-8239-f9fae5aa2248
[LABEL-SKIP] Label 'qa' already attached to ISP-1804
[LABEL] Completed processing labels for ISP-1804. Total attached: 2
[DESCRIPTION-VALIDATE] ISP-1804: new_len=79, existing_len=115
[DESCRIPTION-UPDATE] ISP-1804: Updated description (79 chars)
  Previous: <div class="trix-content">
  <p><strong>Actual Result-</strong></p>
<p><strong>Expected Result-</stro...
Processing issue 160/439: ISP-1803
[DEBUG-LABELS] Total labels found for ISP-1803: 2
[USER-MATCH] Matched 'archana.verma' by parsed first+last: archana verma -> 7b5370b5-abcd-4ad2-908b-1791ca40d9c9
[USER-MATCH] Matched 'Robert Mbugua Kanyoro' by email: robert.mbugua@craftsilicon.com -> fb1e0a05-f047-4e22-a52b-b9b1fe4b4358
[STATUS-MATCH] Matched status 'In Progress' by name: In Progress -> c805a0e9-73fc-4726-a1ab-d28b9a36469e
[BANKING-MATCH] Found existing banking type 'ERP' -> d9a45733-9624-42c2-afcc-888ce998dbbe
📥 DOWNLOADING ISSUE-LEVEL ATTACHMENTS FOR ISP-1803
   Total files: 1 (22.86 MB)

   [1/1] ⏭️  SKIP: ISP-1803-Archived Rounds.mp4 (already attached)

📊 Attachment Summary for ISP-1803:
   ✅ Uploaded: 0
   ⏭️  Skipped: 1
   ❌ Failed: 0

[LABEL] Processing 2 label(s) for ISP-1803
[LABEL-MATCH] Found existing label 'New_ERP' (stored as 'new_erp') -> a9f0bd31-9bc0-4a7b-90fc-2ed53a305e8d
[LABEL-SKIP] Label 'new_erp' already attached to ISP-1803
[LABEL-MATCH] Found existing label 'QA' (stored as 'qa') -> f66526ba-6a94-47b5-8239-f9fae5aa2248
[LABEL-SKIP] Label 'qa' already attached to ISP-1803
[LABEL] Completed processing labels for ISP-1803. Total attached: 2
[DESCRIPTION-VALIDATE] ISP-1803: new_len=213, existing_len=226
[DESCRIPTION-UPDATE] ISP-1803: Updated description (213 chars)
  Previous: <div class="trix-content">
  <p><strong>Actual Result-</strong><span>On clicking View, Edit, Publish ...
  Updated: <p><strong>Actual Result-</strong><span style="color: #ff5630">On clicking View, Edit, Publish and De...
Processing issue 161/439: ISP-1802
[DEBUG-LABELS] Total labels found for ISP-1802: 2
[USER-MATCH] Matched 'archana.verma' by parsed first+last: archana verma -> 7b5370b5-abcd-4ad2-908b-1791ca40d9c9
[USER-MATCH] Matched 'Robert Mbugua Kanyoro' by email: robert.mbugua@craftsilicon.com -> fb1e0a05-f047-4e22-a52b-b9b1fe4b4358
[STATUS-MATCH] Matched status 'In Progress' by name: In Progress -> c805a0e9-73fc-4726-a1ab-d28b9a36469e
[BANKING-MATCH] Found existing banking type 'ERP' -> d9a45733-9624-42c2-afcc-888ce998dbbe
📥 DOWNLOADING ISSUE-LEVEL ATTACHMENTS FOR ISP-1802
   Total files: 1 (19.01 MB)

   [1/1] ⏭️  SKIP: ISP-1802-Pre Qualification Rounds Dates.mp4 (already attached)

📊 Attachment Summary for ISP-1802:
   ✅ Uploaded: 0
   ⏭️  Skipped: 1
   ❌ Failed: 0

[LABEL] Processing 2 label(s) for ISP-1802
[LABEL-MATCH] Found existing label 'New_ERP' (stored as 'new_erp') -> a9f0bd31-9bc0-4a7b-90fc-2ed53a305e8d
[LABEL-SKIP] Label 'new_erp' already attached to ISP-1802
[LABEL-MATCH] Found existing label 'QA' (stored as 'qa') -> f66526ba-6a94-47b5-8239-f9fae5aa2248
[LABEL-SKIP] Label 'qa' already attached to ISP-1802
[LABEL] Completed processing labels for ISP-1802. Total attached: 2
[DESCRIPTION-VALIDATE] ISP-1802: new_len=224, existing_len=237
[DESCRIPTION-UPDATE] ISP-1802: Updated description (224 chars)
  Previous: <div class="trix-content">
  <p><strong>Actual Result-</strong><span>Pre Qualification round has been...
  Updated: <p><strong>Actual Result-</strong><span style="color: #ff5630">Pre Qualification round has been saved...
Processing issue 162/439: ISP-1801
[DEBUG-LABELS] Total labels found for ISP-1801: 2
[USER-FALLBACK] Using default user for 'Kiriba Delphine' -> b3613172-fc54-4742-b2ba-c10b97d15bf4
[USER-MATCH] Matched 'Mureithi Maina' by parsed first+last: Mureithi Maina -> 48b6b96d-6b97-44ef-b692-40a2ad9d967e
[STATUS-MATCH] Matched status 'In Progress' by name: In Progress -> c805a0e9-73fc-4726-a1ab-d28b9a36469e
[BANKING-MATCH] Found existing banking type 'ERP' -> d9a45733-9624-42c2-afcc-888ce998dbbe
📥 DOWNLOADING ISSUE-LEVEL ATTACHMENTS FOR ISP-1801
   Total files: 1 (0.86 MB)

   [1/1] ⏭️  SKIP: requiredFieldmissingAsterisk.mp4 (already attached)

📊 Attachment Summary for ISP-1801:
   ✅ Uploaded: 0
   ⏭️  Skipped: 1
   ❌ Failed: 0

[LABEL] Processing 2 label(s) for ISP-1801
[LABEL-MATCH] Found existing label 'New_ERP' (stored as 'new_erp') -> a9f0bd31-9bc0-4a7b-90fc-2ed53a305e8d
[LABEL-SKIP] Label 'new_erp' already attached to ISP-1801
[LABEL-MATCH] Found existing label 'QA' (stored as 'qa') -> f66526ba-6a94-47b5-8239-f9fae5aa2248
[LABEL-SKIP] Label 'qa' already attached to ISP-1801
[LABEL] Completed processing labels for ISP-1801. Total attached: 2
[DESCRIPTION-VALIDATE] ISP-1801: new_len=273, existing_len=309
[DESCRIPTION-UPDATE] ISP-1801: Updated description (273 chars)
  Previous: <div class="trix-content">
  <p><strong>Steps to Reproduce:</strong></p>
<p><strong>Actual Result:</s...
  Updated: <p><strong>Steps to Reproduce:</strong></p>
<p><strong>Actual Result:</strong></p>
<p><strong>Expecte...
Processing issue 163/439: ISP-1800
[DEBUG-LABELS] Total labels found for ISP-1800: 2
[USER-FALLBACK] Using default user for 'Stephen Mungai' -> b3613172-fc54-4742-b2ba-c10b97d15bf4
[USER-MATCH] Matched 'Robert Mbugua Kanyoro' by email: robert.mbugua@craftsilicon.com -> fb1e0a05-f047-4e22-a52b-b9b1fe4b4358
[STATUS-MATCH] Matched status 'Failed-QA' by normalized name: Failed QA -> 42911275-9770-4690-9c7d-9f71e090f491
[BANKING-MATCH] Found existing banking type 'ERP' -> d9a45733-9624-42c2-afcc-888ce998dbbe
📥 DOWNLOADING ISSUE-LEVEL ATTACHMENTS FOR ISP-1800
   Total files: 5 (10.99 MB)

   [1/5] ⏭️  SKIP: image-20251127-133758.png (already attached)
   [2/5] ⏭️  SKIP: Retest 1800 Failed.mp4 (already attached)
   [3/5] ⏭️  SKIP: Retest RMP-1800 Fail.mp4 (already attached)
   [4/5] ⏭️  SKIP: Search Error Recent & Repository.mp4 (already attached)
   [5/5] ⏭️  SKIP: Search Error Tags & Legal Hold.mp4 (already attached)

📊 Attachment Summary for ISP-1800:
   ✅ Uploaded: 0
   ⏭️  Skipped: 5
   ❌ Failed: 0

[LABEL] Processing 2 label(s) for ISP-1800
[LABEL-MATCH] Found existing label 'New_ERP' (stored as 'new_erp') -> a9f0bd31-9bc0-4a7b-90fc-2ed53a305e8d
[LABEL-SKIP] Label 'new_erp' already attached to ISP-1800
[LABEL-MATCH] Found existing label 'QA' (stored as 'qa') -> f66526ba-6a94-47b5-8239-f9fae5aa2248
[LABEL-SKIP] Label 'qa' already attached to ISP-1800
[LABEL] Completed processing labels for ISP-1800. Total attached: 2
[COMMENTS] Importing 2 comment(s) for ISP-1800...
[USER-MATCH] Matched 'Robert Mbugua Kanyoro' by email: robert.mbugua@craftsilicon.com -> fb1e0a05-f047-4e22-a52b-b9b1fe4b4358
[IMPORT] Added rich text comment by Robert Mbugua Kanyoro to ISP-1800 (id=1a91ce14-2797-49a9-a8cf-17933030ae3a, length=100)
[USER-FALLBACK] Using default user for 'Stephen Mungai' -> b3613172-fc54-4742-b2ba-c10b97d15bf4
[RICH-TEXT] Comment 2 contains: color
[IMPORT] Added rich text comment by Stephen Mungai to ISP-1800 (id=da6f93aa-b61c-4968-9eec-e24d8ec50c97, length=538)
[DESCRIPTION-VALIDATE] ISP-1800: new_len=482, existing_len=518
[DESCRIPTION-UPDATE] ISP-1800: Updated description (482 chars)
  Previous: <div class="trix-content">
  <p><strong>Repro Steps:</strong></p>
<p><strong>Actual Results</strong><...
  Updated: <p><strong>Repro Steps:</strong></p>
<p><strong>Actual Results</strong><br>The system fails to displa...
Processing issue 164/439: ISP-1799
[DEBUG-LABELS] Total labels found for ISP-1799: 2
[USER-MATCH] Matched 'archana.verma' by parsed first+last: archana verma -> 7b5370b5-abcd-4ad2-908b-1791ca40d9c9
[USER-MATCH] Matched 'Robert Mbugua Kanyoro' by email: robert.mbugua@craftsilicon.com -> fb1e0a05-f047-4e22-a52b-b9b1fe4b4358
[STATUS-MATCH] Matched status 'In Progress' by name: In Progress -> c805a0e9-73fc-4726-a1ab-d28b9a36469e
[BANKING-MATCH] Found existing banking type 'ERP' -> d9a45733-9624-42c2-afcc-888ce998dbbe
📥 DOWNLOADING ISSUE-LEVEL ATTACHMENTS FOR ISP-1799
   Total files: 1 (41.84 MB)

   [1/1] ⏭️  SKIP: ISP-1798,1799-Supplier Categories.mp4 (already attached)

📊 Attachment Summary for ISP-1799:
   ✅ Uploaded: 0
   ⏭️  Skipped: 1
   ❌ Failed: 0

[LABEL] Processing 2 label(s) for ISP-1799
[LABEL-MATCH] Found existing label 'New_ERP' (stored as 'new_erp') -> a9f0bd31-9bc0-4a7b-90fc-2ed53a305e8d
[LABEL-SKIP] Label 'new_erp' already attached to ISP-1799
[LABEL-MATCH] Found existing label 'QA' (stored as 'qa') -> f66526ba-6a94-47b5-8239-f9fae5aa2248
[LABEL-SKIP] Label 'qa' already attached to ISP-1799
[LABEL] Completed processing labels for ISP-1799. Total attached: 2
[DESCRIPTION-VALIDATE] ISP-1799: new_len=341, existing_len=377
[DESCRIPTION-UPDATE] ISP-1799: Updated description (341 chars)
  Previous: <div class="trix-content">
  <p><strong>Actual Result-</strong>Supplier Category deleted successfully...
  Updated: <p><strong>Actual Result-</strong>Supplier Category deleted successfully feedback is displayed. Howev...
Processing issue 165/439: ISP-1798
[DEBUG-LABELS] Total labels found for ISP-1798: 2
[USER-MATCH] Matched 'archana.verma' by parsed first+last: archana verma -> 7b5370b5-abcd-4ad2-908b-1791ca40d9c9
[USER-MATCH] Matched 'Robert Mbugua Kanyoro' by email: robert.mbugua@craftsilicon.com -> fb1e0a05-f047-4e22-a52b-b9b1fe4b4358
[STATUS-MATCH] Matched status 'In Progress' by name: In Progress -> c805a0e9-73fc-4726-a1ab-d28b9a36469e
[BANKING-MATCH] Found existing banking type 'ERP' -> d9a45733-9624-42c2-afcc-888ce998dbbe
📥 DOWNLOADING ISSUE-LEVEL ATTACHMENTS FOR ISP-1798
   Total files: 1 (41.84 MB)

   [1/1] ⏭️  SKIP: ISP-1798-Supplier Categories.mp4 (already attached)

📊 Attachment Summary for ISP-1798:
   ✅ Uploaded: 0
   ⏭️  Skipped: 1
   ❌ Failed: 0

[LABEL] Processing 2 label(s) for ISP-1798
[LABEL-MATCH] Found existing label 'New_ERP' (stored as 'new_erp') -> a9f0bd31-9bc0-4a7b-90fc-2ed53a305e8d
[LABEL-SKIP] Label 'new_erp' already attached to ISP-1798
[LABEL-MATCH] Found existing label 'QA' (stored as 'qa') -> f66526ba-6a94-47b5-8239-f9fae5aa2248
[LABEL-SKIP] Label 'qa' already attached to ISP-1798
[LABEL] Completed processing labels for ISP-1798. Total attached: 2
[DESCRIPTION-VALIDATE] ISP-1798: new_len=79, existing_len=115
[DESCRIPTION-UPDATE] ISP-1798: Updated description (79 chars)
  Previous: <div class="trix-content">
  <p><strong>Actual Result-</strong></p>
<p><strong>Expected Result-</stro...
Processing issue 166/439: ISP-1797
[DEBUG-LABELS] Total labels found for ISP-1797: 2
[USER-MATCH] Matched 'archana.verma' by parsed first+last: archana verma -> 7b5370b5-abcd-4ad2-908b-1791ca40d9c9
[USER-MATCH] Matched 'Robert Mbugua Kanyoro' by email: robert.mbugua@craftsilicon.com -> fb1e0a05-f047-4e22-a52b-b9b1fe4b4358
[STATUS-MATCH] Matched status 'In Progress' by name: In Progress -> c805a0e9-73fc-4726-a1ab-d28b9a36469e
[BANKING-MATCH] Found existing banking type 'ERP' -> d9a45733-9624-42c2-afcc-888ce998dbbe
📥 DOWNLOADING ISSUE-LEVEL ATTACHMENTS FOR ISP-1797
   Total files: 1 (25.03 MB)

   [1/1] ⏭️  SKIP: ISP-1797-Cannot Apply again after deletion.mp4 (already attached)

📊 Attachment Summary for ISP-1797:
   ✅ Uploaded: 0
   ⏭️  Skipped: 1
   ❌ Failed: 0

[LABEL] Processing 2 label(s) for ISP-1797
[LABEL-MATCH] Found existing label 'New_ERP' (stored as 'new_erp') -> a9f0bd31-9bc0-4a7b-90fc-2ed53a305e8d
[LABEL-SKIP] Label 'new_erp' already attached to ISP-1797
[LABEL-MATCH] Found existing label 'QA' (stored as 'qa') -> f66526ba-6a94-47b5-8239-f9fae5aa2248
[LABEL-SKIP] Label 'qa' already attached to ISP-1797
[LABEL] Completed processing labels for ISP-1797. Total attached: 2
[DESCRIPTION-VALIDATE] ISP-1797: new_len=404, existing_len=417
[DESCRIPTION-UPDATE] ISP-1797: Updated description (404 chars)
  Previous: <div class="trix-content">
  <p><strong>Actual Result-</strong><span>Getting an error-Something went ...
  Updated: <p><strong>Actual Result-</strong><span style="color: #ff5630">Getting an error-Something went wrong....
Processing issue 167/439: ISP-1796
[DEBUG-LABELS] Total labels found for ISP-1796: 2
[USER-MATCH] Matched 'archana.verma' by parsed first+last: archana verma -> 7b5370b5-abcd-4ad2-908b-1791ca40d9c9
[USER-MATCH] Matched 'Robert Mbugua Kanyoro' by email: robert.mbugua@craftsilicon.com -> fb1e0a05-f047-4e22-a52b-b9b1fe4b4358
[STATUS-MATCH] Matched status 'In Progress' by name: In Progress -> c805a0e9-73fc-4726-a1ab-d28b9a36469e
[BANKING-MATCH] Found existing banking type 'ERP' -> d9a45733-9624-42c2-afcc-888ce998dbbe
📥 DOWNLOADING ISSUE-LEVEL ATTACHMENTS FOR ISP-1796
   Total files: 1 (14.11 MB)

   [1/1] ⏭️  SKIP: ISP-1796-Delete Third Party.mp4 (already attached)

📊 Attachment Summary for ISP-1796:
   ✅ Uploaded: 0
   ⏭️  Skipped: 1
   ❌ Failed: 0

[LABEL] Processing 2 label(s) for ISP-1796
[LABEL-MATCH] Found existing label 'New_ERP' (stored as 'new_erp') -> a9f0bd31-9bc0-4a7b-90fc-2ed53a305e8d
[LABEL-SKIP] Label 'new_erp' already attached to ISP-1796
[LABEL-MATCH] Found existing label 'QA' (stored as 'qa') -> f66526ba-6a94-47b5-8239-f9fae5aa2248
[LABEL-SKIP] Label 'qa' already attached to ISP-1796
[LABEL] Completed processing labels for ISP-1796. Total attached: 2
[DESCRIPTION-VALIDATE] ISP-1796: new_len=520, existing_len=556
[DESCRIPTION-UPDATE] ISP-1796: Updated description (520 chars)
  Previous: <div class="trix-content">
  <p><strong>Actual Result-</strong>No feedback is displayed. And the thir...
  Updated: <p><strong>Actual Result-</strong>No feedback is displayed. And the third party record is still avail...
Processing issue 168/439: ISP-1795
[DEBUG-LABELS] Total labels found for ISP-1795: 3
[USER-MATCH] Matched 'archana.verma' by parsed first+last: archana verma -> 7b5370b5-abcd-4ad2-908b-1791ca40d9c9
[USER-MATCH] Matched 'Robert Mbugua Kanyoro' by email: robert.mbugua@craftsilicon.com -> fb1e0a05-f047-4e22-a52b-b9b1fe4b4358
[STATUS-MATCH] Matched status 'In Progress' by name: In Progress -> c805a0e9-73fc-4726-a1ab-d28b9a36469e
[BANKING-MATCH] Found existing banking type 'ERP' -> d9a45733-9624-42c2-afcc-888ce998dbbe
📥 DOWNLOADING ISSUE-LEVEL ATTACHMENTS FOR ISP-1795
   Total files: 2 (30.56 MB)

   [1/2] ⏭️  SKIP: ISP-1795-Part2.mp4 (already attached)
   [2/2] ⏭️  SKIP: ISP-1795-Suppliers List-Edit Supplier.mp4 (already attached)

📊 Attachment Summary for ISP-1795:
   ✅ Uploaded: 0
   ⏭️  Skipped: 2
   ❌ Failed: 0

[LABEL] Processing 3 label(s) for ISP-1795
[LABEL-MATCH] Found existing label 'Blocker' (stored as 'blocker') -> 53446826-4aac-4ac5-bcac-9aadd9a0f375
[LABEL-SKIP] Label 'blocker' already attached to ISP-1795
[LABEL-MATCH] Found existing label 'New_ERP' (stored as 'new_erp') -> a9f0bd31-9bc0-4a7b-90fc-2ed53a305e8d
[LABEL-SKIP] Label 'new_erp' already attached to ISP-1795
[LABEL-MATCH] Found existing label 'QA' (stored as 'qa') -> f66526ba-6a94-47b5-8239-f9fae5aa2248
[LABEL-SKIP] Label 'qa' already attached to ISP-1795
[LABEL] Completed processing labels for ISP-1795. Total attached: 3
[DESCRIPTION-VALIDATE] ISP-1795: new_len=79, existing_len=115
[DESCRIPTION-UPDATE] ISP-1795: Updated description (79 chars)
  Previous: <div class="trix-content">
  <p><strong>Actual Result-</strong></p>
<p><strong>Expected Result-</stro...
Processing issue 169/439: ISP-1794
[DEBUG-LABELS] Total labels found for ISP-1794: 3
[USER-MATCH] Matched 'archana.verma' by parsed first+last: archana verma -> 7b5370b5-abcd-4ad2-908b-1791ca40d9c9
[USER-MATCH] Matched 'Robert Mbugua Kanyoro' by email: robert.mbugua@craftsilicon.com -> fb1e0a05-f047-4e22-a52b-b9b1fe4b4358
[STATUS-MATCH] Matched status 'In Progress' by name: In Progress -> c805a0e9-73fc-4726-a1ab-d28b9a36469e
[BANKING-MATCH] Found existing banking type 'ERP' -> d9a45733-9624-42c2-afcc-888ce998dbbe
📥 DOWNLOADING ISSUE-LEVEL ATTACHMENTS FOR ISP-1794
   Total files: 2 (23.9 MB)

   [1/2] ⏭️  SKIP: ISP-1794-First Supplier Login.mp4 (already attached)
   [2/2] ⏭️  SKIP: ISP-1794-Second Supplier.mp4 (already attached)

📊 Attachment Summary for ISP-1794:
   ✅ Uploaded: 0
   ⏭️  Skipped: 2
   ❌ Failed: 0

[LABEL] Processing 3 label(s) for ISP-1794
[LABEL-MATCH] Found existing label 'Blocker' (stored as 'blocker') -> 53446826-4aac-4ac5-bcac-9aadd9a0f375
[LABEL-SKIP] Label 'blocker' already attached to ISP-1794
[LABEL-MATCH] Found existing label 'New_ERP' (stored as 'new_erp') -> a9f0bd31-9bc0-4a7b-90fc-2ed53a305e8d
[LABEL-SKIP] Label 'new_erp' already attached to ISP-1794
[LABEL-MATCH] Found existing label 'QA' (stored as 'qa') -> f66526ba-6a94-47b5-8239-f9fae5aa2248
[LABEL-SKIP] Label 'qa' already attached to ISP-1794
[LABEL] Completed processing labels for ISP-1794. Total attached: 3
[DESCRIPTION-VALIDATE] ISP-1794: new_len=552, existing_len=565
[DESCRIPTION-UPDATE] ISP-1794: Updated description (552 chars)
  Previous: <div class="trix-content">
  <p><strong>Actual Result-</strong><span>Getting an error-Account is Inac...
  Updated: <p><strong>Actual Result-</strong><span style="color: #ff5630">Getting an error-Account is Inactive. ...
Processing issue 170/439: ISP-1793
[DEBUG-LABELS] Total labels found for ISP-1793: 1
[USER-MATCH] Matched 'archana.verma' by parsed first+last: archana verma -> 7b5370b5-abcd-4ad2-908b-1791ca40d9c9
[USER-MATCH] Matched 'Robert Mbugua Kanyoro' by email: robert.mbugua@craftsilicon.com -> fb1e0a05-f047-4e22-a52b-b9b1fe4b4358
[STATUS-MATCH] Matched status 'In Progress' by name: In Progress -> c805a0e9-73fc-4726-a1ab-d28b9a36469e
[BANKING-MATCH] Found existing banking type 'ERP' -> d9a45733-9624-42c2-afcc-888ce998dbbe
📥 DOWNLOADING ISSUE-LEVEL ATTACHMENTS FOR ISP-1793
   Total files: 1 (7.98 MB)

   [1/1] ⏭️  SKIP: ISP-1793-Apply Filters.mp4 (already attached)

📊 Attachment Summary for ISP-1793:
   ✅ Uploaded: 0
   ⏭️  Skipped: 1
   ❌ Failed: 0

[LABEL] Processing 1 label(s) for ISP-1793
[LABEL-MATCH] Found existing label 'QA' (stored as 'qa') -> f66526ba-6a94-47b5-8239-f9fae5aa2248
[LABEL-SKIP] Label 'qa' already attached to ISP-1793
[LABEL] Completed processing labels for ISP-1793. Total attached: 1
[DESCRIPTION-VALIDATE] ISP-1793: new_len=354, existing_len=390
[DESCRIPTION-UPDATE] ISP-1793: Updated description (354 chars)
  Previous: <div class="trix-content">
  <p><strong>Actual Result-</strong>No records are displayed despite the m...
  Updated: <p><strong>Actual Result-</strong>No records are displayed despite the matching results available for...
Processing issue 171/439: ISP-1791
[DEBUG-LABELS] Total labels found for ISP-1791: 2
[USER-MATCH] Matched 'archana.verma' by parsed first+last: archana verma -> 7b5370b5-abcd-4ad2-908b-1791ca40d9c9
[USER-MATCH] Matched 'Robert Mbugua Kanyoro' by email: robert.mbugua@craftsilicon.com -> fb1e0a05-f047-4e22-a52b-b9b1fe4b4358
[STATUS-MATCH] Matched status 'Awaiting Build' by name: Awaiting Build -> bf46baa0-8c97-4afe-a65a-a300e43d70e6
[BANKING-MATCH] Found existing banking type 'ERP' -> d9a45733-9624-42c2-afcc-888ce998dbbe
📥 DOWNLOADING ISSUE-LEVEL ATTACHMENTS FOR ISP-1791
   Total files: 3 (10.43 MB)

   [1/3] ⏭️  SKIP: image-20251119-192410.png (already attached)
   [2/3] ⏭️  SKIP: image-20251119-192428.png (already attached)
   [3/3] ⏭️  SKIP: ISP-1791-Requsition Approval-Total Amount.mp4 (already attached)

📊 Attachment Summary for ISP-1791:
   ✅ Uploaded: 0
   ⏭️  Skipped: 3
   ❌ Failed: 0

[LABEL] Processing 2 label(s) for ISP-1791
[LABEL-MATCH] Found existing label 'New_ERP' (stored as 'new_erp') -> a9f0bd31-9bc0-4a7b-90fc-2ed53a305e8d
[LABEL-SKIP] Label 'new_erp' already attached to ISP-1791
[LABEL-MATCH] Found existing label 'QA' (stored as 'qa') -> f66526ba-6a94-47b5-8239-f9fae5aa2248
[LABEL-SKIP] Label 'qa' already attached to ISP-1791
[LABEL] Completed processing labels for ISP-1791. Total attached: 2
[COMMENTS] Importing 1 comment(s) for ISP-1791...
[USER-MATCH] Matched 'Robert Mbugua Kanyoro' by email: robert.mbugua@craftsilicon.com -> fb1e0a05-f047-4e22-a52b-b9b1fe4b4358
[IMPORT] Added rich text comment by Robert Mbugua Kanyoro to ISP-1791 (id=23745b68-378d-438d-9a2a-e2c16128a8a3, length=28)
[DESCRIPTION-VALIDATE] ISP-1791: new_len=693, existing_len=660
[DESCRIPTION-UPDATE] ISP-1791: Updated description (693 chars)
  Previous: <div class="trix-content">
  <p><strong>Actual Result-</strong>On the Requisition Approval screen, Qt...
  Updated: <p><strong>Actual Result-</strong>On the Requisition Approval screen, Qty and Pricing columns are dis...
Processing issue 172/439: ISP-1790
[DEBUG-LABELS] Total labels found for ISP-1790: 2
[USER-MATCH] Matched 'archana.verma' by parsed first+last: archana verma -> 7b5370b5-abcd-4ad2-908b-1791ca40d9c9
[USER-MATCH] Matched 'Robert Mbugua Kanyoro' by email: robert.mbugua@craftsilicon.com -> fb1e0a05-f047-4e22-a52b-b9b1fe4b4358
[STATUS-MATCH] Matched status 'Failed-QA' by normalized name: Failed QA -> 42911275-9770-4690-9c7d-9f71e090f491
[BANKING-MATCH] Found existing banking type 'ERP' -> d9a45733-9624-42c2-afcc-888ce998dbbe
📥 DOWNLOADING ISSUE-LEVEL ATTACHMENTS FOR ISP-1790
   Total files: 4 (29.52 MB)

   [1/4] ⏭️  SKIP: image-20251113-100414.png (already attached)
   [2/4] ⏭️  SKIP: image-20251118-133754.png (already attached)
   [3/4] ⏭️  SKIP: ISP-1790-Submit Plan-Unit Cost.mp4 (already attached)
   [4/4] ⏭️  SKIP: Retest ISP-1790-Fail.mp4 (already attached)

📊 Attachment Summary for ISP-1790:
   ✅ Uploaded: 0
   ⏭️  Skipped: 4
   ❌ Failed: 0

[LABEL] Processing 2 label(s) for ISP-1790
[LABEL-MATCH] Found existing label 'New_ERP' (stored as 'new_erp') -> a9f0bd31-9bc0-4a7b-90fc-2ed53a305e8d
[LABEL-SKIP] Label 'new_erp' already attached to ISP-1790
[LABEL-MATCH] Found existing label 'QA' (stored as 'qa') -> f66526ba-6a94-47b5-8239-f9fae5aa2248
[LABEL-SKIP] Label 'qa' already attached to ISP-1790
[LABEL] Completed processing labels for ISP-1790. Total attached: 2
[COMMENTS] Importing 3 comment(s) for ISP-1790...
[USER-MATCH] Matched 'Robert Mbugua Kanyoro' by email: robert.mbugua@craftsilicon.com -> fb1e0a05-f047-4e22-a52b-b9b1fe4b4358
[IMPORT] Added rich text comment by Robert Mbugua Kanyoro to ISP-1790 (id=f8582d13-0a90-4394-ae74-b7d52b5233e7, length=55)
[USER-MATCH] Matched 'Robert Mbugua Kanyoro' by email: robert.mbugua@craftsilicon.com -> fb1e0a05-f047-4e22-a52b-b9b1fe4b4358
[IMPORT] Added rich text comment by Robert Mbugua Kanyoro to ISP-1790 (id=0104b0bc-2588-4c64-8714-00cc9b9cbe46, length=110)
[USER-MATCH] Matched 'archana.verma' by parsed first+last: archana verma -> 7b5370b5-abcd-4ad2-908b-1791ca40d9c9
[RICH-TEXT] Comment 3 contains: color
[IMPORT] Added rich text comment by archana.verma to ISP-1790 (id=a5b6d09d-676b-43d9-bb50-0b27a3998916, length=909)
[DESCRIPTION-VALIDATE] ISP-1790: new_len=347, existing_len=360
[DESCRIPTION-UPDATE] ISP-1790: Updated description (347 chars)
  Previous: <div class="trix-content">
  <p><strong>Actual Result-</strong><span>Unit Cost under Cost column for ...
  Updated: <p><strong>Actual Result-</strong><span style="color: #ff5630">Unit Cost under Cost column for this I...
Processing issue 173/439: ISP-1789
[DEBUG-LABELS] Total labels found for ISP-1789: 2
[USER-MATCH] Matched 'archana.verma' by parsed first+last: archana verma -> 7b5370b5-abcd-4ad2-908b-1791ca40d9c9
[USER-MATCH] Matched 'Robert Mbugua Kanyoro' by email: robert.mbugua@craftsilicon.com -> fb1e0a05-f047-4e22-a52b-b9b1fe4b4358
[STATUS-MATCH] Matched status 'In Progress' by name: In Progress -> c805a0e9-73fc-4726-a1ab-d28b9a36469e
[BANKING-MATCH] Found existing banking type 'ERP' -> d9a45733-9624-42c2-afcc-888ce998dbbe
📥 DOWNLOADING ISSUE-LEVEL ATTACHMENTS FOR ISP-1789
   Total files: 1 (5.95 MB)

   [1/1] ⏭️  SKIP: ISP-1789-Cost in decimal rounded.mp4 (already attached)

📊 Attachment Summary for ISP-1789:
   ✅ Uploaded: 0
   ⏭️  Skipped: 1
   ❌ Failed: 0

[LABEL] Processing 2 label(s) for ISP-1789
[LABEL-MATCH] Found existing label 'New_ERP' (stored as 'new_erp') -> a9f0bd31-9bc0-4a7b-90fc-2ed53a305e8d
[LABEL-SKIP] Label 'new_erp' already attached to ISP-1789
[LABEL-MATCH] Found existing label 'QA' (stored as 'qa') -> f66526ba-6a94-47b5-8239-f9fae5aa2248
[LABEL-SKIP] Label 'qa' already attached to ISP-1789
[LABEL] Completed processing labels for ISP-1789. Total attached: 2
[DESCRIPTION-VALIDATE] ISP-1789: new_len=169, existing_len=205
[DESCRIPTION-UPDATE] ISP-1789: Updated description (169 chars)
  Previous: <div class="trix-content">
  <p><strong>Expected Result-</strong>System should display the exact amou...
  Updated: <p><strong>Expected Result-</strong>System should display the exact amount without rounding on Edit D...
Processing issue 174/439: ISP-1788
[DEBUG-LABELS] Total labels found for ISP-1788: 2
[USER-MATCH] Matched 'archana.verma' by parsed first+last: archana verma -> 7b5370b5-abcd-4ad2-908b-1791ca40d9c9
[USER-MATCH] Matched 'Robert Mbugua Kanyoro' by email: robert.mbugua@craftsilicon.com -> fb1e0a05-f047-4e22-a52b-b9b1fe4b4358
[STATUS-MATCH] Matched status 'In Progress' by name: In Progress -> c805a0e9-73fc-4726-a1ab-d28b9a36469e
[BANKING-MATCH] Found existing banking type 'ERP' -> d9a45733-9624-42c2-afcc-888ce998dbbe
📥 DOWNLOADING ISSUE-LEVEL ATTACHMENTS FOR ISP-1788
   Total files: 1 (4.96 MB)

   [1/1] ⏭️  SKIP: ISP-1788-Qty update.mp4 (already attached)

📊 Attachment Summary for ISP-1788:
   ✅ Uploaded: 0
   ⏭️  Skipped: 1
   ❌ Failed: 0

[LABEL] Processing 2 label(s) for ISP-1788
[LABEL-MATCH] Found existing label 'New_ERP' (stored as 'new_erp') -> a9f0bd31-9bc0-4a7b-90fc-2ed53a305e8d
[LABEL-SKIP] Label 'new_erp' already attached to ISP-1788
[LABEL-MATCH] Found existing label 'QA' (stored as 'qa') -> f66526ba-6a94-47b5-8239-f9fae5aa2248
[LABEL-SKIP] Label 'qa' already attached to ISP-1788
[LABEL] Completed processing labels for ISP-1788. Total attached: 2
[DESCRIPTION-VALIDATE] ISP-1788: new_len=765, existing_len=778
[DESCRIPTION-UPDATE] ISP-1788: Updated description (765 chars)
  Previous: <div class="trix-content">
  <p><strong>Actual Result-</strong><span>Application displays an error i....
  Updated: <p><strong>Actual Result-</strong><span style="color: #ff5630">Application displays an error i.e. Val...
Processing issue 175/439: ISP-1787
[DEBUG-LABELS] Total labels found for ISP-1787: 2
[USER-MATCH] Matched 'archana.verma' by parsed first+last: archana verma -> 7b5370b5-abcd-4ad2-908b-1791ca40d9c9
[USER-MATCH] Matched 'archana.verma' by parsed first+last: archana verma -> 7b5370b5-abcd-4ad2-908b-1791ca40d9c9
[STATUS-MATCH] Matched status 'Closed' by name: Closed -> 8c60b5b6-b9e9-405d-8d7d-d672cb9b23f1
[BANKING-MATCH] Found existing banking type 'ERP' -> d9a45733-9624-42c2-afcc-888ce998dbbe
📥 DOWNLOADING ISSUE-LEVEL ATTACHMENTS FOR ISP-1787
   Total files: 4 (17.89 MB)

   [1/4] ⏭️  SKIP: image-20251113-085500.png (already attached)
   [2/4] ⏭️  SKIP: image-20251118-134925.png (already attached)
   [3/4] ⏭️  SKIP: ISP-1787-Cancel button-Set Method.mp4 (already attached)
   [4/4] ⏭️  SKIP: Retest ISP-1787-Pass.mp4 (already attached)

📊 Attachment Summary for ISP-1787:
   ✅ Uploaded: 0
   ⏭️  Skipped: 4
   ❌ Failed: 0

[LABEL] Processing 2 label(s) for ISP-1787
[LABEL-MATCH] Found existing label 'New_ERP' (stored as 'new_erp') -> a9f0bd31-9bc0-4a7b-90fc-2ed53a305e8d
[LABEL-SKIP] Label 'new_erp' already attached to ISP-1787
[LABEL-MATCH] Found existing label 'QA' (stored as 'qa') -> f66526ba-6a94-47b5-8239-f9fae5aa2248
[LABEL-SKIP] Label 'qa' already attached to ISP-1787
[LABEL] Completed processing labels for ISP-1787. Total attached: 2
[COMMENTS] Importing 3 comment(s) for ISP-1787...
[USER-MATCH] Matched 'Robert Mbugua Kanyoro' by email: robert.mbugua@craftsilicon.com -> fb1e0a05-f047-4e22-a52b-b9b1fe4b4358
[IMPORT] Added rich text comment by Robert Mbugua Kanyoro to ISP-1787 (id=7c29bff8-ef74-4075-9e0d-acf261ba9627, length=102)
[USER-MATCH] Matched 'Robert Mbugua Kanyoro' by email: robert.mbugua@craftsilicon.com -> fb1e0a05-f047-4e22-a52b-b9b1fe4b4358
[IMPORT] Added rich text comment by Robert Mbugua Kanyoro to ISP-1787 (id=4affe221-fda8-4402-aafb-2158b8963fa5, length=259)
[USER-MATCH] Matched 'archana.verma' by parsed first+last: archana verma -> 7b5370b5-abcd-4ad2-908b-1791ca40d9c9
[IMPORT] Added rich text comment by archana.verma to ISP-1787 (id=1e364a81-1da2-4a14-b9ef-287dd20897ce, length=91)
[DESCRIPTION-VALIDATE] ISP-1787: new_len=211, existing_len=247
[DESCRIPTION-UPDATE] ISP-1787: Updated description (211 chars)
  Previous: <div class="trix-content">
  <p><strong>Scenario 1:</strong></p>
<p><strong>Scenario 2:</strong></p>
...
  Updated: <p><strong>Scenario 1:</strong></p>
<p><strong>Scenario 2:</strong></p>
<p><strong>Actual Result</str...
Processing issue 176/439: ISP-1786
[DEBUG-LABELS] Total labels found for ISP-1786: 3
[USER-MATCH] Matched 'archana.verma' by parsed first+last: archana verma -> 7b5370b5-abcd-4ad2-908b-1791ca40d9c9
[USER-MATCH] Matched 'Robert Mbugua Kanyoro' by email: robert.mbugua@craftsilicon.com -> fb1e0a05-f047-4e22-a52b-b9b1fe4b4358
[STATUS-MATCH] Matched status 'In Progress' by name: In Progress -> c805a0e9-73fc-4726-a1ab-d28b9a36469e
[BANKING-MATCH] Found existing banking type 'ERP' -> d9a45733-9624-42c2-afcc-888ce998dbbe
📥 DOWNLOADING ISSUE-LEVEL ATTACHMENTS FOR ISP-1786
   Total files: 1 (13.95 MB)

   [1/1] ⏭️  SKIP: ISP-1786-Raise Need error.mp4 (already attached)

📊 Attachment Summary for ISP-1786:
   ✅ Uploaded: 0
   ⏭️  Skipped: 1
   ❌ Failed: 0

[LABEL] Processing 3 label(s) for ISP-1786
[LABEL-MATCH] Found existing label 'Blocker' (stored as 'blocker') -> 53446826-4aac-4ac5-bcac-9aadd9a0f375
[LABEL-SKIP] Label 'blocker' already attached to ISP-1786
[LABEL-MATCH] Found existing label 'New_ERP' (stored as 'new_erp') -> a9f0bd31-9bc0-4a7b-90fc-2ed53a305e8d
[LABEL-SKIP] Label 'new_erp' already attached to ISP-1786
[LABEL-MATCH] Found existing label 'QA' (stored as 'qa') -> f66526ba-6a94-47b5-8239-f9fae5aa2248
[LABEL-SKIP] Label 'qa' already attached to ISP-1786
[LABEL] Completed processing labels for ISP-1786. Total attached: 3
[DESCRIPTION-VALIDATE] ISP-1786: new_len=547, existing_len=560
[DESCRIPTION-UPDATE] ISP-1786: Updated description (547 chars)
  Previous: <div class="trix-content">
  <p><strong>Pre-Condition-</strong>Login with a user whose role has acces...
  Updated: <p><strong>Pre-Condition-</strong>Login with a user whose role has access to all the Procurement modu...
Processing issue 177/439: ISP-1784
[DEBUG-LABELS] Total labels found for ISP-1784: 3
[USER-MATCH] Matched 'Wilberforce Wakhungu' by parsed first+last: wilberforce Wakhungu -> 03c960cf-9cd1-41dc-8a6b-669843030d52
[USER-MATCH] Matched 'archana.verma' by parsed first+last: archana verma -> 7b5370b5-abcd-4ad2-908b-1791ca40d9c9
[STATUS-MATCH] Matched status 'Closed' by name: Closed -> 8c60b5b6-b9e9-405d-8d7d-d672cb9b23f1
[BANKING-MATCH] Found existing banking type 'ERP' -> d9a45733-9624-42c2-afcc-888ce998dbbe
📥 DOWNLOADING ISSUE-LEVEL ATTACHMENTS FOR ISP-1784
   Total files: 3 (4.38 MB)

   [1/3] ⏭️  SKIP: image-20251202-080811.png (already attached)
   [2/3] ⏭️  SKIP: Quotations(RFQs-Server error).mp4 (already attached)
   [3/3] ⏭️  SKIP: Retest ISP-1784-Pass.mp4 (already attached)

📊 Attachment Summary for ISP-1784:
   ✅ Uploaded: 0
   ⏭️  Skipped: 3
   ❌ Failed: 0

[LABEL] Processing 3 label(s) for ISP-1784
[LABEL-MATCH] Found existing label 'Blocker' (stored as 'blocker') -> 53446826-4aac-4ac5-bcac-9aadd9a0f375
[LABEL-SKIP] Label 'blocker' already attached to ISP-1784
[LABEL-MATCH] Found existing label 'New_ERP' (stored as 'new_erp') -> a9f0bd31-9bc0-4a7b-90fc-2ed53a305e8d
[LABEL-SKIP] Label 'new_erp' already attached to ISP-1784
[LABEL-MATCH] Found existing label 'QA' (stored as 'qa') -> f66526ba-6a94-47b5-8239-f9fae5aa2248
[LABEL-SKIP] Label 'qa' already attached to ISP-1784
[LABEL] Completed processing labels for ISP-1784. Total attached: 3
[COMMENTS] Importing 2 comment(s) for ISP-1784...
[USER-MATCH] Matched 'Robert Mbugua Kanyoro' by email: robert.mbugua@craftsilicon.com -> fb1e0a05-f047-4e22-a52b-b9b1fe4b4358
[IMPORT] Added rich text comment by Robert Mbugua Kanyoro to ISP-1784 (id=d48adcad-efe6-4430-8e2c-e31fe95f6a52, length=26)
[USER-MATCH] Matched 'archana.verma' by parsed first+last: archana verma -> 7b5370b5-abcd-4ad2-908b-1791ca40d9c9
[IMPORT] Added rich text comment by archana.verma to ISP-1784 (id=30e0c12b-32c1-45bb-b850-a4cb13df6c08, length=219)
[DESCRIPTION-VALIDATE] ISP-1784: new_len=559, existing_len=578
[DESCRIPTION-UPDATE] ISP-1784: Updated description (559 chars)
  Previous: <div class="trix-content">
  <p><strong>Repro steps</strong></p>
<p>Navigate to Quotations&gt;&gt;Vie...
  Updated: <p><strong>Repro steps</strong></p>
<p>Navigate to Quotations>>View Quotations and invoke View Quotat...
Processing issue 178/439: ISP-1783
[DEBUG-LABELS] Total labels found for ISP-1783: 2
[USER-MATCH] Matched 'Michael Wakhungu' by parsed first+last: Michael Wakhungu -> 597e3fd3-bd8d-4416-b3c9-e513fe79905f
[USER-MATCH] Matched 'Robert Mbugua Kanyoro' by email: robert.mbugua@craftsilicon.com -> fb1e0a05-f047-4e22-a52b-b9b1fe4b4358
[STATUS-MATCH] Matched status 'In Progress' by name: In Progress -> c805a0e9-73fc-4726-a1ab-d28b9a36469e
[BANKING-MATCH] Found existing banking type 'ERP' -> d9a45733-9624-42c2-afcc-888ce998dbbe
📥 DOWNLOADING ISSUE-LEVEL ATTACHMENTS FOR ISP-1783
   Total files: 1 (1.59 MB)

   [1/1] ⏭️  SKIP: ISP-1783.mov (already attached)

📊 Attachment Summary for ISP-1783:
   ✅ Uploaded: 0
   ⏭️  Skipped: 1
   ❌ Failed: 0

[LABEL] Processing 2 label(s) for ISP-1783
[LABEL-MATCH] Found existing label 'New_ERP' (stored as 'new_erp') -> a9f0bd31-9bc0-4a7b-90fc-2ed53a305e8d
[LABEL-SKIP] Label 'new_erp' already attached to ISP-1783
[LABEL-MATCH] Found existing label 'QA' (stored as 'qa') -> f66526ba-6a94-47b5-8239-f9fae5aa2248
[LABEL-SKIP] Label 'qa' already attached to ISP-1783
[LABEL] Completed processing labels for ISP-1783. Total attached: 2
[DESCRIPTION-VALIDATE] ISP-1783: new_len=265, existing_len=301
[DESCRIPTION-UPDATE] ISP-1783: Updated description (265 chars)
  Previous: <div class="trix-content">
  <h3><strong>Repro Steps</strong></h3>
<h3><strong>Actual Results</strong...
  Updated: <h3><strong>Repro Steps</strong></h3>
<h3><strong>Actual Results</strong></h3>
<h3><strong>Expected R...
Processing issue 179/439: ISP-1782
[DEBUG-LABELS] Total labels found for ISP-1782: 2
[USER-MATCH] Matched 'Wilberforce Wakhungu' by parsed first+last: wilberforce Wakhungu -> 03c960cf-9cd1-41dc-8a6b-669843030d52
[USER-MATCH] Matched 'Robert Mbugua Kanyoro' by email: robert.mbugua@craftsilicon.com -> fb1e0a05-f047-4e22-a52b-b9b1fe4b4358
[STATUS-MATCH] Matched status 'In Progress' by name: In Progress -> c805a0e9-73fc-4726-a1ab-d28b9a36469e
[BANKING-MATCH] Found existing banking type 'ERP' -> d9a45733-9624-42c2-afcc-888ce998dbbe
📥 DOWNLOADING ISSUE-LEVEL ATTACHMENTS FOR ISP-1782
   Total files: 1 (8.58 MB)

   [1/1] ⏭️  SKIP: RFQ(Email).mp4 (already attached)

📊 Attachment Summary for ISP-1782:
   ✅ Uploaded: 0
   ⏭️  Skipped: 1
   ❌ Failed: 0

[LABEL] Processing 2 label(s) for ISP-1782
[LABEL-MATCH] Found existing label 'New_ERP' (stored as 'new_erp') -> a9f0bd31-9bc0-4a7b-90fc-2ed53a305e8d
[LABEL-SKIP] Label 'new_erp' already attached to ISP-1782
[LABEL-MATCH] Found existing label 'QA' (stored as 'qa') -> f66526ba-6a94-47b5-8239-f9fae5aa2248
[LABEL-SKIP] Label 'qa' already attached to ISP-1782
[LABEL] Completed processing labels for ISP-1782. Total attached: 2
[DESCRIPTION-VALIDATE] ISP-1782: new_len=410, existing_len=446
[DESCRIPTION-UPDATE] ISP-1782: Updated description (410 chars)
  Previous: <div class="trix-content">
  <p><strong>Repro Steps:</strong></p>
<p><strong>Actual Results:</strong>...
  Updated: <p><strong>Repro Steps:</strong></p>
<p><strong>Actual Results:</strong><br>Each supplier receives no...
Processing issue 180/439: ISP-1781
[DEBUG-LABELS] Total labels found for ISP-1781: 2
[USER-MATCH] Matched 'gideon' by single name: gideon gideon -> a2f6fdcb-6a66-4ace-992b-0f3cd5e9cc53
[USER-MATCH] Matched 'gideon' by single name: gideon gideon -> a2f6fdcb-6a66-4ace-992b-0f3cd5e9cc53
[STATUS-MATCH] Matched status 'Closed' by name: Closed -> 8c60b5b6-b9e9-405d-8d7d-d672cb9b23f1
[BANKING-MATCH] Found existing banking type 'ERP' -> d9a45733-9624-42c2-afcc-888ce998dbbe
📥 DOWNLOADING ISSUE-LEVEL ATTACHMENTS FOR ISP-1781
   Total files: 4 (5.8 MB)

   [1/4] ⏭️  SKIP: cannot-delete-a-stock-item-delete-button-at-actions-is-unresponsive_Xnuh7WLc.mp4 (already attached)
   [2/4] ⏭️  SKIP: image-20251118-135539.png (already attached)
   [3/4] ⏭️  SKIP: image-20251118-135656.png (already attached)
   [4/4] ⏭️  SKIP: issue-no-isp-1781-is-a-pass-system-is-now-able-to-delete-an-item-from-item-mast_tWbadIwL.mp4 (already attached)

📊 Attachment Summary for ISP-1781:
   ✅ Uploaded: 0
   ⏭️  Skipped: 4
   ❌ Failed: 0

[LABEL] Processing 2 label(s) for ISP-1781
[LABEL-MATCH] Found existing label 'New_ERP' (stored as 'new_erp') -> a9f0bd31-9bc0-4a7b-90fc-2ed53a305e8d
[LABEL-SKIP] Label 'new_erp' already attached to ISP-1781
[LABEL-MATCH] Found existing label 'QA' (stored as 'qa') -> f66526ba-6a94-47b5-8239-f9fae5aa2248
[LABEL-SKIP] Label 'qa' already attached to ISP-1781
[LABEL] Completed processing labels for ISP-1781. Total attached: 2
[COMMENTS] Importing 3 comment(s) for ISP-1781...
[USER-MATCH] Matched 'Mureithi Maina' by parsed first+last: Mureithi Maina -> 48b6b96d-6b97-44ef-b692-40a2ad9d967e
[IMPORT] Added rich text comment by Mureithi Maina to ISP-1781 (id=a92f9453-2763-49f7-ae17-c886c26db9f6, length=88)
[USER-MATCH] Matched 'Robert Mbugua Kanyoro' by email: robert.mbugua@craftsilicon.com -> fb1e0a05-f047-4e22-a52b-b9b1fe4b4358
[IMPORT] Added rich text comment by Robert Mbugua Kanyoro to ISP-1781 (id=7ddfd4ec-fc32-4e79-be76-fdda882168fb, length=268)
[USER-MATCH] Matched 'gideon' by single name: gideon gideon -> a2f6fdcb-6a66-4ace-992b-0f3cd5e9cc53
[IMPORT] Added rich text comment by gideon to ISP-1781 (id=577104c8-6bb9-4725-8d43-18e104770727, length=197)
[DESCRIPTION-VALIDATE] ISP-1781: new_len=427, existing_len=463
[DESCRIPTION-UPDATE] ISP-1781: Updated description (427 chars)
  Previous: <div class="trix-content">
  <p><strong>Reproduction Steps:</strong></p>
<p>Navigate to <strong>Inven...
  Updated: <p><strong>Reproduction Steps:</strong></p>
<p>Navigate to <strong>Inventory - Item Master - Item Mas...
Processing issue 181/439: ISP-1780
[DEBUG-LABELS] Total labels found for ISP-1780: 2
[USER-MATCH] Matched 'gideon' by single name: gideon gideon -> a2f6fdcb-6a66-4ace-992b-0f3cd5e9cc53
[USER-MATCH] Matched 'Robert Mbugua Kanyoro' by email: robert.mbugua@craftsilicon.com -> fb1e0a05-f047-4e22-a52b-b9b1fe4b4358
[STATUS-MATCH] Matched status 'Awaiting Build' by name: Awaiting Build -> bf46baa0-8c97-4afe-a65a-a300e43d70e6
[BANKING-MATCH] Found existing banking type 'ERP' -> d9a45733-9624-42c2-afcc-888ce998dbbe
📥 DOWNLOADING ISSUE-LEVEL ATTACHMENTS FOR ISP-1780
   Total files: 2 (3.57 MB)

   [1/2] ⏭️  SKIP: image-20251201-072414.png (already attached)
   [2/2] ⏭️  SKIP: load-opening-stock-download-sample-template_FLGy7rrn.mp4 (already attached)

📊 Attachment Summary for ISP-1780:
   ✅ Uploaded: 0
   ⏭️  Skipped: 2
   ❌ Failed: 0

[LABEL] Processing 2 label(s) for ISP-1780
[LABEL-MATCH] Found existing label 'New_ERP' (stored as 'new_erp') -> a9f0bd31-9bc0-4a7b-90fc-2ed53a305e8d
[LABEL-SKIP] Label 'new_erp' already attached to ISP-1780
[LABEL-MATCH] Found existing label 'QA' (stored as 'qa') -> f66526ba-6a94-47b5-8239-f9fae5aa2248
[LABEL-SKIP] Label 'qa' already attached to ISP-1780
[LABEL] Completed processing labels for ISP-1780. Total attached: 2
[COMMENTS] Importing 1 comment(s) for ISP-1780...
[USER-MATCH] Matched 'Robert Mbugua Kanyoro' by email: robert.mbugua@craftsilicon.com -> fb1e0a05-f047-4e22-a52b-b9b1fe4b4358
[RICH-TEXT] Comment 1 contains: color
[IMPORT] Added rich text comment by Robert Mbugua Kanyoro to ISP-1780 (id=9cd8c989-7c80-4ca5-be55-6444920b2d12, length=70)
[DESCRIPTION-VALIDATE] ISP-1780: new_len=120, existing_len=156
[DESCRIPTION-UPDATE] ISP-1780: Updated description (120 chars)
  Previous: <div class="trix-content">
  <p><strong>Repro Steps -</strong></p>
<p><strong>Actual Results</strong>...
  Updated: <p><strong>Repro Steps -</strong></p>
<p><strong>Actual Results</strong> -</p>
<p><strong>Expected Re...
Processing issue 182/439: ISP-1779
[DEBUG-LABELS] Total labels found for ISP-1779: 2
[USER-MATCH] Matched 'gideon' by single name: gideon gideon -> a2f6fdcb-6a66-4ace-992b-0f3cd5e9cc53
[USER-MATCH] Matched 'gideon' by single name: gideon gideon -> a2f6fdcb-6a66-4ace-992b-0f3cd5e9cc53
[STATUS-MATCH] Matched status 'Closed' by name: Closed -> 8c60b5b6-b9e9-405d-8d7d-d672cb9b23f1
[BANKING-MATCH] Found existing banking type 'ERP' -> d9a45733-9624-42c2-afcc-888ce998dbbe
📥 DOWNLOADING ISSUE-LEVEL ATTACHMENTS FOR ISP-1779
   Total files: 4 (5.73 MB)

   [1/4] ⏭️  SKIP: image-20251119-065122.png (already attached)
   [2/4] ⏭️  SKIP: image-20251119-065238.png (already attached)
   [3/4] ⏭️  SKIP: Issue No. ISP-1779 is a Pass system is now displaying a Success message when user update data at UOM_ULD736iA.mp4 (already attached)
   [4/4] ⏭️  SKIP: unit-of-measure-system-is-not-saving-edited-data-and-no-feedback-message-is-disp_cp9mjT4W.mp4 (already attached)

📊 Attachment Summary for ISP-1779:
   ✅ Uploaded: 0
   ⏭️  Skipped: 4
   ❌ Failed: 0

[LABEL] Processing 2 label(s) for ISP-1779
[LABEL-MATCH] Found existing label 'New_ERP' (stored as 'new_erp') -> a9f0bd31-9bc0-4a7b-90fc-2ed53a305e8d
[LABEL-SKIP] Label 'new_erp' already attached to ISP-1779
[LABEL-MATCH] Found existing label 'QA' (stored as 'qa') -> f66526ba-6a94-47b5-8239-f9fae5aa2248
[LABEL-SKIP] Label 'qa' already attached to ISP-1779
[LABEL] Completed processing labels for ISP-1779. Total attached: 2
[COMMENTS] Importing 3 comment(s) for ISP-1779...
[USER-MATCH] Matched 'Mureithi Maina' by parsed first+last: Mureithi Maina -> 48b6b96d-6b97-44ef-b692-40a2ad9d967e
[IMPORT] Added rich text comment by Mureithi Maina to ISP-1779 (id=f643663d-4cca-4bd6-a8d0-6726cb8e3ece, length=55)
[USER-MATCH] Matched 'Robert Mbugua Kanyoro' by email: robert.mbugua@craftsilicon.com -> fb1e0a05-f047-4e22-a52b-b9b1fe4b4358
[IMPORT] Added rich text comment by Robert Mbugua Kanyoro to ISP-1779 (id=a542673b-5025-48f0-8bba-77b11cc30cf9, length=114)
[USER-MATCH] Matched 'gideon' by single name: gideon gideon -> a2f6fdcb-6a66-4ace-992b-0f3cd5e9cc53
[IMPORT] Added rich text comment by gideon to ISP-1779 (id=945a55a4-7bf3-45e1-8071-63449f4b4a86, length=196)
[DESCRIPTION-VALIDATE] ISP-1779: new_len=124, existing_len=160
[DESCRIPTION-UPDATE] ISP-1779: Updated description (124 chars)
  Previous: <div class="trix-content">
  <p><strong>Reproduction Steps</strong></p>
<p><strong>Actual Results:</s...
  Updated: <p><strong>Reproduction Steps</strong></p>
<p><strong>Actual Results:</strong></p>
<p><strong>Expecte...
Processing issue 183/439: ISP-1778
[DEBUG-LABELS] Total labels found for ISP-1778: 2
[USER-MATCH] Matched 'nicholas.mbithuka' by parsed first+last: nicholas Mbithuka -> a4ac82e1-0812-4298-a390-eb72c4248f1a
[USER-MATCH] Matched 'nicholas.mbithuka' by parsed first+last: nicholas Mbithuka -> a4ac82e1-0812-4298-a390-eb72c4248f1a
[STATUS-MATCH] Matched status 'Closed' by name: Closed -> 8c60b5b6-b9e9-405d-8d7d-d672cb9b23f1
[BANKING-MATCH] Found existing banking type 'ERP' -> d9a45733-9624-42c2-afcc-888ce998dbbe
📥 DOWNLOADING ISSUE-LEVEL ATTACHMENTS FOR ISP-1778
   Total files: 2 (8.91 MB)

   [1/2] ⏭️  SKIP: ERP-Inventory Settings System does not show Inventory Module when assigned.mp4 (already attached)
   [2/2] ⏭️  SKIP: Retest ERP 1778 Pass.mp4 (already attached)

📊 Attachment Summary for ISP-1778:
   ✅ Uploaded: 0
   ⏭️  Skipped: 2
   ❌ Failed: 0

[LABEL] Processing 2 label(s) for ISP-1778
[LABEL-MATCH] Found existing label 'New_ERP' (stored as 'new_erp') -> a9f0bd31-9bc0-4a7b-90fc-2ed53a305e8d
[LABEL-SKIP] Label 'new_erp' already attached to ISP-1778
[LABEL-MATCH] Found existing label 'QA' (stored as 'qa') -> f66526ba-6a94-47b5-8239-f9fae5aa2248
[LABEL-SKIP] Label 'qa' already attached to ISP-1778
[LABEL] Completed processing labels for ISP-1778. Total attached: 2
[COMMENTS] Importing 1 comment(s) for ISP-1778...
[USER-MATCH] Matched 'nicholas.mbithuka' by parsed first+last: nicholas Mbithuka -> a4ac82e1-0812-4298-a390-eb72c4248f1a
[IMPORT] Added rich text comment by nicholas.mbithuka to ISP-1778 (id=6d75b226-9705-474f-8c85-b439ed23abee, length=228)
[DESCRIPTION-VALIDATE] ISP-1778: new_len=325, existing_len=361
[DESCRIPTION-UPDATE] ISP-1778: Updated description (325 chars)
  Previous: <div class="trix-content">
  <p><strong>Repro Steps:</strong></p>
<p><strong>Actual Results:</strong>...
  Updated: <p><strong>Repro Steps:</strong></p>
<p><strong>Actual Results:</strong></p>
<p><strong>Expected Resu...
Processing issue 184/439: ISP-1777
[DEBUG-LABELS] Total labels found for ISP-1777: 2
[USER-MATCH] Matched 'nicholas.mbithuka' by parsed first+last: nicholas Mbithuka -> a4ac82e1-0812-4298-a390-eb72c4248f1a
[USER-MATCH] Matched 'nicholas.mbithuka' by parsed first+last: nicholas Mbithuka -> a4ac82e1-0812-4298-a390-eb72c4248f1a
[STATUS-MATCH] Matched status 'Closed' by name: Closed -> 8c60b5b6-b9e9-405d-8d7d-d672cb9b23f1
[BANKING-MATCH] Found existing banking type 'ERP' -> d9a45733-9624-42c2-afcc-888ce998dbbe
📥 DOWNLOADING ISSUE-LEVEL ATTACHMENTS FOR ISP-1777
   Total files: 4 (5.87 MB)

   [1/4] ⏭️  SKIP: ERP-Settings Users Create user Defect.mp4 (already attached)
   [2/4] ⏭️  SKIP: image-20251119-070909.png (already attached)
   [3/4] ⏭️  SKIP: image-20251119-070934.png (already attached)
   [4/4] ⏭️  SKIP: Roles Home page Defect.mp4 (already attached)

📊 Attachment Summary for ISP-1777:
   ✅ Uploaded: 0
   ⏭️  Skipped: 4
   ❌ Failed: 0

[LABEL] Processing 2 label(s) for ISP-1777
[LABEL-MATCH] Found existing label 'New_ERP' (stored as 'new_erp') -> a9f0bd31-9bc0-4a7b-90fc-2ed53a305e8d
[LABEL-SKIP] Label 'new_erp' already attached to ISP-1777
[LABEL-MATCH] Found existing label 'QA' (stored as 'qa') -> f66526ba-6a94-47b5-8239-f9fae5aa2248
[LABEL-SKIP] Label 'qa' already attached to ISP-1777
[LABEL] Completed processing labels for ISP-1777. Total attached: 2
[COMMENTS] Importing 2 comment(s) for ISP-1777...
[USER-MATCH] Matched 'Robert Mbugua Kanyoro' by email: robert.mbugua@craftsilicon.com -> fb1e0a05-f047-4e22-a52b-b9b1fe4b4358
[IMPORT] Added rich text comment by Robert Mbugua Kanyoro to ISP-1777 (id=b18f2e3c-b9fd-4ee2-bba4-54f5219e2939, length=102)
[USER-MATCH] Matched 'nicholas.mbithuka' by parsed first+last: nicholas Mbithuka -> a4ac82e1-0812-4298-a390-eb72c4248f1a
[IMPORT] Added rich text comment by nicholas.mbithuka to ISP-1777 (id=e75f7a5b-1383-4672-9b42-353cab565ca8, length=13)
[DESCRIPTION-VALIDATE] ISP-1777: new_len=118, existing_len=154
[DESCRIPTION-UPDATE] ISP-1777: Updated description (118 chars)
  Previous: <div class="trix-content">
  <p><strong>Repro Steps:</strong></p>
<p><strong>Actual Results:</strong>...
  Updated: <p><strong>Repro Steps:</strong></p>
<p><strong>Actual Results:</strong></p>
<p><strong>Expected Resu...
Processing issue 185/439: ISP-1776
[DEBUG-LABELS] Total labels found for ISP-1776: 2
[USER-MATCH] Matched 'Wilberforce Wakhungu' by parsed first+last: wilberforce Wakhungu -> 03c960cf-9cd1-41dc-8a6b-669843030d52
[USER-MATCH] Matched 'Robert Mbugua Kanyoro' by email: robert.mbugua@craftsilicon.com -> fb1e0a05-f047-4e22-a52b-b9b1fe4b4358
[STATUS-MATCH] Matched status 'In Progress' by name: In Progress -> c805a0e9-73fc-4726-a1ab-d28b9a36469e
[BANKING-MATCH] Found existing banking type 'ERP' -> d9a45733-9624-42c2-afcc-888ce998dbbe
📥 DOWNLOADING ISSUE-LEVEL ATTACHMENTS FOR ISP-1776
   Total files: 1 (26.44 MB)

   [1/1] ⏭️  SKIP: tender-initiation-approve_sKD0oJi2.mp4 (already attached)

📊 Attachment Summary for ISP-1776:
   ✅ Uploaded: 0
   ⏭️  Skipped: 1
   ❌ Failed: 0

[LABEL] Processing 2 label(s) for ISP-1776
[LABEL-MATCH] Found existing label 'New_ERP' (stored as 'new_erp') -> a9f0bd31-9bc0-4a7b-90fc-2ed53a305e8d
[LABEL-SKIP] Label 'new_erp' already attached to ISP-1776
[LABEL-MATCH] Found existing label 'QA' (stored as 'qa') -> f66526ba-6a94-47b5-8239-f9fae5aa2248
[LABEL-SKIP] Label 'qa' already attached to ISP-1776
[LABEL] Completed processing labels for ISP-1776. Total attached: 2
[DESCRIPTION-VALIDATE] ISP-1776: new_len=259, existing_len=295
[DESCRIPTION-UPDATE] ISP-1776: Updated description (259 chars)
  Previous: <div class="trix-content">
  <p><strong>Repro Steps:</strong></p>
<p><strong>Actual Results:</strong>...
  Updated: <p><strong>Repro Steps:</strong></p>
<p><strong>Actual Results:</strong></p>
<p><strong>Expected Resu...
Processing issue 186/439: ISP-1775
[DEBUG-LABELS] Total labels found for ISP-1775: 2
[USER-MATCH] Matched 'gideon' by single name: gideon gideon -> a2f6fdcb-6a66-4ace-992b-0f3cd5e9cc53
[USER-MATCH] Matched 'Robert Mbugua Kanyoro' by email: robert.mbugua@craftsilicon.com -> fb1e0a05-f047-4e22-a52b-b9b1fe4b4358
[STATUS-MATCH] Matched status 'Failed-QA' by normalized name: Failed QA -> 42911275-9770-4690-9c7d-9f71e090f491
[BANKING-MATCH] Found existing banking type 'ERP' -> d9a45733-9624-42c2-afcc-888ce998dbbe
📥 DOWNLOADING ISSUE-LEVEL ATTACHMENTS FOR ISP-1775
   Total files: 2 (6.98 MB)

   [1/2] ⏭️  SKIP: issue-no-1775-is-a-fail-system-is-still-displaying-error-message-when-remarks-i_fgFQBNQJ.mp4 (already attached)
   [2/2] ⏭️  SKIP: stock-management-stock-take-system-displays-500-server-error-when-u-dont-enter-r_WjLKQ0DB.mp4 (already attached)

📊 Attachment Summary for ISP-1775:
   ✅ Uploaded: 0
   ⏭️  Skipped: 2
   ❌ Failed: 0

[LABEL] Processing 2 label(s) for ISP-1775
[LABEL-MATCH] Found existing label 'New_ERP' (stored as 'new_erp') -> a9f0bd31-9bc0-4a7b-90fc-2ed53a305e8d
[LABEL-SKIP] Label 'new_erp' already attached to ISP-1775
[LABEL-MATCH] Found existing label 'QA' (stored as 'qa') -> f66526ba-6a94-47b5-8239-f9fae5aa2248
[LABEL-SKIP] Label 'qa' already attached to ISP-1775
[LABEL] Completed processing labels for ISP-1775. Total attached: 2
[COMMENTS] Importing 1 comment(s) for ISP-1775...
[USER-MATCH] Matched 'gideon' by single name: gideon gideon -> a2f6fdcb-6a66-4ace-992b-0f3cd5e9cc53
[IMPORT] Added rich text comment by gideon to ISP-1775 (id=71652b97-03ea-48bd-a7c4-c1cdd31c5bb4, length=221)
[DESCRIPTION-VALIDATE] ISP-1775: new_len=316, existing_len=352
[DESCRIPTION-UPDATE] ISP-1775: Updated description (316 chars)
  Previous: <div class="trix-content">
  <p><strong>Reproduction Steps:</strong></p>
<p><strong>Actual Results:</...
  Updated: <p><strong>Reproduction Steps:</strong></p>
<p><strong>Actual Results:</strong></p>
<p><strong>Expect...
Processing issue 187/439: ISP-1774
[DEBUG-LABELS] Total labels found for ISP-1774: 2
[USER-MATCH] Matched 'nicholas.mbithuka' by parsed first+last: nicholas Mbithuka -> a4ac82e1-0812-4298-a390-eb72c4248f1a
[USER-MATCH] Matched 'Robert Mbugua Kanyoro' by email: robert.mbugua@craftsilicon.com -> fb1e0a05-f047-4e22-a52b-b9b1fe4b4358
[STATUS-MATCH] Matched status 'In Progress' by name: In Progress -> c805a0e9-73fc-4726-a1ab-d28b9a36469e
[BANKING-MATCH] Found existing banking type 'ERP' -> d9a45733-9624-42c2-afcc-888ce998dbbe
📥 DOWNLOADING ISSUE-LEVEL ATTACHMENTS FOR ISP-1774
   Total files: 1 (1.86 MB)

   [1/1] ⏭️  SKIP: ERP-CRM-Third Parties Leads Edit Defect.mp4 (already attached)

📊 Attachment Summary for ISP-1774:
   ✅ Uploaded: 0
   ⏭️  Skipped: 1
   ❌ Failed: 0

[LABEL] Processing 2 label(s) for ISP-1774
[LABEL-MATCH] Found existing label 'New_ERP' (stored as 'new_erp') -> a9f0bd31-9bc0-4a7b-90fc-2ed53a305e8d
[LABEL-SKIP] Label 'new_erp' already attached to ISP-1774
[LABEL-MATCH] Found existing label 'QA' (stored as 'qa') -> f66526ba-6a94-47b5-8239-f9fae5aa2248
[LABEL-SKIP] Label 'qa' already attached to ISP-1774
[LABEL] Completed processing labels for ISP-1774. Total attached: 2
[DESCRIPTION-VALIDATE] ISP-1774: new_len=323, existing_len=359
[DESCRIPTION-UPDATE] ISP-1774: Updated description (323 chars)
  Previous: <div class="trix-content">
  <p><strong>Repro Steps:</strong></p>
<p><strong>Actual Results</strong><...
  Updated: <p><strong>Repro Steps:</strong></p>
<p><strong>Actual Results</strong></p>
<p>User is unable to edit...
Processing issue 188/439: ISP-1773
[DEBUG-LABELS] Total labels found for ISP-1773: 2
[USER-MATCH] Matched 'Wilberforce Wakhungu' by parsed first+last: wilberforce Wakhungu -> 03c960cf-9cd1-41dc-8a6b-669843030d52
[USER-MATCH] Matched 'Robert Mbugua Kanyoro' by email: robert.mbugua@craftsilicon.com -> fb1e0a05-f047-4e22-a52b-b9b1fe4b4358
[STATUS-MATCH] Matched status 'In Progress' by name: In Progress -> c805a0e9-73fc-4726-a1ab-d28b9a36469e
[BANKING-MATCH] Found existing banking type 'ERP' -> d9a45733-9624-42c2-afcc-888ce998dbbe
📥 DOWNLOADING ISSUE-LEVEL ATTACHMENTS FOR ISP-1773
   Total files: 1 (3.31 MB)

   [1/1] ⏭️  SKIP: Tenders(Accept-Bid).mp4 (already attached)

📊 Attachment Summary for ISP-1773:
   ✅ Uploaded: 0
   ⏭️  Skipped: 1
   ❌ Failed: 0

[LABEL] Processing 2 label(s) for ISP-1773
[LABEL-MATCH] Found existing label 'New_ERP' (stored as 'new_erp') -> a9f0bd31-9bc0-4a7b-90fc-2ed53a305e8d
[LABEL-SKIP] Label 'new_erp' already attached to ISP-1773
[LABEL-MATCH] Found existing label 'QA' (stored as 'qa') -> f66526ba-6a94-47b5-8239-f9fae5aa2248
[LABEL-SKIP] Label 'qa' already attached to ISP-1773
[LABEL] Completed processing labels for ISP-1773. Total attached: 2
[DESCRIPTION-VALIDATE] ISP-1773: new_len=356, existing_len=392
[DESCRIPTION-UPDATE] ISP-1773: Updated description (356 chars)
  Previous: <div class="trix-content">
  <p><strong>Repro Steps:</strong></p>
<p><strong>Actual Results:</strong>...
  Updated: <p><strong>Repro Steps:</strong></p>
<p><strong>Actual Results:</strong><br>The supplier is able to p...
Processing issue 189/439: ISP-1772
[DEBUG-LABELS] Total labels found for ISP-1772: 2
[USER-MATCH] Matched 'Michael Wakhungu' by parsed first+last: Michael Wakhungu -> 597e3fd3-bd8d-4416-b3c9-e513fe79905f
[USER-MATCH] Matched 'Robert Mbugua Kanyoro' by email: robert.mbugua@craftsilicon.com -> fb1e0a05-f047-4e22-a52b-b9b1fe4b4358
[STATUS-MATCH] Matched status 'In Progress' by name: In Progress -> c805a0e9-73fc-4726-a1ab-d28b9a36469e
[BANKING-MATCH] Found existing banking type 'ERP' -> d9a45733-9624-42c2-afcc-888ce998dbbe
📥 DOWNLOADING ISSUE-LEVEL ATTACHMENTS FOR ISP-1772
   Total files: 2 (2.32 MB)

   [1/2] ⏭️  SKIP: image-20251119-083729.png (already attached)
   [2/2] ⏭️  SKIP: ISP-1772.mov (already attached)

📊 Attachment Summary for ISP-1772:
   ✅ Uploaded: 0
   ⏭️  Skipped: 2
   ❌ Failed: 0

[LABEL] Processing 2 label(s) for ISP-1772
[LABEL-MATCH] Found existing label 'New_ERP' (stored as 'new_erp') -> a9f0bd31-9bc0-4a7b-90fc-2ed53a305e8d
[LABEL-SKIP] Label 'new_erp' already attached to ISP-1772
[LABEL-MATCH] Found existing label 'QA' (stored as 'qa') -> f66526ba-6a94-47b5-8239-f9fae5aa2248
[LABEL-SKIP] Label 'qa' already attached to ISP-1772
[LABEL] Completed processing labels for ISP-1772. Total attached: 2
[COMMENTS] Importing 1 comment(s) for ISP-1772...
[USER-MATCH] Matched 'Robert Mbugua Kanyoro' by email: robert.mbugua@craftsilicon.com -> fb1e0a05-f047-4e22-a52b-b9b1fe4b4358
[IMPORT] Added rich text comment by Robert Mbugua Kanyoro to ISP-1772 (id=29e9b79d-5e3b-42d5-aa5c-2070b2675ad3, length=199)
[DESCRIPTION-VALIDATE] ISP-1772: new_len=120, existing_len=156
[DESCRIPTION-UPDATE] ISP-1772: Updated description (120 chars)
  Previous: <div class="trix-content">
  <p><strong>Repro Steps:</strong></p>
<p><strong>Actual Results -</strong...
  Updated: <p><strong>Repro Steps:</strong></p>
<p><strong>Actual Results -</strong></p>
<p><strong>Expected Res...
Processing issue 190/439: ISP-1771
[DEBUG-LABELS] Total labels found for ISP-1771: 2
[USER-FALLBACK] Using default user for 'Stephen Mungai' -> b3613172-fc54-4742-b2ba-c10b97d15bf4
[USER-MATCH] Matched 'Robert Mbugua Kanyoro' by email: robert.mbugua@craftsilicon.com -> fb1e0a05-f047-4e22-a52b-b9b1fe4b4358
[STATUS-MATCH] Matched status 'In Progress' by name: In Progress -> c805a0e9-73fc-4726-a1ab-d28b9a36469e
[BANKING-MATCH] Found existing banking type 'ERP' -> d9a45733-9624-42c2-afcc-888ce998dbbe
📥 DOWNLOADING ISSUE-LEVEL ATTACHMENTS FOR ISP-1771
   Total files: 1 (7.37 MB)

   [1/1] ⏭️  SKIP: Document Tags Column Header Not displaying.mp4 (already attached)

📊 Attachment Summary for ISP-1771:
   ✅ Uploaded: 0
   ⏭️  Skipped: 1
   ❌ Failed: 0

[LABEL] Processing 2 label(s) for ISP-1771
[LABEL-MATCH] Found existing label 'New_ERP' (stored as 'new_erp') -> a9f0bd31-9bc0-4a7b-90fc-2ed53a305e8d
[LABEL-SKIP] Label 'new_erp' already attached to ISP-1771
[LABEL-MATCH] Found existing label 'QA' (stored as 'qa') -> f66526ba-6a94-47b5-8239-f9fae5aa2248
[LABEL-SKIP] Label 'qa' already attached to ISP-1771
[LABEL] Completed processing labels for ISP-1771. Total attached: 2
[DESCRIPTION-VALIDATE] ISP-1771: new_len=493, existing_len=529
[DESCRIPTION-UPDATE] ISP-1771: Updated description (493 chars)
  Previous: <div class="trix-content">
  <p><strong>Repro Steps</strong></p>
<p><strong>Actual Results</strong><b...
  Updated: <p><strong>Repro Steps</strong></p>
<p><strong>Actual Results</strong><br>Across the Repository, Bulk...
Processing issue 191/439: ISP-1770
[DEBUG-LABELS] Total labels found for ISP-1770: 2
[USER-FALLBACK] Using default user for 'Stephen Mungai' -> b3613172-fc54-4742-b2ba-c10b97d15bf4
[USER-MATCH] Matched 'Mureithi Maina' by parsed first+last: Mureithi Maina -> 48b6b96d-6b97-44ef-b692-40a2ad9d967e
[STATUS-MATCH] Matched status 'Awaiting Build' by name: Awaiting Build -> bf46baa0-8c97-4afe-a65a-a300e43d70e6
[BANKING-MATCH] Found existing banking type 'ERP' -> d9a45733-9624-42c2-afcc-888ce998dbbe
📥 DOWNLOADING ISSUE-LEVEL ATTACHMENTS FOR ISP-1770
   Total files: 2 (2.43 MB)

   [1/2] ⏭️  SKIP: Document Uploaded from Tender Lease Document.mp4 (already attached)
   [2/2] ⏭️  SKIP: Tenant lease Doc viewed in Recent Docs.mp4 (already attached)

📊 Attachment Summary for ISP-1770:
   ✅ Uploaded: 0
   ⏭️  Skipped: 2
   ❌ Failed: 0

[LABEL] Processing 2 label(s) for ISP-1770
[LABEL-MATCH] Found existing label 'New_ERP' (stored as 'new_erp') -> a9f0bd31-9bc0-4a7b-90fc-2ed53a305e8d
[LABEL-SKIP] Label 'new_erp' already attached to ISP-1770
[LABEL-MATCH] Found existing label 'QA' (stored as 'qa') -> f66526ba-6a94-47b5-8239-f9fae5aa2248
[LABEL-SKIP] Label 'qa' already attached to ISP-1770
[LABEL] Completed processing labels for ISP-1770. Total attached: 2
[COMMENTS] Importing 1 comment(s) for ISP-1770...
[USER-MATCH] Matched 'Robert Mbugua Kanyoro' by email: robert.mbugua@craftsilicon.com -> fb1e0a05-f047-4e22-a52b-b9b1fe4b4358
[IMPORT] Added rich text comment by Robert Mbugua Kanyoro to ISP-1770 (id=a5ca30b6-77e3-4ada-b731-129fced8d484, length=178)
[DESCRIPTION-VALIDATE] ISP-1770: new_len=645, existing_len=681
[DESCRIPTION-UPDATE] ISP-1770: Updated description (645 chars)
  Previous: <div class="trix-content">
  <p><strong>Repro Steps:</strong></p>
<p><strong>Actual Results:</strong>...
  Updated: <p><strong>Repro Steps:</strong></p>
<p><strong>Actual Results:</strong><br>In the Repository, no mod...
Processing issue 192/439: ISP-1769
[DEBUG-LABELS] Total labels found for ISP-1769: 2
[USER-MATCH] Matched 'Michael Wakhungu' by parsed first+last: Michael Wakhungu -> 597e3fd3-bd8d-4416-b3c9-e513fe79905f
[USER-MATCH] Matched 'Robert Mbugua Kanyoro' by email: robert.mbugua@craftsilicon.com -> fb1e0a05-f047-4e22-a52b-b9b1fe4b4358
[STATUS-MATCH] Matched status 'In Progress' by name: In Progress -> c805a0e9-73fc-4726-a1ab-d28b9a36469e
[BANKING-MATCH] Found existing banking type 'ERP' -> d9a45733-9624-42c2-afcc-888ce998dbbe
📥 DOWNLOADING ISSUE-LEVEL ATTACHMENTS FOR ISP-1769
   Total files: 1 (3.17 MB)

   [1/1] ⏭️  SKIP: ISP-1769.mov (already attached)

📊 Attachment Summary for ISP-1769:
   ✅ Uploaded: 0
   ⏭️  Skipped: 1
   ❌ Failed: 0

[LABEL] Processing 2 label(s) for ISP-1769
[LABEL-MATCH] Found existing label 'New_ERP' (stored as 'new_erp') -> a9f0bd31-9bc0-4a7b-90fc-2ed53a305e8d
[LABEL-SKIP] Label 'new_erp' already attached to ISP-1769
[LABEL-MATCH] Found existing label 'QA' (stored as 'qa') -> f66526ba-6a94-47b5-8239-f9fae5aa2248
[LABEL-SKIP] Label 'qa' already attached to ISP-1769
[LABEL] Completed processing labels for ISP-1769. Total attached: 2
[DESCRIPTION-VALIDATE] ISP-1769: new_len=120, existing_len=156
[DESCRIPTION-UPDATE] ISP-1769: Updated description (120 chars)
  Previous: <div class="trix-content">
  <p><strong>Repro Steps:</strong></p>
<p><strong>Actual Results -</strong...
  Updated: <p><strong>Repro Steps:</strong></p>
<p><strong>Actual Results -</strong></p>
<p><strong>Expected Res...
Processing issue 193/439: ISP-1768
[DEBUG-LABELS] Total labels found for ISP-1768: 2
[USER-MATCH] Matched 'gideon' by single name: gideon gideon -> a2f6fdcb-6a66-4ace-992b-0f3cd5e9cc53
[USER-MATCH] Matched 'Robert Mbugua Kanyoro' by email: robert.mbugua@craftsilicon.com -> fb1e0a05-f047-4e22-a52b-b9b1fe4b4358
[STATUS-MATCH] Matched status 'Failed-QA' by normalized name: Failed QA -> 42911275-9770-4690-9c7d-9f71e090f491
[BANKING-MATCH] Found existing banking type 'ERP' -> d9a45733-9624-42c2-afcc-888ce998dbbe
📥 DOWNLOADING ISSUE-LEVEL ATTACHMENTS FOR ISP-1768
   Total files: 4 (9.96 MB)

   [1/4] ⏭️  SKIP: image-20251119-093440.png (already attached)
   [2/4] ⏭️  SKIP: issue-no-1768-is-a-Fail-although-system-is-updating-the-updated-data-without-er_EcPP6W74.mp4 (already attached)
   [3/4] ⏭️  SKIP: issue-no-1768-is-a-fail-the-3-fields-are-still-displaying-blank-though-data-had_T2p27PiV.mp4 (already attached)
   [4/4] ⏭️  SKIP: stock-adjustments-item-name-blank-currenty-qty-displays-nil-and-new-qty-field-i_vGsG2EQc.mp4 (already attached)

📊 Attachment Summary for ISP-1768:
   ✅ Uploaded: 0
   ⏭️  Skipped: 4
   ❌ Failed: 0

[LABEL] Processing 2 label(s) for ISP-1768
[LABEL-MATCH] Found existing label 'New_ERP' (stored as 'new_erp') -> a9f0bd31-9bc0-4a7b-90fc-2ed53a305e8d
[LABEL-SKIP] Label 'new_erp' already attached to ISP-1768
[LABEL-MATCH] Found existing label 'QA' (stored as 'qa') -> f66526ba-6a94-47b5-8239-f9fae5aa2248
[LABEL-SKIP] Label 'qa' already attached to ISP-1768
[LABEL] Completed processing labels for ISP-1768. Total attached: 2
[COMMENTS] Importing 4 comment(s) for ISP-1768...
[USER-MATCH] Matched 'gideon' by single name: gideon gideon -> a2f6fdcb-6a66-4ace-992b-0f3cd5e9cc53
[IMPORT] Added rich text comment by gideon to ISP-1768 (id=b4f96710-2bdf-441e-b7ab-7a063f43562b, length=272)
[USER-MATCH] Matched 'Mureithi Maina' by parsed first+last: Mureithi Maina -> 48b6b96d-6b97-44ef-b692-40a2ad9d967e
[IMPORT] Added rich text comment by Mureithi Maina to ISP-1768 (id=4acd2528-f016-4b47-a6ce-f8c81b23887e, length=101)
[USER-MATCH] Matched 'Robert Mbugua Kanyoro' by email: robert.mbugua@craftsilicon.com -> fb1e0a05-f047-4e22-a52b-b9b1fe4b4358
[IMPORT] Added rich text comment by Robert Mbugua Kanyoro to ISP-1768 (id=c37516e4-b113-4fd8-a412-ce71bd1b2e9c, length=174)
[USER-MATCH] Matched 'gideon' by single name: gideon gideon -> a2f6fdcb-6a66-4ace-992b-0f3cd5e9cc53
[IMPORT] Added rich text comment by gideon to ISP-1768 (id=35bb6386-0a88-439b-8ba6-2814a87cf000, length=318)
[DESCRIPTION-VALIDATE] ISP-1768: new_len=481, existing_len=642
[DESCRIPTION-UPDATE] ISP-1768: Updated description (481 chars)
  Previous: <div class="trix-content">
  <p><strong>Repro Steps:</strong></p>
<p><strong>Actual Results:</strong>...
  Updated: <p><strong>Repro Steps:</strong></p>
<p><strong>Actual Results:</strong></p>
<p><strong>             ...
Processing issue 194/439: ISP-1767
[DEBUG-LABELS] Total labels found for ISP-1767: 2
[USER-MATCH] Matched 'Michael Wakhungu' by parsed first+last: Michael Wakhungu -> 597e3fd3-bd8d-4416-b3c9-e513fe79905f
[USER-MATCH] Matched 'Michael Wakhungu' by parsed first+last: Michael Wakhungu -> 597e3fd3-bd8d-4416-b3c9-e513fe79905f
[STATUS-MATCH] Matched status 'Closed' by name: Closed -> 8c60b5b6-b9e9-405d-8d7d-d672cb9b23f1
[BANKING-MATCH] Found existing banking type 'ERP' -> d9a45733-9624-42c2-afcc-888ce998dbbe
📥 DOWNLOADING ISSUE-LEVEL ATTACHMENTS FOR ISP-1767
   Total files: 3 (178.85 MB)

   [1/3] ⏭️  SKIP: image-20251119-094020.png (already attached)
   [2/3] ⏭️  SKIP: ISP-1767_Retest.mov (already attached)
   [3/3] ⏭️  SKIP: Screen Recording 2025-10-31 122841.mp4 (already attached)

📊 Attachment Summary for ISP-1767:
   ✅ Uploaded: 0
   ⏭️  Skipped: 3
   ❌ Failed: 0

[LABEL] Processing 2 label(s) for ISP-1767
[LABEL-MATCH] Found existing label 'New_ERP' (stored as 'new_erp') -> a9f0bd31-9bc0-4a7b-90fc-2ed53a305e8d
[LABEL-SKIP] Label 'new_erp' already attached to ISP-1767
[LABEL-MATCH] Found existing label 'QA' (stored as 'qa') -> f66526ba-6a94-47b5-8239-f9fae5aa2248
[LABEL-SKIP] Label 'qa' already attached to ISP-1767
[LABEL] Completed processing labels for ISP-1767. Total attached: 2
[COMMENTS] Importing 2 comment(s) for ISP-1767...
[USER-MATCH] Matched 'Robert Mbugua Kanyoro' by email: robert.mbugua@craftsilicon.com -> fb1e0a05-f047-4e22-a52b-b9b1fe4b4358
[IMPORT] Added rich text comment by Robert Mbugua Kanyoro to ISP-1767 (id=8bb292dc-fcef-4eb0-aa29-6e214052767b, length=57)
[USER-MATCH] Matched 'Michael Wakhungu' by parsed first+last: Michael Wakhungu -> 597e3fd3-bd8d-4416-b3c9-e513fe79905f
[RICH-TEXT] Comment 2 contains: color
[IMPORT] Added rich text comment by Michael Wakhungu to ISP-1767 (id=74612230-e3e7-4c53-a3e2-3371750e9ac7, length=363)
[DESCRIPTION-VALIDATE] ISP-1767: new_len=357, existing_len=393
[DESCRIPTION-UPDATE] ISP-1767: Updated description (357 chars)
  Previous: <div class="trix-content">
  <p><strong>Repro Steps:</strong></p>
<p><strong>Actual Results -</strong...
  Updated: <p><strong>Repro Steps:</strong></p>
<p><strong>Actual Results -</strong></p>
<p>System accepts due d...
Processing issue 195/439: ISP-1766
[DEBUG-LABELS] Total labels found for ISP-1766: 2
[USER-FALLBACK] Using default user for 'Stephen Mungai' -> b3613172-fc54-4742-b2ba-c10b97d15bf4
[USER-MATCH] Matched 'Mureithi Maina' by parsed first+last: Mureithi Maina -> 48b6b96d-6b97-44ef-b692-40a2ad9d967e
[STATUS-MATCH] Matched status 'In Progress' by name: In Progress -> c805a0e9-73fc-4726-a1ab-d28b9a36469e
[BANKING-MATCH] Found existing banking type 'ERP' -> d9a45733-9624-42c2-afcc-888ce998dbbe
📥 DOWNLOADING ISSUE-LEVEL ATTACHMENTS FOR ISP-1766
   Total files: 1 (1.74 MB)

   [1/1] ⏭️  SKIP: No of Files in tags not updating.mp4 (already attached)

📊 Attachment Summary for ISP-1766:
   ✅ Uploaded: 0
   ⏭️  Skipped: 1
   ❌ Failed: 0

[LABEL] Processing 2 label(s) for ISP-1766
[LABEL-MATCH] Found existing label 'New_ERP' (stored as 'new_erp') -> a9f0bd31-9bc0-4a7b-90fc-2ed53a305e8d
[LABEL-SKIP] Label 'new_erp' already attached to ISP-1766
[LABEL-MATCH] Found existing label 'QA' (stored as 'qa') -> f66526ba-6a94-47b5-8239-f9fae5aa2248
[LABEL-SKIP] Label 'qa' already attached to ISP-1766
[LABEL] Completed processing labels for ISP-1766. Total attached: 2
[DESCRIPTION-VALIDATE] ISP-1766: new_len=802, existing_len=838
[DESCRIPTION-UPDATE] ISP-1766: Updated description (802 chars)
  Previous: <div class="trix-content">
  <p><strong>Repro Steps</strong></p>
<p><strong>Actual Results</strong></...
  Updated: <p><strong>Repro Steps</strong></p>
<p><strong>Actual Results</strong></p>
<p>When a tag is removed f...
Processing issue 196/439: ISP-1765
[DEBUG-LABELS] Total labels found for ISP-1765: 2
[USER-MATCH] Matched 'Wilberforce Wakhungu' by parsed first+last: wilberforce Wakhungu -> 03c960cf-9cd1-41dc-8a6b-669843030d52
[USER-MATCH] Matched 'Robert Mbugua Kanyoro' by email: robert.mbugua@craftsilicon.com -> fb1e0a05-f047-4e22-a52b-b9b1fe4b4358
[STATUS-MATCH] Matched status 'In Progress' by name: In Progress -> c805a0e9-73fc-4726-a1ab-d28b9a36469e
[BANKING-MATCH] Found existing banking type 'ERP' -> d9a45733-9624-42c2-afcc-888ce998dbbe
📥 DOWNLOADING ISSUE-LEVEL ATTACHMENTS FOR ISP-1765
   Total files: 1 (17.28 MB)

   [1/1] ⏭️  SKIP: Tender initiation(Approve).mp4 (already attached)

📊 Attachment Summary for ISP-1765:
   ✅ Uploaded: 0
   ⏭️  Skipped: 1
   ❌ Failed: 0

[LABEL] Processing 2 label(s) for ISP-1765
[LABEL-MATCH] Found existing label 'New_ERP' (stored as 'new_erp') -> a9f0bd31-9bc0-4a7b-90fc-2ed53a305e8d
[LABEL-SKIP] Label 'new_erp' already attached to ISP-1765
[LABEL-MATCH] Found existing label 'QA' (stored as 'qa') -> f66526ba-6a94-47b5-8239-f9fae5aa2248
[LABEL-SKIP] Label 'qa' already attached to ISP-1765
[LABEL] Completed processing labels for ISP-1765. Total attached: 2
[DESCRIPTION-VALIDATE] ISP-1765: new_len=381, existing_len=417
[DESCRIPTION-UPDATE] ISP-1765: Updated description (381 chars)
  Previous: <div class="trix-content">
  <p><strong>Repro Steps:</strong></p>
<p><strong>Actual Results:</strong>...
  Updated: <p><strong>Repro Steps:</strong></p>
<p><strong>Actual Results:</strong><br>The system sends tender i...
Processing issue 197/439: ISP-1764
[DEBUG-LABELS] Total labels found for ISP-1764: 2
[USER-MATCH] Matched 'Wilberforce Wakhungu' by parsed first+last: wilberforce Wakhungu -> 03c960cf-9cd1-41dc-8a6b-669843030d52
[USER-MATCH] Matched 'Robert Mbugua Kanyoro' by email: robert.mbugua@craftsilicon.com -> fb1e0a05-f047-4e22-a52b-b9b1fe4b4358
[STATUS-MATCH] Matched status 'In Progress' by name: In Progress -> c805a0e9-73fc-4726-a1ab-d28b9a36469e
[BANKING-MATCH] Found existing banking type 'ERP' -> d9a45733-9624-42c2-afcc-888ce998dbbe
📥 DOWNLOADING ISSUE-LEVEL ATTACHMENTS FOR ISP-1764
   Total files: 1 (14.41 MB)

   [1/1] ⏭️  SKIP: Tender initiation(Invites).mp4 (already attached)

📊 Attachment Summary for ISP-1764:
   ✅ Uploaded: 0
   ⏭️  Skipped: 1
   ❌ Failed: 0

[LABEL] Processing 2 label(s) for ISP-1764
[LABEL-MATCH] Found existing label 'New_ERP' (stored as 'new_erp') -> a9f0bd31-9bc0-4a7b-90fc-2ed53a305e8d
[LABEL-SKIP] Label 'new_erp' already attached to ISP-1764
[LABEL-MATCH] Found existing label 'QA' (stored as 'qa') -> f66526ba-6a94-47b5-8239-f9fae5aa2248
[LABEL-SKIP] Label 'qa' already attached to ISP-1764
[LABEL] Completed processing labels for ISP-1764. Total attached: 2
[DESCRIPTION-VALIDATE] ISP-1764: new_len=419, existing_len=455
[DESCRIPTION-UPDATE] ISP-1764: Updated description (419 chars)
  Previous: <div class="trix-content">
  <p><strong>Repro Steps:</strong></p>
<p><strong>Actual Results:</strong>...
  Updated: <p><strong>Repro Steps:</strong></p>
<p><strong>Actual Results:</strong><br>Each supplier receives no...
Processing issue 198/439: ISP-1763
[DEBUG-LABELS] Total labels found for ISP-1763: 2
[USER-FALLBACK] Using default user for 'Stephen Mungai' -> b3613172-fc54-4742-b2ba-c10b97d15bf4
[USER-MATCH] Matched 'Robert Mbugua Kanyoro' by email: robert.mbugua@craftsilicon.com -> fb1e0a05-f047-4e22-a52b-b9b1fe4b4358
[STATUS-MATCH] Matched status 'In Progress' by name: In Progress -> c805a0e9-73fc-4726-a1ab-d28b9a36469e
[BANKING-MATCH] Found existing banking type 'ERP' -> d9a45733-9624-42c2-afcc-888ce998dbbe
📥 DOWNLOADING ISSUE-LEVEL ATTACHMENTS FOR ISP-1763
   Total files: 2 (1.08 MB)

   [1/2] ⏭️  SKIP: tendering Manual Submission Process.mp4 (already attached)
   [2/2] ⏭️  SKIP: Tendering Manual Submission Process Document Displayed as N-A.mp4 (already attached)

📊 Attachment Summary for ISP-1763:
   ✅ Uploaded: 0
   ⏭️  Skipped: 2
   ❌ Failed: 0

[LABEL] Processing 2 label(s) for ISP-1763
[LABEL-MATCH] Found existing label 'New_ERP' (stored as 'new_erp') -> a9f0bd31-9bc0-4a7b-90fc-2ed53a305e8d
[LABEL-SKIP] Label 'new_erp' already attached to ISP-1763
[LABEL-MATCH] Found existing label 'QA' (stored as 'qa') -> f66526ba-6a94-47b5-8239-f9fae5aa2248
[LABEL-SKIP] Label 'qa' already attached to ISP-1763
[LABEL] Completed processing labels for ISP-1763. Total attached: 2
[DESCRIPTION-VALIDATE] ISP-1763: new_len=824, existing_len=860
[DESCRIPTION-UPDATE] ISP-1763: Updated description (824 chars)
  Previous: <div class="trix-content">
  <p><strong>Repro Steps</strong></p>
<p><strong>Actual Results</strong></...
  Updated: <p><strong>Repro Steps</strong></p>
<p><strong>Actual Results</strong></p>
<p>After adding a manual b...
Processing issue 199/439: ISP-1762
[DEBUG-LABELS] Total labels found for ISP-1762: 2
[USER-MATCH] Matched 'gideon' by single name: gideon gideon -> a2f6fdcb-6a66-4ace-992b-0f3cd5e9cc53
[USER-MATCH] Matched 'gideon' by single name: gideon gideon -> a2f6fdcb-6a66-4ace-992b-0f3cd5e9cc53
[STATUS-MATCH] Matched status 'Closed' by name: Closed -> 8c60b5b6-b9e9-405d-8d7d-d672cb9b23f1
[BANKING-MATCH] Found existing banking type 'ERP' -> d9a45733-9624-42c2-afcc-888ce998dbbe
📥 DOWNLOADING ISSUE-LEVEL ATTACHMENTS FOR ISP-1762
   Total files: 3 (16.57 MB)

   [1/3] ⏭️  SKIP: inventory-item-master-listing-system-displays-500-server-error-when-user-edits_vYIVq7a2.mp4 (already attached)
   [2/3] ⏭️  SKIP: inventory-item-master-listing-system-displays-500-server-error-when-user-edits-i_X5UkL3R0.mp4 (already attached)
   [3/3] ⏭️  SKIP: issue-no-1762 is a Pass system changes Active to InActive when no Hypen at BAR Code _2wa9J9Pq.mp4 (already attached)

📊 Attachment Summary for ISP-1762:
   ✅ Uploaded: 0
   ⏭️  Skipped: 3
   ❌ Failed: 0

[LABEL] Processing 2 label(s) for ISP-1762
[LABEL-MATCH] Found existing label 'New_ERP' (stored as 'new_erp') -> a9f0bd31-9bc0-4a7b-90fc-2ed53a305e8d
[LABEL-SKIP] Label 'new_erp' already attached to ISP-1762
[LABEL-MATCH] Found existing label 'QA' (stored as 'qa') -> f66526ba-6a94-47b5-8239-f9fae5aa2248
[LABEL-SKIP] Label 'qa' already attached to ISP-1762
[LABEL] Completed processing labels for ISP-1762. Total attached: 2
[COMMENTS] Importing 1 comment(s) for ISP-1762...
[USER-MATCH] Matched 'gideon' by single name: gideon gideon -> a2f6fdcb-6a66-4ace-992b-0f3cd5e9cc53
[IMPORT] Added rich text comment by gideon to ISP-1762 (id=d3bacc02-b05d-43e6-9d70-4326d9830ad7, length=279)
[DESCRIPTION-VALIDATE] ISP-1762: new_len=342, existing_len=378
[DESCRIPTION-UPDATE] ISP-1762: Updated description (342 chars)
  Previous: <div class="trix-content">
  <p><strong>Repro Steps</strong></p>
<p><strong>Actual Results–</strong><...
  Updated: <p><strong>Repro Steps</strong></p>
<p><strong>Actual Results–</strong></p>
<p>On both cases system d...
Processing issue 200/439: ISP-1761
[DEBUG-LABELS] Total labels found for ISP-1761: 2
[USER-FALLBACK] Using default user for 'Stephen Mungai' -> b3613172-fc54-4742-b2ba-c10b97d15bf4
[USER-MATCH] Matched 'Robert Mbugua Kanyoro' by email: robert.mbugua@craftsilicon.com -> fb1e0a05-f047-4e22-a52b-b9b1fe4b4358
[STATUS-MATCH] Matched status 'In Progress' by name: In Progress -> c805a0e9-73fc-4726-a1ab-d28b9a36469e
[BANKING-MATCH] Found existing banking type 'ERP' -> d9a45733-9624-42c2-afcc-888ce998dbbe
📥 DOWNLOADING ISSUE-LEVEL ATTACHMENTS FOR ISP-1761
   Total files: 2 (8.46 MB)

   [1/2] ⏭️  SKIP: Tag Legal Hold Added to Document.mp4 (already attached)
   [2/2] ⏭️  SKIP: User can add Tags even when a File is Read Only.mp4 (already attached)

📊 Attachment Summary for ISP-1761:
   ✅ Uploaded: 0
   ⏭️  Skipped: 2
   ❌ Failed: 0

[LABEL] Processing 2 label(s) for ISP-1761
[LABEL-MATCH] Found existing label 'New_ERP' (stored as 'new_erp') -> a9f0bd31-9bc0-4a7b-90fc-2ed53a305e8d
[LABEL-SKIP] Label 'new_erp' already attached to ISP-1761
[LABEL-MATCH] Found existing label 'QA' (stored as 'qa') -> f66526ba-6a94-47b5-8239-f9fae5aa2248
[LABEL-SKIP] Label 'qa' already attached to ISP-1761
[LABEL] Completed processing labels for ISP-1761. Total attached: 2
[DESCRIPTION-VALIDATE] ISP-1761: new_len=569, existing_len=605
[DESCRIPTION-UPDATE] ISP-1761: Updated description (569 chars)
  Previous: <div class="trix-content">
  <p><strong>Repro Steps</strong></p>
<p><strong>Actual Results</strong></...
  Updated: <p><strong>Repro Steps</strong></p>
<p><strong>Actual Results</strong></p>
<p>The system does not dis...
Processing issue 201/439: ISP-1760
[DEBUG-LABELS] Total labels found for ISP-1760: 2
[USER-MATCH] Matched 'gideon' by single name: gideon gideon -> a2f6fdcb-6a66-4ace-992b-0f3cd5e9cc53
[USER-MATCH] Matched 'gideon' by single name: gideon gideon -> a2f6fdcb-6a66-4ace-992b-0f3cd5e9cc53
[STATUS-MATCH] Matched status 'Closed' by name: Closed -> 8c60b5b6-b9e9-405d-8d7d-d672cb9b23f1
[BANKING-MATCH] Found existing banking type 'ERP' -> d9a45733-9624-42c2-afcc-888ce998dbbe
📥 DOWNLOADING ISSUE-LEVEL ATTACHMENTS FOR ISP-1760
   Total files: 3 (4.78 MB)

   [1/3] ⏭️  SKIP: image-20251119-094639.png (already attached)
   [2/3] ⏭️  SKIP: inter-branch-requisition-system-allows-to-edit-items-when-they-are-already-appro_N64fpOx3.mp4 (already attached)
   [3/3] ⏭️  SKIP: issue-no-760-is-a-pass-system-is-not-allowing-approved-interbranch-requsitions_ceYh13fk.mp4 (already attached)

📊 Attachment Summary for ISP-1760:
   ✅ Uploaded: 0
   ⏭️  Skipped: 3
   ❌ Failed: 0

[LABEL] Processing 2 label(s) for ISP-1760
[LABEL-MATCH] Found existing label 'New_ERP' (stored as 'new_erp') -> a9f0bd31-9bc0-4a7b-90fc-2ed53a305e8d
[LABEL-SKIP] Label 'new_erp' already attached to ISP-1760
[LABEL-MATCH] Found existing label 'QA' (stored as 'qa') -> f66526ba-6a94-47b5-8239-f9fae5aa2248
[LABEL-SKIP] Label 'qa' already attached to ISP-1760
[LABEL] Completed processing labels for ISP-1760. Total attached: 2
[COMMENTS] Importing 3 comment(s) for ISP-1760...
[USER-MATCH] Matched 'Mureithi Maina' by parsed first+last: Mureithi Maina -> 48b6b96d-6b97-44ef-b692-40a2ad9d967e
[IMPORT] Added rich text comment by Mureithi Maina to ISP-1760 (id=0c64b2d2-cfac-4570-bbba-cb8925ecfdb9, length=72)
[USER-MATCH] Matched 'Robert Mbugua Kanyoro' by email: robert.mbugua@craftsilicon.com -> fb1e0a05-f047-4e22-a52b-b9b1fe4b4358
[IMPORT] Added rich text comment by Robert Mbugua Kanyoro to ISP-1760 (id=1c328a7a-59e4-42f1-bbf2-a3d1ea8e81d9, length=155)
[USER-MATCH] Matched 'gideon' by single name: gideon gideon -> a2f6fdcb-6a66-4ace-992b-0f3cd5e9cc53
[IMPORT] Added rich text comment by gideon to ISP-1760 (id=6b87fbce-2d73-4af1-8a4d-d9ba2c005f56, length=223)
[DESCRIPTION-VALIDATE] ISP-1760: new_len=336, existing_len=372
[DESCRIPTION-UPDATE] ISP-1760: Updated description (336 chars)
  Previous: <div class="trix-content">
  <p><strong>Repro Steps:</strong></p>
<p><strong>Actual Results:</strong>...
  Updated: <p><strong>Repro Steps:</strong></p>
<p><strong>Actual Results:</strong></p>
<p><strong>Expected Resu...
Processing issue 202/439: ISP-1759
[DEBUG-LABELS] Total labels found for ISP-1759: 2
[USER-MATCH] Matched 'nicholas.mbithuka' by parsed first+last: nicholas Mbithuka -> a4ac82e1-0812-4298-a390-eb72c4248f1a
[USER-MATCH] Matched 'nicholas.mbithuka' by parsed first+last: nicholas Mbithuka -> a4ac82e1-0812-4298-a390-eb72c4248f1a
[STATUS-MATCH] Matched status 'Closed' by name: Closed -> 8c60b5b6-b9e9-405d-8d7d-d672cb9b23f1
[BANKING-MATCH] Found existing banking type 'ERP' -> d9a45733-9624-42c2-afcc-888ce998dbbe
📥 DOWNLOADING ISSUE-LEVEL ATTACHMENTS FOR ISP-1759
   Total files: 3 (7.76 MB)

   [1/3] ⏭️  SKIP: ERP-Settings Roles, System has duplicate roles in Property Management and Fleet Management.mp4 (already attached)
   [2/3] ⏭️  SKIP: image-20251119-112250.png (already attached)
   [3/3] ⏭️  SKIP: Retest -KCBL1759 Pass.mp4 (already attached)

📊 Attachment Summary for ISP-1759:
   ✅ Uploaded: 0
   ⏭️  Skipped: 3
   ❌ Failed: 0

[LABEL] Processing 2 label(s) for ISP-1759
[LABEL-MATCH] Found existing label 'New_ERP' (stored as 'new_erp') -> a9f0bd31-9bc0-4a7b-90fc-2ed53a305e8d
[LABEL-SKIP] Label 'new_erp' already attached to ISP-1759
[LABEL-MATCH] Found existing label 'QA' (stored as 'qa') -> f66526ba-6a94-47b5-8239-f9fae5aa2248
[LABEL-SKIP] Label 'qa' already attached to ISP-1759
[LABEL] Completed processing labels for ISP-1759. Total attached: 2
[COMMENTS] Importing 2 comment(s) for ISP-1759...
[USER-MATCH] Matched 'Robert Mbugua Kanyoro' by email: robert.mbugua@craftsilicon.com -> fb1e0a05-f047-4e22-a52b-b9b1fe4b4358
[IMPORT] Added rich text comment by Robert Mbugua Kanyoro to ISP-1759 (id=8eaf3825-0eb0-442c-a3e0-3d90525def5e, length=180)
[USER-MATCH] Matched 'nicholas.mbithuka' by parsed first+last: nicholas Mbithuka -> a4ac82e1-0812-4298-a390-eb72c4248f1a
[IMPORT] Added rich text comment by nicholas.mbithuka to ISP-1759 (id=972bd6d9-ff30-42ce-86af-7f0cea57bf9e, length=13)
[DESCRIPTION-VALIDATE] ISP-1759: new_len=278, existing_len=314
[DESCRIPTION-UPDATE] ISP-1759: Updated description (278 chars)
  Previous: <div class="trix-content">
  <p><strong>Repro Steps:</strong></p>
<p><strong>Actual Results:</strong>...
  Updated: <p><strong>Repro Steps:</strong></p>
<p><strong>Actual Results:</strong></p>
<p>The system displays <...
Processing issue 203/439: ISP-1758
[DEBUG-LABELS] Total labels found for ISP-1758: 2
[USER-FALLBACK] Using default user for 'Stephen Mungai' -> b3613172-fc54-4742-b2ba-c10b97d15bf4
[USER-FALLBACK] Using default user for 'Stephen Mungai' -> b3613172-fc54-4742-b2ba-c10b97d15bf4
[STATUS-MATCH] Matched status 'Closed' by name: Closed -> 8c60b5b6-b9e9-405d-8d7d-d672cb9b23f1
[BANKING-MATCH] Found existing banking type 'ERP' -> d9a45733-9624-42c2-afcc-888ce998dbbe
📥 DOWNLOADING ISSUE-LEVEL ATTACHMENTS FOR ISP-1758
   Total files: 2 (32.26 MB)

   [1/2] ⏭️  SKIP: Repository name not displayed on viewing document details.mp4 (already attached)
   [2/2] ⏭️  SKIP: Retest ISP-1758 Pass.mp4 (already attached)

📊 Attachment Summary for ISP-1758:
   ✅ Uploaded: 0
   ⏭️  Skipped: 2
   ❌ Failed: 0

[LABEL] Processing 2 label(s) for ISP-1758
[LABEL-MATCH] Found existing label 'New_ERP' (stored as 'new_erp') -> a9f0bd31-9bc0-4a7b-90fc-2ed53a305e8d
[LABEL-SKIP] Label 'new_erp' already attached to ISP-1758
[LABEL-MATCH] Found existing label 'QA' (stored as 'qa') -> f66526ba-6a94-47b5-8239-f9fae5aa2248
[LABEL-SKIP] Label 'qa' already attached to ISP-1758
[LABEL] Completed processing labels for ISP-1758. Total attached: 2
[COMMENTS] Importing 2 comment(s) for ISP-1758...
[USER-MATCH] Matched 'Robert Mbugua Kanyoro' by email: robert.mbugua@craftsilicon.com -> fb1e0a05-f047-4e22-a52b-b9b1fe4b4358
[IMPORT] Added rich text comment by Robert Mbugua Kanyoro to ISP-1758 (id=7d37da91-c18d-46ea-bb46-8606d73df984, length=40)
[USER-FALLBACK] Using default user for 'Stephen Mungai' -> b3613172-fc54-4742-b2ba-c10b97d15bf4
[IMPORT] Added rich text comment by Stephen Mungai to ISP-1758 (id=d91d5c88-60b5-4b7e-83cf-955fc27229ff, length=225)
[DESCRIPTION-VALIDATE] ISP-1758: new_len=449, existing_len=485
[DESCRIPTION-UPDATE] ISP-1758: Updated description (449 chars)
  Previous: <div class="trix-content">
  <p><strong>Repro Steps</strong></p>
<p><strong>Actual Results</strong><b...
  Updated: <p><strong>Repro Steps</strong></p>
<p><strong>Actual Results</strong><br>System incorrectly displays...
Processing issue 204/439: ISP-1757
[DEBUG-LABELS] Total labels found for ISP-1757: 2
[USER-MATCH] Matched 'Wilberforce Wakhungu' by parsed first+last: wilberforce Wakhungu -> 03c960cf-9cd1-41dc-8a6b-669843030d52
[USER-MATCH] Matched 'Robert Mbugua Kanyoro' by email: robert.mbugua@craftsilicon.com -> fb1e0a05-f047-4e22-a52b-b9b1fe4b4358
[STATUS-MATCH] Matched status 'In Progress' by name: In Progress -> c805a0e9-73fc-4726-a1ab-d28b9a36469e
[BANKING-MATCH] Found existing banking type 'ERP' -> d9a45733-9624-42c2-afcc-888ce998dbbe
📥 DOWNLOADING ISSUE-LEVEL ATTACHMENTS FOR ISP-1757
   Total files: 1 (1.92 MB)

   [1/1] ⏭️  SKIP: Third Party portal(New Question).mp4 (already attached)

📊 Attachment Summary for ISP-1757:
   ✅ Uploaded: 0
   ⏭️  Skipped: 1
   ❌ Failed: 0

[LABEL] Processing 2 label(s) for ISP-1757
[LABEL-MATCH] Found existing label 'New_ERP' (stored as 'new_erp') -> a9f0bd31-9bc0-4a7b-90fc-2ed53a305e8d
[LABEL-SKIP] Label 'new_erp' already attached to ISP-1757
[LABEL-MATCH] Found existing label 'QA' (stored as 'qa') -> f66526ba-6a94-47b5-8239-f9fae5aa2248
[LABEL-SKIP] Label 'qa' already attached to ISP-1757
[LABEL] Completed processing labels for ISP-1757. Total attached: 2
[DESCRIPTION-VALIDATE] ISP-1757: new_len=386, existing_len=422
[DESCRIPTION-UPDATE] ISP-1757: Updated description (386 chars)
  Previous: <div class="trix-content">
  <p><strong>Repro steps</strong></p>
<p><strong>Actual results</strong></...
  Updated: <p><strong>Repro steps</strong></p>
<p><strong>Actual results</strong></p>
<p>New Question button shi...
Processing issue 205/439: ISP-1756
[DEBUG-LABELS] Total labels found for ISP-1756: 2
[USER-FALLBACK] Using default user for 'Stephen Mungai' -> b3613172-fc54-4742-b2ba-c10b97d15bf4
[USER-MATCH] Matched 'Robert Mbugua Kanyoro' by email: robert.mbugua@craftsilicon.com -> fb1e0a05-f047-4e22-a52b-b9b1fe4b4358
[STATUS-MATCH] Matched status 'In Progress' by name: In Progress -> c805a0e9-73fc-4726-a1ab-d28b9a36469e
[BANKING-MATCH] Found existing banking type 'ERP' -> d9a45733-9624-42c2-afcc-888ce998dbbe
📥 DOWNLOADING ISSUE-LEVEL ATTACHMENTS FOR ISP-1756
   Total files: 1 (1.08 MB)

   [1/1] ⏭️  SKIP: Recent Docs Repositories & Bulk Upload Column names & Headers not Displayed.mp4 (already attached)

📊 Attachment Summary for ISP-1756:
   ✅ Uploaded: 0
   ⏭️  Skipped: 1
   ❌ Failed: 0

[LABEL] Processing 2 label(s) for ISP-1756
[LABEL-MATCH] Found existing label 'New_ERP' (stored as 'new_erp') -> a9f0bd31-9bc0-4a7b-90fc-2ed53a305e8d
[LABEL-SKIP] Label 'new_erp' already attached to ISP-1756
[LABEL-MATCH] Found existing label 'QA' (stored as 'qa') -> f66526ba-6a94-47b5-8239-f9fae5aa2248
[LABEL-SKIP] Label 'qa' already attached to ISP-1756
[LABEL] Completed processing labels for ISP-1756. Total attached: 2
[DESCRIPTION-VALIDATE] ISP-1756: new_len=301, existing_len=337
[DESCRIPTION-UPDATE] ISP-1756: Updated description (301 chars)
  Previous: <div class="trix-content">
  <p><strong>Repro Steps</strong></p>
<p><strong>Actual Results</strong><b...
  Updated: <p><strong>Repro Steps</strong></p>
<p><strong>Actual Results</strong><br>Across the Repository, Bulk...
Processing issue 206/439: ISP-1755
[DEBUG-LABELS] Total labels found for ISP-1755: 2
[USER-MATCH] Matched 'Wilberforce Wakhungu' by parsed first+last: wilberforce Wakhungu -> 03c960cf-9cd1-41dc-8a6b-669843030d52
[USER-MATCH] Matched 'Wilberforce Wakhungu' by parsed first+last: wilberforce Wakhungu -> 03c960cf-9cd1-41dc-8a6b-669843030d52
[STATUS-MATCH] Matched status 'Closed' by name: Closed -> 8c60b5b6-b9e9-405d-8d7d-d672cb9b23f1
[BANKING-MATCH] Found existing banking type 'ERP' -> d9a45733-9624-42c2-afcc-888ce998dbbe
📥 DOWNLOADING ISSUE-LEVEL ATTACHMENTS FOR ISP-1755
   Total files: 3 (19.75 MB)

   [1/3] ⏭️  SKIP: image-20251113-054617.png (already attached)
   [2/3] ⏭️  SKIP: Pass-ISP-1755.mp4 (already attached)
   [3/3] ⏭️  SKIP: Plan Management(11th need).mp4 (already attached)

📊 Attachment Summary for ISP-1755:
   ✅ Uploaded: 0
   ⏭️  Skipped: 3
   ❌ Failed: 0

[LABEL] Processing 2 label(s) for ISP-1755
[LABEL-MATCH] Found existing label 'New_ERP' (stored as 'new_erp') -> a9f0bd31-9bc0-4a7b-90fc-2ed53a305e8d
[LABEL-SKIP] Label 'new_erp' already attached to ISP-1755
[LABEL-MATCH] Found existing label 'QA' (stored as 'qa') -> f66526ba-6a94-47b5-8239-f9fae5aa2248
[LABEL-SKIP] Label 'qa' already attached to ISP-1755
[LABEL] Completed processing labels for ISP-1755. Total attached: 2
[COMMENTS] Importing 3 comment(s) for ISP-1755...
[USER-MATCH] Matched 'Robert Mbugua Kanyoro' by email: robert.mbugua@craftsilicon.com -> fb1e0a05-f047-4e22-a52b-b9b1fe4b4358
[IMPORT] Added rich text comment by Robert Mbugua Kanyoro to ISP-1755 (id=56812464-5760-443e-a08d-8d0fc30dfb64, length=54)
[USER-MATCH] Matched 'Robert Mbugua Kanyoro' by email: robert.mbugua@craftsilicon.com -> fb1e0a05-f047-4e22-a52b-b9b1fe4b4358
[IMPORT] Added rich text comment by Robert Mbugua Kanyoro to ISP-1755 (id=6417d66d-45b7-45f7-9ce3-b18ca3e7299b, length=139)
[USER-MATCH] Matched 'Wilberforce Wakhungu' by parsed first+last: wilberforce Wakhungu -> 03c960cf-9cd1-41dc-8a6b-669843030d52
[RICH-TEXT] Comment 3 contains: color
[IMPORT] Added rich text comment by Wilberforce Wakhungu to ISP-1755 (id=d8d91a85-917d-48dd-bd63-1616cbf3d14c, length=304)
[DESCRIPTION-VALIDATE] ISP-1755: new_len=534, existing_len=570
[DESCRIPTION-UPDATE] ISP-1755: Updated description (534 chars)
  Previous: <div class="trix-content">
  <p><strong>Repro Steps:</strong></p>
<p><strong>Actual Results:</strong>...
  Updated: <p><strong>Repro Steps:</strong></p>
<p><strong>Actual Results:</strong></p>
<p>The <strong>Include S...
Processing issue 207/439: ISP-1754
[DEBUG-LABELS] Total labels found for ISP-1754: 2
[USER-FALLBACK] Using default user for 'Stephen Mungai' -> b3613172-fc54-4742-b2ba-c10b97d15bf4
[USER-MATCH] Matched 'Mureithi Maina' by parsed first+last: Mureithi Maina -> 48b6b96d-6b97-44ef-b692-40a2ad9d967e
[STATUS-MATCH] Matched status 'In Progress' by name: In Progress -> c805a0e9-73fc-4726-a1ab-d28b9a36469e
[BANKING-MATCH] Found existing banking type 'ERP' -> d9a45733-9624-42c2-afcc-888ce998dbbe
📥 DOWNLOADING ISSUE-LEVEL ATTACHMENTS FOR ISP-1754
   Total files: 1 (1.39 MB)

   [1/1] ⏭️  SKIP: Move to repository Name Not displayed.mp4 (already attached)

📊 Attachment Summary for ISP-1754:
   ✅ Uploaded: 0
   ⏭️  Skipped: 1
   ❌ Failed: 0

[LABEL] Processing 2 label(s) for ISP-1754
[LABEL-MATCH] Found existing label 'New_ERP' (stored as 'new_erp') -> a9f0bd31-9bc0-4a7b-90fc-2ed53a305e8d
[LABEL-SKIP] Label 'new_erp' already attached to ISP-1754
[LABEL-MATCH] Found existing label 'QA' (stored as 'qa') -> f66526ba-6a94-47b5-8239-f9fae5aa2248
[LABEL-SKIP] Label 'qa' already attached to ISP-1754
[LABEL] Completed processing labels for ISP-1754. Total attached: 2
[DESCRIPTION-VALIDATE] ISP-1754: new_len=484, existing_len=520
[DESCRIPTION-UPDATE] ISP-1754: Updated description (484 chars)
  Previous: <div class="trix-content">
  <p><strong>Repro Steps</strong></p>
<p><strong>Actual Results</strong><b...
  Updated: <p><strong>Repro Steps</strong></p>
<p><strong>Actual Results</strong><br>All directory names in the ...
Processing issue 208/439: ISP-1753
[DEBUG-LABELS] Total labels found for ISP-1753: 2
[USER-MATCH] Matched 'Wilberforce Wakhungu' by parsed first+last: wilberforce Wakhungu -> 03c960cf-9cd1-41dc-8a6b-669843030d52
[USER-MATCH] Matched 'Robert Mbugua Kanyoro' by email: robert.mbugua@craftsilicon.com -> fb1e0a05-f047-4e22-a52b-b9b1fe4b4358
[STATUS-MATCH] Matched status 'In Progress' by name: In Progress -> c805a0e9-73fc-4726-a1ab-d28b9a36469e
[BANKING-MATCH] Found existing banking type 'ERP' -> d9a45733-9624-42c2-afcc-888ce998dbbe
📥 DOWNLOADING ISSUE-LEVEL ATTACHMENTS FOR ISP-1753
   Total files: 1 (4.39 MB)

   [1/1] ⏭️  SKIP: Consolidated plan(Overlapping details ).mp4 (already attached)

📊 Attachment Summary for ISP-1753:
   ✅ Uploaded: 0
   ⏭️  Skipped: 1
   ❌ Failed: 0

[LABEL] Processing 2 label(s) for ISP-1753
[LABEL-MATCH] Found existing label 'New_ERP' (stored as 'new_erp') -> a9f0bd31-9bc0-4a7b-90fc-2ed53a305e8d
[LABEL-SKIP] Label 'new_erp' already attached to ISP-1753
[LABEL-MATCH] Found existing label 'QA' (stored as 'qa') -> f66526ba-6a94-47b5-8239-f9fae5aa2248
[LABEL-SKIP] Label 'qa' already attached to ISP-1753
[LABEL] Completed processing labels for ISP-1753. Total attached: 2
[DESCRIPTION-VALIDATE] ISP-1753: new_len=400, existing_len=436
[DESCRIPTION-UPDATE] ISP-1753: Updated description (400 chars)
  Previous: <div class="trix-content">
  <p><strong>Repro Steps:</strong></p>
<p><strong>Actual Results:</strong>...
  Updated: <p><strong>Repro Steps:</strong></p>
<p><strong>Actual Results:</strong></p>
<p>Details on both the “...
Processing issue 209/439: ISP-1752
[DEBUG-LABELS] Total labels found for ISP-1752: 2
[USER-MATCH] Matched 'Wilberforce Wakhungu' by parsed first+last: wilberforce Wakhungu -> 03c960cf-9cd1-41dc-8a6b-669843030d52
[USER-MATCH] Matched 'Robert Mbugua Kanyoro' by email: robert.mbugua@craftsilicon.com -> fb1e0a05-f047-4e22-a52b-b9b1fe4b4358
[STATUS-MATCH] Matched status 'In Progress' by name: In Progress -> c805a0e9-73fc-4726-a1ab-d28b9a36469e
[BANKING-MATCH] Found existing banking type 'ERP' -> d9a45733-9624-42c2-afcc-888ce998dbbe
📥 DOWNLOADING ISSUE-LEVEL ATTACHMENTS FOR ISP-1752
   Total files: 1 (0.12 MB)

   [1/1] ⏭️  SKIP: image-20251029-133150.png (already attached)

📊 Attachment Summary for ISP-1752:
   ✅ Uploaded: 0
   ⏭️  Skipped: 1
   ❌ Failed: 0

[LABEL] Processing 2 label(s) for ISP-1752
[LABEL-MATCH] Found existing label 'New_ERP' (stored as 'new_erp') -> a9f0bd31-9bc0-4a7b-90fc-2ed53a305e8d
[LABEL-SKIP] Label 'new_erp' already attached to ISP-1752
[LABEL-MATCH] Found existing label 'QA' (stored as 'qa') -> f66526ba-6a94-47b5-8239-f9fae5aa2248
[LABEL-SKIP] Label 'qa' already attached to ISP-1752
[LABEL] Completed processing labels for ISP-1752. Total attached: 2
[DESCRIPTION-VALIDATE] ISP-1752: new_len=428, existing_len=464
[DESCRIPTION-UPDATE] ISP-1752: Updated description (428 chars)
  Previous: <div class="trix-content">
  <p><strong>Repro Steps:</strong></p>
<p><strong>Actual Results:</strong>...
  Updated: <p><strong>Repro Steps:</strong></p>
<p><strong>Actual Results:</strong></p>
<p>The mentioned table c...
Processing issue 210/439: ISP-1751
[DEBUG-LABELS] Total labels found for ISP-1751: 2
[USER-FALLBACK] Using default user for 'Stephen Mungai' -> b3613172-fc54-4742-b2ba-c10b97d15bf4
[USER-MATCH] Matched 'Mureithi Maina' by parsed first+last: Mureithi Maina -> 48b6b96d-6b97-44ef-b692-40a2ad9d967e
[STATUS-MATCH] Matched status 'In Progress' by name: In Progress -> c805a0e9-73fc-4726-a1ab-d28b9a36469e
[BANKING-MATCH] Found existing banking type 'ERP' -> d9a45733-9624-42c2-afcc-888ce998dbbe
📥 DOWNLOADING ISSUE-LEVEL ATTACHMENTS FOR ISP-1751
   Total files: 2 (6.77 MB)

   [1/2] ⏭️  SKIP: Document Name Overlaps.mp4 (already attached)
   [2/2] ⏭️  SKIP: Document Name Overlaps 2.mp4 (already attached)

📊 Attachment Summary for ISP-1751:
   ✅ Uploaded: 0
   ⏭️  Skipped: 2
   ❌ Failed: 0

[LABEL] Processing 2 label(s) for ISP-1751
[LABEL-MATCH] Found existing label 'New_ERP' (stored as 'new_erp') -> a9f0bd31-9bc0-4a7b-90fc-2ed53a305e8d
[LABEL-SKIP] Label 'new_erp' already attached to ISP-1751
[LABEL-MATCH] Found existing label 'QA' (stored as 'qa') -> f66526ba-6a94-47b5-8239-f9fae5aa2248
[LABEL-SKIP] Label 'qa' already attached to ISP-1751
[LABEL] Completed processing labels for ISP-1751. Total attached: 2
[DESCRIPTION-VALIDATE] ISP-1751: new_len=540, existing_len=576
[DESCRIPTION-UPDATE] ISP-1751: Updated description (540 chars)
  Previous: <div class="trix-content">
  <p><strong>Precondition: Browser is set to default 100% zoom</strong></p...
  Updated: <p><strong>Precondition: Browser is set to default 100% zoom</strong></p>
<p><strong>Repro Steps</str...
Processing issue 211/439: ISP-1750
[DEBUG-LABELS] Total labels found for ISP-1750: 2
[USER-MATCH] Matched 'gideon' by single name: gideon gideon -> a2f6fdcb-6a66-4ace-992b-0f3cd5e9cc53
[USER-MATCH] Matched 'Robert Mbugua Kanyoro' by email: robert.mbugua@craftsilicon.com -> fb1e0a05-f047-4e22-a52b-b9b1fe4b4358
[STATUS-MATCH] Matched status 'In Progress' by name: In Progress -> c805a0e9-73fc-4726-a1ab-d28b9a36469e
[BANKING-MATCH] Found existing banking type 'ERP' -> d9a45733-9624-42c2-afcc-888ce998dbbe
📥 DOWNLOADING ISSUE-LEVEL ATTACHMENTS FOR ISP-1750
   Total files: 1 (1.64 MB)

   [1/1] ⏭️  SKIP: stock-adjustment-view-and-edit-displays-different-details-in-view-new-qty-column_NvvpjYYg.mp4 (already attached)

📊 Attachment Summary for ISP-1750:
   ✅ Uploaded: 0
   ⏭️  Skipped: 1
   ❌ Failed: 0

[LABEL] Processing 2 label(s) for ISP-1750
[LABEL-MATCH] Found existing label 'New_ERP' (stored as 'new_erp') -> a9f0bd31-9bc0-4a7b-90fc-2ed53a305e8d
[LABEL-SKIP] Label 'new_erp' already attached to ISP-1750
[LABEL-MATCH] Found existing label 'QA' (stored as 'qa') -> f66526ba-6a94-47b5-8239-f9fae5aa2248
[LABEL-SKIP] Label 'qa' already attached to ISP-1750
[LABEL] Completed processing labels for ISP-1750. Total attached: 2
[COMMENTS] Importing 1 comment(s) for ISP-1750...
[USER-MATCH] Matched 'Robert Mbugua Kanyoro' by email: robert.mbugua@craftsilicon.com -> fb1e0a05-f047-4e22-a52b-b9b1fe4b4358
[IMPORT] Added rich text comment by Robert Mbugua Kanyoro to ISP-1750 (id=92f11656-9174-4910-a984-e536152741f3, length=40)
[DESCRIPTION-VALIDATE] ISP-1750: new_len=118, existing_len=154
[DESCRIPTION-UPDATE] ISP-1750: Updated description (118 chars)
  Previous: <div class="trix-content">
  <p><strong>Repro Steps:</strong></p>
<p><strong>Actual Results:</strong>...
  Updated: <p><strong>Repro Steps:</strong></p>
<p><strong>Actual Results:</strong></p>
<p><strong>Expected Resu...
Processing issue 212/439: ISP-1749
[DEBUG-LABELS] Total labels found for ISP-1749: 2
[USER-MATCH] Matched 'Wilberforce Wakhungu' by parsed first+last: wilberforce Wakhungu -> 03c960cf-9cd1-41dc-8a6b-669843030d52
[USER-MATCH] Matched 'Wilberforce Wakhungu' by parsed first+last: wilberforce Wakhungu -> 03c960cf-9cd1-41dc-8a6b-669843030d52
[STATUS-MATCH] Matched status 'Closed' by name: Closed -> 8c60b5b6-b9e9-405d-8d7d-d672cb9b23f1
[BANKING-MATCH] Found existing banking type 'ERP' -> d9a45733-9624-42c2-afcc-888ce998dbbe
📥 DOWNLOADING ISSUE-LEVEL ATTACHMENTS FOR ISP-1749
   Total files: 2 (1.89 MB)

   [1/2] ⏭️  SKIP: Pass-ISP-1749.mp4 (already attached)
   [2/2] ⏭️  SKIP: Third Party(Server error).mov (already attached)

📊 Attachment Summary for ISP-1749:
   ✅ Uploaded: 0
   ⏭️  Skipped: 2
   ❌ Failed: 0

[LABEL] Processing 2 label(s) for ISP-1749
[LABEL-MATCH] Found existing label 'New_ERP' (stored as 'new_erp') -> a9f0bd31-9bc0-4a7b-90fc-2ed53a305e8d
[LABEL-SKIP] Label 'new_erp' already attached to ISP-1749
[LABEL-MATCH] Found existing label 'QA' (stored as 'qa') -> f66526ba-6a94-47b5-8239-f9fae5aa2248
[LABEL-SKIP] Label 'qa' already attached to ISP-1749
[LABEL] Completed processing labels for ISP-1749. Total attached: 2
[COMMENTS] Importing 1 comment(s) for ISP-1749...
[USER-MATCH] Matched 'Wilberforce Wakhungu' by parsed first+last: wilberforce Wakhungu -> 03c960cf-9cd1-41dc-8a6b-669843030d52
[RICH-TEXT] Comment 1 contains: color
[IMPORT] Added rich text comment by Wilberforce Wakhungu to ISP-1749 (id=33eaa668-d2f8-44c6-a54f-7bb8dc4ca4cc, length=250)
[DESCRIPTION-VALIDATE] ISP-1749: new_len=497, existing_len=533
[DESCRIPTION-UPDATE] ISP-1749: Updated description (497 chars)
  Previous: <div class="trix-content">
  <p><strong>Repro Steps:</strong></p>
<p><strong>Actual Results:</strong>...
  Updated: <p><strong>Repro Steps:</strong></p>
<p><strong>Actual Results:</strong></p>
<p>The system displays a...
Processing issue 213/439: ISP-1748
[DEBUG-LABELS] Total labels found for ISP-1748: 2
[USER-MATCH] Matched 'Michael Wakhungu' by parsed first+last: Michael Wakhungu -> 597e3fd3-bd8d-4416-b3c9-e513fe79905f
[USER-MATCH] Matched 'Robert Mbugua Kanyoro' by email: robert.mbugua@craftsilicon.com -> fb1e0a05-f047-4e22-a52b-b9b1fe4b4358
[STATUS-MATCH] Matched status 'In Progress' by name: In Progress -> c805a0e9-73fc-4726-a1ab-d28b9a36469e
[BANKING-MATCH] Found existing banking type 'ERP' -> d9a45733-9624-42c2-afcc-888ce998dbbe
📥 DOWNLOADING ISSUE-LEVEL ATTACHMENTS FOR ISP-1748
   Total files: 1 (3.09 MB)

   [1/1] ⏭️  SKIP: ISP-1748.mov (already attached)

📊 Attachment Summary for ISP-1748:
   ✅ Uploaded: 0
   ⏭️  Skipped: 1
   ❌ Failed: 0

[LABEL] Processing 2 label(s) for ISP-1748
[LABEL-MATCH] Found existing label 'New_ERP' (stored as 'new_erp') -> a9f0bd31-9bc0-4a7b-90fc-2ed53a305e8d
[LABEL-SKIP] Label 'new_erp' already attached to ISP-1748
[LABEL-MATCH] Found existing label 'QA' (stored as 'qa') -> f66526ba-6a94-47b5-8239-f9fae5aa2248
[LABEL-SKIP] Label 'qa' already attached to ISP-1748
[LABEL] Completed processing labels for ISP-1748. Total attached: 2
[DESCRIPTION-VALIDATE] ISP-1748: new_len=118, existing_len=154
[DESCRIPTION-UPDATE] ISP-1748: Updated description (118 chars)
  Previous: <div class="trix-content">
  <p><strong>Repro Steps:</strong></p>
<p><strong>Actual Results:</strong>...
  Updated: <p><strong>Repro Steps:</strong></p>
<p><strong>Actual Results:</strong></p>
<p><strong>Expected Resu...
Processing issue 214/439: ISP-1747
[DEBUG-LABELS] Total labels found for ISP-1747: 2
[USER-MATCH] Matched 'nicholas.mbithuka' by parsed first+last: nicholas Mbithuka -> a4ac82e1-0812-4298-a390-eb72c4248f1a
[USER-MATCH] Matched 'Robert Mbugua Kanyoro' by email: robert.mbugua@craftsilicon.com -> fb1e0a05-f047-4e22-a52b-b9b1fe4b4358
[STATUS-MATCH] Matched status 'In Progress' by name: In Progress -> c805a0e9-73fc-4726-a1ab-d28b9a36469e
[BANKING-MATCH] Found existing banking type 'ERP' -> d9a45733-9624-42c2-afcc-888ce998dbbe
📥 DOWNLOADING ISSUE-LEVEL ATTACHMENTS FOR ISP-1747
   Total files: 1 (0.58 MB)

   [1/1] ⏭️  SKIP: ERP-Property Management Add Property Status inactive while in use Defect.mp4 (already attached)

📊 Attachment Summary for ISP-1747:
   ✅ Uploaded: 0
   ⏭️  Skipped: 1
   ❌ Failed: 0

[LABEL] Processing 2 label(s) for ISP-1747
[LABEL-MATCH] Found existing label 'New_ERP' (stored as 'new_erp') -> a9f0bd31-9bc0-4a7b-90fc-2ed53a305e8d
[LABEL-SKIP] Label 'new_erp' already attached to ISP-1747
[LABEL-MATCH] Found existing label 'QA' (stored as 'qa') -> f66526ba-6a94-47b5-8239-f9fae5aa2248
[LABEL-SKIP] Label 'qa' already attached to ISP-1747
[LABEL] Completed processing labels for ISP-1747. Total attached: 2
[DESCRIPTION-VALIDATE] ISP-1747: new_len=118, existing_len=154
[DESCRIPTION-UPDATE] ISP-1747: Updated description (118 chars)
  Previous: <div class="trix-content">
  <p><strong>Repro Steps:</strong></p>
<p><strong>Actual Results:</strong>...
  Updated: <p><strong>Repro Steps:</strong></p>
<p><strong>Actual Results:</strong></p>
<p><strong>Expected Resu...
Processing issue 215/439: ISP-1746
[DEBUG-LABELS] Total labels found for ISP-1746: 2
[USER-MATCH] Matched 'Wilberforce Wakhungu' by parsed first+last: wilberforce Wakhungu -> 03c960cf-9cd1-41dc-8a6b-669843030d52
[USER-MATCH] Matched 'Robert Mbugua Kanyoro' by email: robert.mbugua@craftsilicon.com -> fb1e0a05-f047-4e22-a52b-b9b1fe4b4358
[STATUS-MATCH] Matched status 'In Progress' by name: In Progress -> c805a0e9-73fc-4726-a1ab-d28b9a36469e
[BANKING-MATCH] Found existing banking type 'ERP' -> d9a45733-9624-42c2-afcc-888ce998dbbe
📥 DOWNLOADING ISSUE-LEVEL ATTACHMENTS FOR ISP-1746
   Total files: 1 (10.39 MB)

   [1/1] ⏭️  SKIP: Rejected need.mp4 (already attached)

📊 Attachment Summary for ISP-1746:
   ✅ Uploaded: 0
   ⏭️  Skipped: 1
   ❌ Failed: 0

[LABEL] Processing 2 label(s) for ISP-1746
[LABEL-MATCH] Found existing label 'New_ERP' (stored as 'new_erp') -> a9f0bd31-9bc0-4a7b-90fc-2ed53a305e8d
[LABEL-SKIP] Label 'new_erp' already attached to ISP-1746
[LABEL-MATCH] Found existing label 'QA' (stored as 'qa') -> f66526ba-6a94-47b5-8239-f9fae5aa2248
[LABEL-SKIP] Label 'qa' already attached to ISP-1746
[LABEL] Completed processing labels for ISP-1746. Total attached: 2
[DESCRIPTION-VALIDATE] ISP-1746: new_len=361, existing_len=397
[DESCRIPTION-UPDATE] ISP-1746: Updated description (361 chars)
  Previous: <div class="trix-content">
  <p><strong>Repro Steps:</strong></p>
<p><strong>Actual Results:</strong>...
  Updated: <p><strong>Repro Steps:</strong></p>
<p><strong>Actual Results:</strong><br>The system allows a <stro...
Processing issue 216/439: ISP-1745
[DEBUG-LABELS] Total labels found for ISP-1745: 2
[USER-MATCH] Matched 'Wilberforce Wakhungu' by parsed first+last: wilberforce Wakhungu -> 03c960cf-9cd1-41dc-8a6b-669843030d52
[USER-MATCH] Matched 'archana.verma' by parsed first+last: archana verma -> 7b5370b5-abcd-4ad2-908b-1791ca40d9c9
[STATUS-MATCH] Matched status 'Closed' by name: Closed -> 8c60b5b6-b9e9-405d-8d7d-d672cb9b23f1
[BANKING-MATCH] Found existing banking type 'ERP' -> d9a45733-9624-42c2-afcc-888ce998dbbe
📥 DOWNLOADING ISSUE-LEVEL ATTACHMENTS FOR ISP-1745
   Total files: 4 (22.99 MB)

   [1/4] ⏭️  SKIP: image-20251119-122052.png (already attached)
   [2/4] ⏭️  SKIP: image-20251119-122308.png (already attached)
   [3/4] ⏭️  SKIP: Plan Management(Required field).mp4 (already attached)
   [4/4] ⏭️  SKIP: Retest ISP-1745-Pass.mp4 (already attached)

📊 Attachment Summary for ISP-1745:
   ✅ Uploaded: 0
   ⏭️  Skipped: 4
   ❌ Failed: 0

[LABEL] Processing 2 label(s) for ISP-1745
[LABEL-MATCH] Found existing label 'New_ERP' (stored as 'new_erp') -> a9f0bd31-9bc0-4a7b-90fc-2ed53a305e8d
[LABEL-SKIP] Label 'new_erp' already attached to ISP-1745
[LABEL-MATCH] Found existing label 'QA' (stored as 'qa') -> f66526ba-6a94-47b5-8239-f9fae5aa2248
[LABEL-SKIP] Label 'qa' already attached to ISP-1745
[LABEL] Completed processing labels for ISP-1745. Total attached: 2
[COMMENTS] Importing 3 comment(s) for ISP-1745...
[USER-MATCH] Matched 'Robert Mbugua Kanyoro' by email: robert.mbugua@craftsilicon.com -> fb1e0a05-f047-4e22-a52b-b9b1fe4b4358
[IMPORT] Added rich text comment by Robert Mbugua Kanyoro to ISP-1745 (id=9073874b-f766-4a19-abb1-16ca2f9e770f, length=53)
[USER-MATCH] Matched 'Robert Mbugua Kanyoro' by email: robert.mbugua@craftsilicon.com -> fb1e0a05-f047-4e22-a52b-b9b1fe4b4358
[IMPORT] Added rich text comment by Robert Mbugua Kanyoro to ISP-1745 (id=2080f26b-3ce9-497a-a49c-9acbdb5dc51d, length=201)
[USER-MATCH] Matched 'archana.verma' by parsed first+last: archana verma -> 7b5370b5-abcd-4ad2-908b-1791ca40d9c9
[IMPORT] Added rich text comment by archana.verma to ISP-1745 (id=29e9eb0d-86e4-47f5-b6a4-fb35e8af4ab9, length=242)
[DESCRIPTION-VALIDATE] ISP-1745: new_len=507, existing_len=543
[DESCRIPTION-UPDATE] ISP-1745: Updated description (507 chars)
  Previous: <div class="trix-content">
  <p><strong>Repro Steps:</strong></p>
<p><strong>Actual Results:</strong>...
  Updated: <p><strong>Repro Steps:</strong></p>
<p><strong>Actual Results:</strong><br>The <strong>"Link to Budg...
Processing issue 217/439: ISP-1744
[DEBUG-LABELS] Total labels found for ISP-1744: 2
[USER-MATCH] Matched 'Wilberforce Wakhungu' by parsed first+last: wilberforce Wakhungu -> 03c960cf-9cd1-41dc-8a6b-669843030d52
[USER-MATCH] Matched 'Robert Mbugua Kanyoro' by email: robert.mbugua@craftsilicon.com -> fb1e0a05-f047-4e22-a52b-b9b1fe4b4358
[STATUS-MATCH] Matched status 'Awaiting Build' by name: Awaiting Build -> bf46baa0-8c97-4afe-a65a-a300e43d70e6
[BANKING-MATCH] Found existing banking type 'ERP' -> d9a45733-9624-42c2-afcc-888ce998dbbe
📥 DOWNLOADING ISSUE-LEVEL ATTACHMENTS FOR ISP-1744
   Total files: 2 (5.01 MB)

   [1/2] ⏭️  SKIP: image-20251113-073200.png (already attached)
   [2/2] ⏭️  SKIP: plan-management-expected-delivery-date.mp4 (already attached)

📊 Attachment Summary for ISP-1744:
   ✅ Uploaded: 0
   ⏭️  Skipped: 2
   ❌ Failed: 0

[LABEL] Processing 2 label(s) for ISP-1744
[LABEL-MATCH] Found existing label 'New_ERP' (stored as 'new_erp') -> a9f0bd31-9bc0-4a7b-90fc-2ed53a305e8d
[LABEL-SKIP] Label 'new_erp' already attached to ISP-1744
[LABEL-MATCH] Found existing label 'QA' (stored as 'qa') -> f66526ba-6a94-47b5-8239-f9fae5aa2248
[LABEL-SKIP] Label 'qa' already attached to ISP-1744
[LABEL] Completed processing labels for ISP-1744. Total attached: 2
[COMMENTS] Importing 1 comment(s) for ISP-1744...
[USER-MATCH] Matched 'Robert Mbugua Kanyoro' by email: robert.mbugua@craftsilicon.com -> fb1e0a05-f047-4e22-a52b-b9b1fe4b4358
[IMPORT] Added rich text comment by Robert Mbugua Kanyoro to ISP-1744 (id=e7ddd3c4-2d4a-4d36-a458-03dd8dc87bdc, length=46)
[DESCRIPTION-VALIDATE] ISP-1744: new_len=461, existing_len=497
[DESCRIPTION-UPDATE] ISP-1744: Updated description (461 chars)
  Previous: <div class="trix-content">
  <p><strong>Repro Steps:</strong></p>
<p><strong>Actual Results:</strong>...
  Updated: <p><strong>Repro Steps:</strong></p>
<p><strong>Actual Results:</strong><br>The system allows the ite...
Processing issue 218/439: ISP-1743
[DEBUG-LABELS] Total labels found for ISP-1743: 2
[USER-MATCH] Matched 'Michael Wakhungu' by parsed first+last: Michael Wakhungu -> 597e3fd3-bd8d-4416-b3c9-e513fe79905f
[USER-MATCH] Matched 'Robert Mbugua Kanyoro' by email: robert.mbugua@craftsilicon.com -> fb1e0a05-f047-4e22-a52b-b9b1fe4b4358
[STATUS-MATCH] Matched status 'In Progress' by name: In Progress -> c805a0e9-73fc-4726-a1ab-d28b9a36469e
[BANKING-MATCH] Found existing banking type 'ERP' -> d9a45733-9624-42c2-afcc-888ce998dbbe
📥 DOWNLOADING ISSUE-LEVEL ATTACHMENTS FOR ISP-1743
   Total files: 1 (1.96 MB)

   [1/1] ⏭️  SKIP: ISP-1743.mov (already attached)

📊 Attachment Summary for ISP-1743:
   ✅ Uploaded: 0
   ⏭️  Skipped: 1
   ❌ Failed: 0

[LABEL] Processing 2 label(s) for ISP-1743
[LABEL-MATCH] Found existing label 'New_ERP' (stored as 'new_erp') -> a9f0bd31-9bc0-4a7b-90fc-2ed53a305e8d
[LABEL-SKIP] Label 'new_erp' already attached to ISP-1743
[LABEL-MATCH] Found existing label 'QA' (stored as 'qa') -> f66526ba-6a94-47b5-8239-f9fae5aa2248
[LABEL-SKIP] Label 'qa' already attached to ISP-1743
[LABEL] Completed processing labels for ISP-1743. Total attached: 2
[DESCRIPTION-VALIDATE] ISP-1743: new_len=118, existing_len=154
[DESCRIPTION-UPDATE] ISP-1743: Updated description (118 chars)
  Previous: <div class="trix-content">
  <p><strong>Repro Steps:</strong></p>
<p><strong>Actual Results:</strong>...
  Updated: <p><strong>Repro Steps:</strong></p>
<p><strong>Actual Results:</strong></p>
<p><strong>Expected Resu...
Processing issue 219/439: ISP-1742
[DEBUG-LABELS] Total labels found for ISP-1742: 3
[USER-MATCH] Matched 'Michael Wakhungu' by parsed first+last: Michael Wakhungu -> 597e3fd3-bd8d-4416-b3c9-e513fe79905f
[USER-MATCH] Matched 'Robert Mbugua Kanyoro' by email: robert.mbugua@craftsilicon.com -> fb1e0a05-f047-4e22-a52b-b9b1fe4b4358
[STATUS-MATCH] Matched status 'In Progress' by name: In Progress -> c805a0e9-73fc-4726-a1ab-d28b9a36469e
[BANKING-MATCH] Found existing banking type 'ERP' -> d9a45733-9624-42c2-afcc-888ce998dbbe
📥 DOWNLOADING ISSUE-LEVEL ATTACHMENTS FOR ISP-1742
   Total files: 1 (3.17 MB)

   [1/1] ⏭️  SKIP: ISP-1742.mov (already attached)

📊 Attachment Summary for ISP-1742:
   ✅ Uploaded: 0
   ⏭️  Skipped: 1
   ❌ Failed: 0

[LABEL] Processing 3 label(s) for ISP-1742
[LABEL-MATCH] Found existing label 'Blocker' (stored as 'blocker') -> 53446826-4aac-4ac5-bcac-9aadd9a0f375
[LABEL-SKIP] Label 'blocker' already attached to ISP-1742
[LABEL-MATCH] Found existing label 'New_ERP' (stored as 'new_erp') -> a9f0bd31-9bc0-4a7b-90fc-2ed53a305e8d
[LABEL-SKIP] Label 'new_erp' already attached to ISP-1742
[LABEL-MATCH] Found existing label 'QA' (stored as 'qa') -> f66526ba-6a94-47b5-8239-f9fae5aa2248
[LABEL-SKIP] Label 'qa' already attached to ISP-1742
[LABEL] Completed processing labels for ISP-1742. Total attached: 3
[DESCRIPTION-VALIDATE] ISP-1742: new_len=295, existing_len=308
[DESCRIPTION-UPDATE] ISP-1742: Updated description (295 chars)
  Previous: <div class="trix-content">
  <p><strong>Repro Steps:</strong></p>
<p><strong>Actual Results -</strong...
  Updated: <p><strong>Repro Steps:</strong></p>
<p><strong>Actual Results -</strong></p>
<p><strong>Expected Res...
Processing issue 220/439: ISP-1741
[DEBUG-LABELS] Total labels found for ISP-1741: 2
[USER-MATCH] Matched 'Michael Wakhungu' by parsed first+last: Michael Wakhungu -> 597e3fd3-bd8d-4416-b3c9-e513fe79905f
[USER-MATCH] Matched 'Robert Mbugua Kanyoro' by email: robert.mbugua@craftsilicon.com -> fb1e0a05-f047-4e22-a52b-b9b1fe4b4358
[STATUS-MATCH] Matched status 'Awaiting Build' by name: Awaiting Build -> bf46baa0-8c97-4afe-a65a-a300e43d70e6
[BANKING-MATCH] Found existing banking type 'ERP' -> d9a45733-9624-42c2-afcc-888ce998dbbe
📥 DOWNLOADING ISSUE-LEVEL ATTACHMENTS FOR ISP-1741
   Total files: 1 (4.05 MB)

   [1/1] ⏭️  SKIP: ISP-1741.mov (already attached)

📊 Attachment Summary for ISP-1741:
   ✅ Uploaded: 0
   ⏭️  Skipped: 1
   ❌ Failed: 0

[LABEL] Processing 2 label(s) for ISP-1741
[LABEL-MATCH] Found existing label 'New_ERP' (stored as 'new_erp') -> a9f0bd31-9bc0-4a7b-90fc-2ed53a305e8d
[LABEL-SKIP] Label 'new_erp' already attached to ISP-1741
[LABEL-MATCH] Found existing label 'QA' (stored as 'qa') -> f66526ba-6a94-47b5-8239-f9fae5aa2248
[LABEL-SKIP] Label 'qa' already attached to ISP-1741
[LABEL] Completed processing labels for ISP-1741. Total attached: 2
[DESCRIPTION-VALIDATE] ISP-1741: new_len=243, existing_len=279
[DESCRIPTION-UPDATE] ISP-1741: Updated description (243 chars)
  Previous: <div class="trix-content">
  <p><strong>Repro Steps:</strong></p>
<p><strong>Actual Results -</strong...
  Updated: <p><strong>Repro Steps:</strong></p>
<p><strong>Actual Results -</strong></p>
<p><strong>Expected Res...
Processing issue 221/439: ISP-1740
[DEBUG-LABELS] Total labels found for ISP-1740: 2
[USER-MATCH] Matched 'Wilberforce Wakhungu' by parsed first+last: wilberforce Wakhungu -> 03c960cf-9cd1-41dc-8a6b-669843030d52
[USER-MATCH] Matched 'Robert Mbugua Kanyoro' by email: robert.mbugua@craftsilicon.com -> fb1e0a05-f047-4e22-a52b-b9b1fe4b4358
[STATUS-MATCH] Matched status 'Failed-QA' by normalized name: Failed QA -> 42911275-9770-4690-9c7d-9f71e090f491
[BANKING-MATCH] Found existing banking type 'ERP' -> d9a45733-9624-42c2-afcc-888ce998dbbe
📥 DOWNLOADING ISSUE-LEVEL ATTACHMENTS FOR ISP-1740
   Total files: 3 (9.84 MB)

   [1/3] ⏭️  SKIP: image-20251028-082149.png (already attached)
   [2/3] ⏭️  SKIP: Partial-ISP-1740-Fail.mp4 (already attached)
   [3/3] ⏭️  SKIP: Purchase Order(Print).mp4 (already attached)

📊 Attachment Summary for ISP-1740:
   ✅ Uploaded: 0
   ⏭️  Skipped: 3
   ❌ Failed: 0

[LABEL] Processing 2 label(s) for ISP-1740
[LABEL-MATCH] Found existing label 'New_ERP' (stored as 'new_erp') -> a9f0bd31-9bc0-4a7b-90fc-2ed53a305e8d
[LABEL-SKIP] Label 'new_erp' already attached to ISP-1740
[LABEL-MATCH] Found existing label 'QA' (stored as 'qa') -> f66526ba-6a94-47b5-8239-f9fae5aa2248
[LABEL-SKIP] Label 'qa' already attached to ISP-1740
[LABEL] Completed processing labels for ISP-1740. Total attached: 2
[COMMENTS] Importing 2 comment(s) for ISP-1740...
[USER-MATCH] Matched 'Robert Mbugua Kanyoro' by email: robert.mbugua@craftsilicon.com -> fb1e0a05-f047-4e22-a52b-b9b1fe4b4358
[IMPORT] Added rich text comment by Robert Mbugua Kanyoro to ISP-1740 (id=41c141e0-6111-46a5-b839-6cba2c0dadee, length=60)
[USER-MATCH] Matched 'Wilberforce Wakhungu' by parsed first+last: wilberforce Wakhungu -> 03c960cf-9cd1-41dc-8a6b-669843030d52
[IMPORT] Added rich text comment by Wilberforce Wakhungu to ISP-1740 (id=6a384001-15c8-4479-96f7-7315cd80309b, length=73)
[DESCRIPTION-VALIDATE] ISP-1740: new_len=634, existing_len=670
[DESCRIPTION-UPDATE] ISP-1740: Updated description (634 chars)
  Previous: <div class="trix-content">
  <p><strong>Repro Steps:</strong></p>
<p><strong>Actual Results:</strong>...
  Updated: <p><strong>Repro Steps:</strong></p>
<p><strong>Actual Results:</strong></p>
<p>Some sections of the ...
Processing issue 222/439: ISP-1739
[DEBUG-LABELS] Total labels found for ISP-1739: 2
[USER-MATCH] Matched 'Michael Wakhungu' by parsed first+last: Michael Wakhungu -> 597e3fd3-bd8d-4416-b3c9-e513fe79905f
[USER-MATCH] Matched 'Robert Mbugua Kanyoro' by email: robert.mbugua@craftsilicon.com -> fb1e0a05-f047-4e22-a52b-b9b1fe4b4358
[STATUS-MATCH] Matched status 'In Progress' by name: In Progress -> c805a0e9-73fc-4726-a1ab-d28b9a36469e
[BANKING-MATCH] Found existing banking type 'ERP' -> d9a45733-9624-42c2-afcc-888ce998dbbe
📥 DOWNLOADING ISSUE-LEVEL ATTACHMENTS FOR ISP-1739
   Total files: 1 (7.48 MB)

   [1/1] ⏭️  SKIP: ISP-1739.mov (already attached)

📊 Attachment Summary for ISP-1739:
   ✅ Uploaded: 0
   ⏭️  Skipped: 1
   ❌ Failed: 0

[LABEL] Processing 2 label(s) for ISP-1739
[LABEL-MATCH] Found existing label 'New_ERP' (stored as 'new_erp') -> a9f0bd31-9bc0-4a7b-90fc-2ed53a305e8d
[LABEL-SKIP] Label 'new_erp' already attached to ISP-1739
[LABEL-MATCH] Found existing label 'QA' (stored as 'qa') -> f66526ba-6a94-47b5-8239-f9fae5aa2248
[LABEL-SKIP] Label 'qa' already attached to ISP-1739
[LABEL] Completed processing labels for ISP-1739. Total attached: 2
[DESCRIPTION-VALIDATE] ISP-1739: new_len=120, existing_len=156
[DESCRIPTION-UPDATE] ISP-1739: Updated description (120 chars)
  Previous: <div class="trix-content">
  <p><strong>Repro Steps:</strong></p>
<p><strong>Actual Results -</strong...
  Updated: <p><strong>Repro Steps:</strong></p>
<p><strong>Actual Results -</strong></p>
<p><strong>Expected Res...
Processing issue 223/439: ISP-1738
[DEBUG-LABELS] Total labels found for ISP-1738: 2
[USER-MATCH] Matched 'Michael Wakhungu' by parsed first+last: Michael Wakhungu -> 597e3fd3-bd8d-4416-b3c9-e513fe79905f
[USER-MATCH] Matched 'Robert Mbugua Kanyoro' by email: robert.mbugua@craftsilicon.com -> fb1e0a05-f047-4e22-a52b-b9b1fe4b4358
[STATUS-MATCH] Matched status 'In Progress' by name: In Progress -> c805a0e9-73fc-4726-a1ab-d28b9a36469e
[BANKING-MATCH] Found existing banking type 'ERP' -> d9a45733-9624-42c2-afcc-888ce998dbbe
📥 DOWNLOADING ISSUE-LEVEL ATTACHMENTS FOR ISP-1738
   Total files: 1 (1.94 MB)

   [1/1] ⏭️  SKIP: ISP-1738.mov (already attached)

📊 Attachment Summary for ISP-1738:
   ✅ Uploaded: 0
   ⏭️  Skipped: 1
   ❌ Failed: 0

[LABEL] Processing 2 label(s) for ISP-1738
[LABEL-MATCH] Found existing label 'New_ERP' (stored as 'new_erp') -> a9f0bd31-9bc0-4a7b-90fc-2ed53a305e8d
[LABEL-SKIP] Label 'new_erp' already attached to ISP-1738
[LABEL-MATCH] Found existing label 'QA' (stored as 'qa') -> f66526ba-6a94-47b5-8239-f9fae5aa2248
[LABEL-SKIP] Label 'qa' already attached to ISP-1738
[LABEL] Completed processing labels for ISP-1738. Total attached: 2
[DESCRIPTION-VALIDATE] ISP-1738: new_len=508, existing_len=544
[DESCRIPTION-UPDATE] ISP-1738: Updated description (508 chars)
  Previous: <div class="trix-content">
  <p><strong>Repro Steps:</strong></p>
<p><strong>Actual Results -</strong...
  Updated: <p><strong>Repro Steps:</strong></p>
<p><strong>Actual Results -</strong></p>
<p>The system displays ...
Processing issue 224/439: ISP-1737
[DEBUG-LABELS] Total labels found for ISP-1737: 2
[USER-MATCH] Matched 'gideon' by single name: gideon gideon -> a2f6fdcb-6a66-4ace-992b-0f3cd5e9cc53
[USER-MATCH] Matched 'Robert Mbugua Kanyoro' by email: robert.mbugua@craftsilicon.com -> fb1e0a05-f047-4e22-a52b-b9b1fe4b4358
[STATUS-MATCH] Matched status 'Awaiting Build' by name: Awaiting Build -> bf46baa0-8c97-4afe-a65a-a300e43d70e6
[BANKING-MATCH] Found existing banking type 'ERP' -> d9a45733-9624-42c2-afcc-888ce998dbbe
📥 DOWNLOADING ISSUE-LEVEL ATTACHMENTS FOR ISP-1737
   Total files: 1 (2.85 MB)

   [1/1] ⏭️  SKIP: Approve Pending Stock Transfer Displays SQLState(22018) Error Message.mp4 (already attached)

📊 Attachment Summary for ISP-1737:
   ✅ Uploaded: 0
   ⏭️  Skipped: 1
   ❌ Failed: 0

[LABEL] Processing 2 label(s) for ISP-1737
[LABEL-MATCH] Found existing label 'New_ERP' (stored as 'new_erp') -> a9f0bd31-9bc0-4a7b-90fc-2ed53a305e8d
[LABEL-SKIP] Label 'new_erp' already attached to ISP-1737
[LABEL-MATCH] Found existing label 'QA' (stored as 'qa') -> f66526ba-6a94-47b5-8239-f9fae5aa2248
[LABEL-SKIP] Label 'qa' already attached to ISP-1737
[LABEL] Completed processing labels for ISP-1737. Total attached: 2
[DESCRIPTION-VALIDATE] ISP-1737: new_len=835, existing_len=876
[DESCRIPTION-UPDATE] ISP-1737: Updated description (835 chars)
  Previous: <div class="trix-content">
  <p><strong>Repro Steps -</strong></p>
<p>Navigate to&nbsp;Inventory – Tr...
  Updated: <p><strong>Repro Steps -</strong></p>
<p>Navigate to Inventory – Transactions – Transaction Approval-...
Processing issue 225/439: ISP-1736
[DEBUG-LABELS] Total labels found for ISP-1736: 2
[USER-MATCH] Matched 'gideon' by single name: gideon gideon -> a2f6fdcb-6a66-4ace-992b-0f3cd5e9cc53
[USER-MATCH] Matched 'Robert Mbugua Kanyoro' by email: robert.mbugua@craftsilicon.com -> fb1e0a05-f047-4e22-a52b-b9b1fe4b4358
[STATUS-MATCH] Matched status 'Awaiting Build' by name: Awaiting Build -> bf46baa0-8c97-4afe-a65a-a300e43d70e6
[BANKING-MATCH] Found existing banking type 'ERP' -> d9a45733-9624-42c2-afcc-888ce998dbbe
📥 DOWNLOADING ISSUE-LEVEL ATTACHMENTS FOR ISP-1736
   Total files: 1 (2.97 MB)

   [1/1] ⏭️  SKIP: stock-transfer-system-is-not-allowing-stock-transfer-it-loads-submitting-eddless_rjr68gKd.mp4 (already attached)

📊 Attachment Summary for ISP-1736:
   ✅ Uploaded: 0
   ⏭️  Skipped: 1
   ❌ Failed: 0

[LABEL] Processing 2 label(s) for ISP-1736
[LABEL-MATCH] Found existing label 'New_ERP' (stored as 'new_erp') -> a9f0bd31-9bc0-4a7b-90fc-2ed53a305e8d
[LABEL-SKIP] Label 'new_erp' already attached to ISP-1736
[LABEL-MATCH] Found existing label 'QA' (stored as 'qa') -> f66526ba-6a94-47b5-8239-f9fae5aa2248
[LABEL-SKIP] Label 'qa' already attached to ISP-1736
[LABEL] Completed processing labels for ISP-1736. Total attached: 2
[DESCRIPTION-VALIDATE] ISP-1736: new_len=213, existing_len=254
[DESCRIPTION-UPDATE] ISP-1736: Updated description (213 chars)
  Previous: <div class="trix-content">
  <h2><strong>Reproduction Steps:</strong></h2>
<p><strong>Actual Results:...
  Updated: <h2><strong>Reproduction Steps:</strong></h2>
<p><strong>Actual Results:</strong></p>
<p><strong>Expe...
Processing issue 226/439: ISP-1735
[DEBUG-LABELS] Total labels found for ISP-1735: 2
[USER-MATCH] Matched 'gideon' by single name: gideon gideon -> a2f6fdcb-6a66-4ace-992b-0f3cd5e9cc53
[USER-MATCH] Matched 'Robert Mbugua Kanyoro' by email: robert.mbugua@craftsilicon.com -> fb1e0a05-f047-4e22-a52b-b9b1fe4b4358
[STATUS-MATCH] Matched status 'Awaiting Build' by name: Awaiting Build -> bf46baa0-8c97-4afe-a65a-a300e43d70e6
[BANKING-MATCH] Found existing banking type 'ERP' -> d9a45733-9624-42c2-afcc-888ce998dbbe
📥 DOWNLOADING ISSUE-LEVEL ATTACHMENTS FOR ISP-1735
   Total files: 1 (3.37 MB)

   [1/1] ⏭️  SKIP: stock-adjustments-displays-pending-no-approval-field-after-posting_B1hp82SB.mp4 (already attached)

📊 Attachment Summary for ISP-1735:
   ✅ Uploaded: 0
   ⏭️  Skipped: 1
   ❌ Failed: 0

[LABEL] Processing 2 label(s) for ISP-1735
[LABEL-MATCH] Found existing label 'New_ERP' (stored as 'new_erp') -> a9f0bd31-9bc0-4a7b-90fc-2ed53a305e8d
[LABEL-SKIP] Label 'new_erp' already attached to ISP-1735
[LABEL-MATCH] Found existing label 'QA' (stored as 'qa') -> f66526ba-6a94-47b5-8239-f9fae5aa2248
[LABEL-SKIP] Label 'qa' already attached to ISP-1735
[LABEL] Completed processing labels for ISP-1735. Total attached: 2
[DESCRIPTION-VALIDATE] ISP-1735: new_len=363, existing_len=399
[DESCRIPTION-UPDATE] ISP-1735: Updated description (363 chars)
  Previous: <div class="trix-content">
  <p><strong>Reproduction Steps:</strong></p>
<p><strong>Actual Results:</...
  Updated: <p><strong>Reproduction Steps:</strong></p>
<p><strong>Actual Results:</strong></p>
<p><strong>Expect...
Processing issue 227/439: ISP-1734
[DEBUG-LABELS] Total labels found for ISP-1734: 2
[USER-MATCH] Matched 'Wilberforce Wakhungu' by parsed first+last: wilberforce Wakhungu -> 03c960cf-9cd1-41dc-8a6b-669843030d52
[USER-MATCH] Matched 'Mureithi Maina' by parsed first+last: Mureithi Maina -> 48b6b96d-6b97-44ef-b692-40a2ad9d967e
[STATUS-MATCH] Matched status 'In Progress' by name: In Progress -> c805a0e9-73fc-4726-a1ab-d28b9a36469e
[BANKING-MATCH] Found existing banking type 'ERP' -> d9a45733-9624-42c2-afcc-888ce998dbbe
📥 DOWNLOADING ISSUE-LEVEL ATTACHMENTS FOR ISP-1734
   Total files: 1 (2.12 MB)

   [1/1] ⏭️  SKIP: Third Parties(Add error).mp4 (already attached)

📊 Attachment Summary for ISP-1734:
   ✅ Uploaded: 0
   ⏭️  Skipped: 1
   ❌ Failed: 0

[LABEL] Processing 2 label(s) for ISP-1734
[LABEL-MATCH] Found existing label 'New_ERP' (stored as 'new_erp') -> a9f0bd31-9bc0-4a7b-90fc-2ed53a305e8d
[LABEL-SKIP] Label 'new_erp' already attached to ISP-1734
[LABEL-MATCH] Found existing label 'QA' (stored as 'qa') -> f66526ba-6a94-47b5-8239-f9fae5aa2248
[LABEL-SKIP] Label 'qa' already attached to ISP-1734
[LABEL] Completed processing labels for ISP-1734. Total attached: 2
[DESCRIPTION-VALIDATE] ISP-1734: new_len=333, existing_len=369
[DESCRIPTION-UPDATE] ISP-1734: Updated description (333 chars)
  Previous: <div class="trix-content">
  <p><strong>Repro steps</strong></p>
<p><strong>Actual results</strong></...
  Updated: <p><strong>Repro steps</strong></p>
<p><strong>Actual results</strong></p>
<p>System displays an erro...
Processing issue 228/439: ISP-1733
[DEBUG-LABELS] Total labels found for ISP-1733: 2
[USER-MATCH] Matched 'Wilberforce Wakhungu' by parsed first+last: wilberforce Wakhungu -> 03c960cf-9cd1-41dc-8a6b-669843030d52
[USER-MATCH] Matched 'Wilberforce Wakhungu' by parsed first+last: wilberforce Wakhungu -> 03c960cf-9cd1-41dc-8a6b-669843030d52
[STATUS-MATCH] Matched status 'Closed' by name: Closed -> 8c60b5b6-b9e9-405d-8d7d-d672cb9b23f1
[BANKING-MATCH] Found existing banking type 'ERP' -> d9a45733-9624-42c2-afcc-888ce998dbbe
📥 DOWNLOADING ISSUE-LEVEL ATTACHMENTS FOR ISP-1733
   Total files: 2 (9.87 MB)

   [1/2] ⏭️  SKIP: Pass-ISP-1733.mp4 (already attached)
   [2/2] ⏭️  SKIP: Raise Need(Failed).mp4 (already attached)

📊 Attachment Summary for ISP-1733:
   ✅ Uploaded: 0
   ⏭️  Skipped: 2
   ❌ Failed: 0

[LABEL] Processing 2 label(s) for ISP-1733
[LABEL-MATCH] Found existing label 'New_ERP' (stored as 'new_erp') -> a9f0bd31-9bc0-4a7b-90fc-2ed53a305e8d
[LABEL-SKIP] Label 'new_erp' already attached to ISP-1733
[LABEL-MATCH] Found existing label 'QA' (stored as 'qa') -> f66526ba-6a94-47b5-8239-f9fae5aa2248
[LABEL-SKIP] Label 'qa' already attached to ISP-1733
[LABEL] Completed processing labels for ISP-1733. Total attached: 2
[COMMENTS] Importing 2 comment(s) for ISP-1733...
[USER-MATCH] Matched 'Robert Mbugua Kanyoro' by email: robert.mbugua@craftsilicon.com -> fb1e0a05-f047-4e22-a52b-b9b1fe4b4358
[IMPORT] Added rich text comment by Robert Mbugua Kanyoro to ISP-1733 (id=388d405b-4c05-42f2-98bc-32b2ec84c888, length=13)
[USER-MATCH] Matched 'Wilberforce Wakhungu' by parsed first+last: wilberforce Wakhungu -> 03c960cf-9cd1-41dc-8a6b-669843030d52
[RICH-TEXT] Comment 2 contains: color
[IMPORT] Added rich text comment by Wilberforce Wakhungu to ISP-1733 (id=f596f9f9-fba7-42bc-9b4c-6d139d719c39, length=259)
[DESCRIPTION-VALIDATE] ISP-1733: new_len=588, existing_len=624
[DESCRIPTION-UPDATE] ISP-1733: Updated description (588 chars)
  Previous: <div class="trix-content">
  <p><strong>Repro Steps:</strong></p>
<p><strong>Actual Results:</strong>...
  Updated: <p><strong>Repro Steps:</strong></p>
<p><strong>Actual Results:</strong><br>The system displays an SQ...
Processing issue 229/439: ISP-1732
[DEBUG-LABELS] Total labels found for ISP-1732: 2
[USER-MATCH] Matched 'Wilberforce Wakhungu' by parsed first+last: wilberforce Wakhungu -> 03c960cf-9cd1-41dc-8a6b-669843030d52
[USER-MATCH] Matched 'Wilberforce Wakhungu' by parsed first+last: wilberforce Wakhungu -> 03c960cf-9cd1-41dc-8a6b-669843030d52
[STATUS-MATCH] Matched status 'Closed' by name: Closed -> 8c60b5b6-b9e9-405d-8d7d-d672cb9b23f1
[BANKING-MATCH] Found existing banking type 'ERP' -> d9a45733-9624-42c2-afcc-888ce998dbbe
📥 DOWNLOADING ISSUE-LEVEL ATTACHMENTS FOR ISP-1732
   Total files: 3 (9.3 MB)

   [1/3] ⏭️  SKIP: Appointment date(Past).mp4 (already attached)
   [2/3] ⏭️  SKIP: image-20251027-090652.png (already attached)
   [3/3] ⏭️  SKIP: Pass-ISP-1732.mp4 (already attached)

📊 Attachment Summary for ISP-1732:
   ✅ Uploaded: 0
   ⏭️  Skipped: 3
   ❌ Failed: 0

[LABEL] Processing 2 label(s) for ISP-1732
[LABEL-MATCH] Found existing label 'New_ERP' (stored as 'new_erp') -> a9f0bd31-9bc0-4a7b-90fc-2ed53a305e8d
[LABEL-SKIP] Label 'new_erp' already attached to ISP-1732
[LABEL-MATCH] Found existing label 'QA' (stored as 'qa') -> f66526ba-6a94-47b5-8239-f9fae5aa2248
[LABEL-SKIP] Label 'qa' already attached to ISP-1732
[LABEL] Completed processing labels for ISP-1732. Total attached: 2
[COMMENTS] Importing 2 comment(s) for ISP-1732...
[USER-MATCH] Matched 'Robert Mbugua Kanyoro' by email: robert.mbugua@craftsilicon.com -> fb1e0a05-f047-4e22-a52b-b9b1fe4b4358
[IMPORT] Added rich text comment by Robert Mbugua Kanyoro to ISP-1732 (id=f0e70be7-9b2b-4766-bbe9-efc4a46d9b4a, length=41)
[USER-MATCH] Matched 'Wilberforce Wakhungu' by parsed first+last: wilberforce Wakhungu -> 03c960cf-9cd1-41dc-8a6b-669843030d52
[RICH-TEXT] Comment 2 contains: color
[IMPORT] Added rich text comment by Wilberforce Wakhungu to ISP-1732 (id=31ed82fa-2953-44f6-b8e5-973eeab01f3c, length=240)
[DESCRIPTION-VALIDATE] ISP-1732: new_len=397, existing_len=433
[DESCRIPTION-UPDATE] ISP-1732: Updated description (397 chars)
  Previous: <div class="trix-content">
  <p><strong>Repro Steps:</strong></p>
<p><strong>Actual Results:</strong>...
  Updated: <p><strong>Repro Steps:</strong></p>
<p><strong>Actual Results:</strong><br>The system accepts and sa...
Processing issue 230/439: ISP-1731
[DEBUG-LABELS] Total labels found for ISP-1731: 2
[USER-MATCH] Matched 'Wilberforce Wakhungu' by parsed first+last: wilberforce Wakhungu -> 03c960cf-9cd1-41dc-8a6b-669843030d52
[USER-MATCH] Matched 'Wilberforce Wakhungu' by parsed first+last: wilberforce Wakhungu -> 03c960cf-9cd1-41dc-8a6b-669843030d52
[STATUS-MATCH] Matched status 'Closed' by name: Closed -> 8c60b5b6-b9e9-405d-8d7d-d672cb9b23f1
[BANKING-MATCH] Found existing banking type 'ERP' -> d9a45733-9624-42c2-afcc-888ce998dbbe
📥 DOWNLOADING ISSUE-LEVEL ATTACHMENTS FOR ISP-1731
   Total files: 2 (13.37 MB)

   [1/2] ⏭️  SKIP: Clarifications(Edit).mp4 (already attached)
   [2/2] ⏭️  SKIP: Pass-ISP-1731.mp4 (already attached)

📊 Attachment Summary for ISP-1731:
   ✅ Uploaded: 0
   ⏭️  Skipped: 2
   ❌ Failed: 0

[LABEL] Processing 2 label(s) for ISP-1731
[LABEL-MATCH] Found existing label 'New_ERP' (stored as 'new_erp') -> a9f0bd31-9bc0-4a7b-90fc-2ed53a305e8d
[LABEL-SKIP] Label 'new_erp' already attached to ISP-1731
[LABEL-MATCH] Found existing label 'QA' (stored as 'qa') -> f66526ba-6a94-47b5-8239-f9fae5aa2248
[LABEL-SKIP] Label 'qa' already attached to ISP-1731
[LABEL] Completed processing labels for ISP-1731. Total attached: 2
[COMMENTS] Importing 2 comment(s) for ISP-1731...
[USER-MATCH] Matched 'Robert Mbugua Kanyoro' by email: robert.mbugua@craftsilicon.com -> fb1e0a05-f047-4e22-a52b-b9b1fe4b4358
[IMPORT] Added rich text comment by Robert Mbugua Kanyoro to ISP-1731 (id=aed8a036-1a41-4dad-8cfd-e005a80dea98, length=60)
[USER-MATCH] Matched 'Wilberforce Wakhungu' by parsed first+last: wilberforce Wakhungu -> 03c960cf-9cd1-41dc-8a6b-669843030d52
[RICH-TEXT] Comment 2 contains: color
[IMPORT] Added rich text comment by Wilberforce Wakhungu to ISP-1731 (id=73d65e4a-4221-4987-a89f-d743d9ec9eb0, length=540)
[DESCRIPTION-VALIDATE] ISP-1731: new_len=545, existing_len=581
[DESCRIPTION-UPDATE] ISP-1731: Updated description (545 chars)
  Previous: <div class="trix-content">
  <p><strong>Repro Steps:</strong></p>
<p><strong>Actual Results:</strong>...
  Updated: <p><strong>Repro Steps:</strong></p>
<p><strong>Actual Results:</strong><br>The system displays an er...
Processing issue 231/439: ISP-1730
[DEBUG-LABELS] Total labels found for ISP-1730: 2
[USER-MATCH] Matched 'Wilberforce Wakhungu' by parsed first+last: wilberforce Wakhungu -> 03c960cf-9cd1-41dc-8a6b-669843030d52
[USER-MATCH] Matched 'Wilberforce Wakhungu' by parsed first+last: wilberforce Wakhungu -> 03c960cf-9cd1-41dc-8a6b-669843030d52
[STATUS-MATCH] Matched status 'Closed' by name: Closed -> 8c60b5b6-b9e9-405d-8d7d-d672cb9b23f1
[BANKING-MATCH] Found existing banking type 'ERP' -> d9a45733-9624-42c2-afcc-888ce998dbbe
📥 DOWNLOADING ISSUE-LEVEL ATTACHMENTS FOR ISP-1730
   Total files: 3 (6.5 MB)

   [1/3] ⏭️  SKIP: Clarifications(send).mp4 (already attached)
   [2/3] ⏭️  SKIP: image-20251027-073614.png (already attached)
   [3/3] ⏭️  SKIP: Pass-ISP-1730.mp4 (already attached)

📊 Attachment Summary for ISP-1730:
   ✅ Uploaded: 0
   ⏭️  Skipped: 3
   ❌ Failed: 0

[LABEL] Processing 2 label(s) for ISP-1730
[LABEL-MATCH] Found existing label 'New_ERP' (stored as 'new_erp') -> a9f0bd31-9bc0-4a7b-90fc-2ed53a305e8d
[LABEL-SKIP] Label 'new_erp' already attached to ISP-1730
[LABEL-MATCH] Found existing label 'QA' (stored as 'qa') -> f66526ba-6a94-47b5-8239-f9fae5aa2248
[LABEL-SKIP] Label 'qa' already attached to ISP-1730
[LABEL] Completed processing labels for ISP-1730. Total attached: 2
[COMMENTS] Importing 3 comment(s) for ISP-1730...
[USER-MATCH] Matched 'Robert Mbugua Kanyoro' by email: robert.mbugua@craftsilicon.com -> fb1e0a05-f047-4e22-a52b-b9b1fe4b4358
[IMPORT] Added rich text comment by Robert Mbugua Kanyoro to ISP-1730 (id=a71dcc93-5194-49c0-bf57-a0afefda8450, length=49)
[USER-MATCH] Matched 'Wilberforce Wakhungu' by parsed first+last: wilberforce Wakhungu -> 03c960cf-9cd1-41dc-8a6b-669843030d52
[IMPORT] Added rich text comment by Wilberforce Wakhungu to ISP-1730 (id=a3f185f3-357b-4d4c-b77d-f6ce6d421f78, length=115)
[USER-MATCH] Matched 'Wilberforce Wakhungu' by parsed first+last: wilberforce Wakhungu -> 03c960cf-9cd1-41dc-8a6b-669843030d52
[RICH-TEXT] Comment 3 contains: color
[IMPORT] Added rich text comment by Wilberforce Wakhungu to ISP-1730 (id=ac185895-f9a7-4fd9-b865-02f8aa5ae9a4, length=259)
[DESCRIPTION-VALIDATE] ISP-1730: new_len=430, existing_len=466
[DESCRIPTION-UPDATE] ISP-1730: Updated description (430 chars)
  Previous: <div class="trix-content">
  <p><strong>Repro Steps:</strong></p>
<p><strong>Actual Results:</strong>...
  Updated: <p><strong>Repro Steps:</strong></p>
<p><strong>Actual Results:</strong><br>Upon clicking <strong>Sen...
Processing issue 232/439: ISP-1729
[DEBUG-LABELS] Total labels found for ISP-1729: 2
[USER-MATCH] Matched 'Wilberforce Wakhungu' by parsed first+last: wilberforce Wakhungu -> 03c960cf-9cd1-41dc-8a6b-669843030d52
[USER-MATCH] Matched 'Wilberforce Wakhungu' by parsed first+last: wilberforce Wakhungu -> 03c960cf-9cd1-41dc-8a6b-669843030d52
[STATUS-MATCH] Matched status 'Closed' by name: Closed -> 8c60b5b6-b9e9-405d-8d7d-d672cb9b23f1
[BANKING-MATCH] Found existing banking type 'ERP' -> d9a45733-9624-42c2-afcc-888ce998dbbe
📥 DOWNLOADING ISSUE-LEVEL ATTACHMENTS FOR ISP-1729
   Total files: 3 (11.33 MB)

   [1/3] ⏭️  SKIP: image-20251027-083915.png (already attached)
   [2/3] ⏭️  SKIP: Pass-ISP-1729.mp4 (already attached)
   [3/3] ⏭️  SKIP: RFQ Response.mp4 (already attached)

📊 Attachment Summary for ISP-1729:
   ✅ Uploaded: 0
   ⏭️  Skipped: 3
   ❌ Failed: 0

[LABEL] Processing 2 label(s) for ISP-1729
[LABEL-MATCH] Found existing label 'New_ERP' (stored as 'new_erp') -> a9f0bd31-9bc0-4a7b-90fc-2ed53a305e8d
[LABEL-SKIP] Label 'new_erp' already attached to ISP-1729
[LABEL-MATCH] Found existing label 'QA' (stored as 'qa') -> f66526ba-6a94-47b5-8239-f9fae5aa2248
[LABEL-SKIP] Label 'qa' already attached to ISP-1729
[LABEL] Completed processing labels for ISP-1729. Total attached: 2
[COMMENTS] Importing 2 comment(s) for ISP-1729...
[USER-MATCH] Matched 'Robert Mbugua Kanyoro' by email: robert.mbugua@craftsilicon.com -> fb1e0a05-f047-4e22-a52b-b9b1fe4b4358
[IMPORT] Added rich text comment by Robert Mbugua Kanyoro to ISP-1729 (id=4dff8d82-780f-4e4a-ad9f-e7b80d8b4592, length=42)
[USER-MATCH] Matched 'Wilberforce Wakhungu' by parsed first+last: wilberforce Wakhungu -> 03c960cf-9cd1-41dc-8a6b-669843030d52
[RICH-TEXT] Comment 2 contains: color
[IMPORT] Added rich text comment by Wilberforce Wakhungu to ISP-1729 (id=c09e3f90-83b3-4fa1-8fd4-50c8ab48bd64, length=298)
[DESCRIPTION-VALIDATE] ISP-1729: new_len=292, existing_len=328
[DESCRIPTION-UPDATE] ISP-1729: Updated description (292 chars)
  Previous: <div class="trix-content">
  <p><strong>Repro Steps:</strong></p>
<p><strong>Actual Results:</strong>...
  Updated: <p><strong>Repro Steps:</strong></p>
<p><strong>Actual Results:</strong></p>
<p><strong>Expected Resu...
Processing issue 233/439: ISP-1728
[DEBUG-LABELS] Total labels found for ISP-1728: 2
[USER-MATCH] Matched 'gideon' by single name: gideon gideon -> a2f6fdcb-6a66-4ace-992b-0f3cd5e9cc53
[USER-MATCH] Matched 'Robert Mbugua Kanyoro' by email: robert.mbugua@craftsilicon.com -> fb1e0a05-f047-4e22-a52b-b9b1fe4b4358
[STATUS-MATCH] Matched status 'Awaiting Build' by name: Awaiting Build -> bf46baa0-8c97-4afe-a65a-a300e43d70e6
[BANKING-MATCH] Found existing banking type 'ERP' -> d9a45733-9624-42c2-afcc-888ce998dbbe
📥 DOWNLOADING ISSUE-LEVEL ATTACHMENTS FOR ISP-1728
   Total files: 1 (2.63 MB)

   [1/1] ⏭️  SKIP: Item image-capture-displays-500-server-error_MrRsBfN1.mp4 (already attached)

📊 Attachment Summary for ISP-1728:
   ✅ Uploaded: 0
   ⏭️  Skipped: 1
   ❌ Failed: 0

[LABEL] Processing 2 label(s) for ISP-1728
[LABEL-MATCH] Found existing label 'New_ERP' (stored as 'new_erp') -> a9f0bd31-9bc0-4a7b-90fc-2ed53a305e8d
[LABEL-SKIP] Label 'new_erp' already attached to ISP-1728
[LABEL-MATCH] Found existing label 'QA' (stored as 'qa') -> f66526ba-6a94-47b5-8239-f9fae5aa2248
[LABEL-SKIP] Label 'qa' already attached to ISP-1728
[LABEL] Completed processing labels for ISP-1728. Total attached: 2
[DESCRIPTION-VALIDATE] ISP-1728: new_len=121, existing_len=157
[DESCRIPTION-UPDATE] ISP-1728: Updated description (121 chars)
  Previous: <div class="trix-content">
  <p><strong>Repro Steps -</strong></p>
<p><strong>Actual Results -</stron...
  Updated: <p><strong>Repro Steps -</strong></p>
<p><strong>Actual Results -</strong></p>
<p><strong>Expected Re...
Processing issue 234/439: ISP-1727
[DEBUG-LABELS] Total labels found for ISP-1727: 2
[USER-MATCH] Matched 'Michael Wakhungu' by parsed first+last: Michael Wakhungu -> 597e3fd3-bd8d-4416-b3c9-e513fe79905f
[USER-MATCH] Matched 'Michael Wakhungu' by parsed first+last: Michael Wakhungu -> 597e3fd3-bd8d-4416-b3c9-e513fe79905f
[STATUS-MATCH] Matched status 'Closed' by name: Closed -> 8c60b5b6-b9e9-405d-8d7d-d672cb9b23f1
[BANKING-MATCH] Found existing banking type 'ERP' -> d9a45733-9624-42c2-afcc-888ce998dbbe
📥 DOWNLOADING ISSUE-LEVEL ATTACHMENTS FOR ISP-1727
   Total files: 2 (4.0 MB)

   [1/2] ⏭️  SKIP: ISP-1727_Retest.mov (already attached)
   [2/2] ⏭️  SKIP: ISP-1727.mov (already attached)

📊 Attachment Summary for ISP-1727:
   ✅ Uploaded: 0
   ⏭️  Skipped: 2
   ❌ Failed: 0

[LABEL] Processing 2 label(s) for ISP-1727
[LABEL-MATCH] Found existing label 'New_ERP' (stored as 'new_erp') -> a9f0bd31-9bc0-4a7b-90fc-2ed53a305e8d
[LABEL-SKIP] Label 'new_erp' already attached to ISP-1727
[LABEL-MATCH] Found existing label 'QA' (stored as 'qa') -> f66526ba-6a94-47b5-8239-f9fae5aa2248
[LABEL-SKIP] Label 'qa' already attached to ISP-1727
[LABEL] Completed processing labels for ISP-1727. Total attached: 2
[COMMENTS] Importing 1 comment(s) for ISP-1727...
[USER-MATCH] Matched 'Michael Wakhungu' by parsed first+last: Michael Wakhungu -> 597e3fd3-bd8d-4416-b3c9-e513fe79905f
[IMPORT] Added rich text comment by Michael Wakhungu to ISP-1727 (id=6fd22119-2b95-46f1-8482-e9fd933099a7, length=49)
[DESCRIPTION-VALIDATE] ISP-1727: new_len=120, existing_len=156
[DESCRIPTION-UPDATE] ISP-1727: Updated description (120 chars)
  Previous: <div class="trix-content">
  <p><strong>Repro Steps:</strong></p>
<p><strong>Actual Results -</strong...
  Updated: <p><strong>Repro Steps:</strong></p>
<p><strong>Actual Results -</strong></p>
<p><strong>Expected Res...
Processing issue 235/439: ISP-1726
[DEBUG-LABELS] Total labels found for ISP-1726: 2
[USER-MATCH] Matched 'Michael Wakhungu' by parsed first+last: Michael Wakhungu -> 597e3fd3-bd8d-4416-b3c9-e513fe79905f
[USER-MATCH] Matched 'Michael Wakhungu' by parsed first+last: Michael Wakhungu -> 597e3fd3-bd8d-4416-b3c9-e513fe79905f
[STATUS-MATCH] Matched status 'Closed' by name: Closed -> 8c60b5b6-b9e9-405d-8d7d-d672cb9b23f1
[BANKING-MATCH] Found existing banking type 'ERP' -> d9a45733-9624-42c2-afcc-888ce998dbbe
📥 DOWNLOADING ISSUE-LEVEL ATTACHMENTS FOR ISP-1726
   Total files: 2 (7.14 MB)

   [1/2] ⏭️  SKIP: ISP-1726_Retest.mov (already attached)
   [2/2] ⏭️  SKIP: ISP-1726.mov (already attached)

📊 Attachment Summary for ISP-1726:
   ✅ Uploaded: 0
   ⏭️  Skipped: 2
   ❌ Failed: 0

[LABEL] Processing 2 label(s) for ISP-1726
[LABEL-MATCH] Found existing label 'New_ERP' (stored as 'new_erp') -> a9f0bd31-9bc0-4a7b-90fc-2ed53a305e8d
[LABEL-SKIP] Label 'new_erp' already attached to ISP-1726
[LABEL-MATCH] Found existing label 'QA' (stored as 'qa') -> f66526ba-6a94-47b5-8239-f9fae5aa2248
[LABEL-SKIP] Label 'qa' already attached to ISP-1726
[LABEL] Completed processing labels for ISP-1726. Total attached: 2
[COMMENTS] Importing 1 comment(s) for ISP-1726...
[USER-MATCH] Matched 'Michael Wakhungu' by parsed first+last: Michael Wakhungu -> 597e3fd3-bd8d-4416-b3c9-e513fe79905f
[IMPORT] Added rich text comment by Michael Wakhungu to ISP-1726 (id=e6fc125d-f2d4-40ad-b29f-8a5d11e97c64, length=48)
[DESCRIPTION-VALIDATE] ISP-1726: new_len=118, existing_len=154
[DESCRIPTION-UPDATE] ISP-1726: Updated description (118 chars)
  Previous: <div class="trix-content">
  <p><strong>Repro Steps:</strong></p>
<p><strong>Actual Results:</strong>...
  Updated: <p><strong>Repro Steps:</strong></p>
<p><strong>Actual Results:</strong></p>
<p><strong>Expected Resu...
Processing issue 236/439: ISP-1725
[MODULE-PARSE] Derived module/submodule from 'Third Party-Parties' => module='Third Party', submodule='Parties'
[DEBUG-LABELS] Total labels found for ISP-1725: 2
[USER-MATCH] Matched 'Michael Wakhungu' by parsed first+last: Michael Wakhungu -> 597e3fd3-bd8d-4416-b3c9-e513fe79905f
[USER-MATCH] Matched 'Robert Mbugua Kanyoro' by email: robert.mbugua@craftsilicon.com -> fb1e0a05-f047-4e22-a52b-b9b1fe4b4358
[STATUS-MATCH] Matched status 'In Progress' by name: In Progress -> c805a0e9-73fc-4726-a1ab-d28b9a36469e
[BANKING-MATCH] Found existing banking type 'ERP' -> d9a45733-9624-42c2-afcc-888ce998dbbe
📥 DOWNLOADING ISSUE-LEVEL ATTACHMENTS FOR ISP-1725
   Total files: 1 (2.98 MB)

   [1/1] ⏭️  SKIP: ISP-1725.mov (already attached)

📊 Attachment Summary for ISP-1725:
   ✅ Uploaded: 0
   ⏭️  Skipped: 1
   ❌ Failed: 0

[LABEL] Processing 2 label(s) for ISP-1725
[LABEL-MATCH] Found existing label 'New_ERP' (stored as 'new_erp') -> a9f0bd31-9bc0-4a7b-90fc-2ed53a305e8d
[LABEL-SKIP] Label 'new_erp' already attached to ISP-1725
[LABEL-MATCH] Found existing label 'QA' (stored as 'qa') -> f66526ba-6a94-47b5-8239-f9fae5aa2248
[LABEL-SKIP] Label 'qa' already attached to ISP-1725
[LABEL] Completed processing labels for ISP-1725. Total attached: 2
[DESCRIPTION-VALIDATE] ISP-1725: new_len=120, existing_len=156
[DESCRIPTION-UPDATE] ISP-1725: Updated description (120 chars)
  Previous: <div class="trix-content">
  <p><strong>Repro Steps:</strong></p>
<p><strong>Actual Results -</strong...
  Updated: <p><strong>Repro Steps:</strong></p>
<p><strong>Actual Results -</strong></p>
<p><strong>Expected Res...
Processing issue 237/439: ISP-1724
[DEBUG-LABELS] Total labels found for ISP-1724: 2
[USER-MATCH] Matched 'gideon' by single name: gideon gideon -> a2f6fdcb-6a66-4ace-992b-0f3cd5e9cc53
[USER-MATCH] Matched 'Robert Mbugua Kanyoro' by email: robert.mbugua@craftsilicon.com -> fb1e0a05-f047-4e22-a52b-b9b1fe4b4358
[STATUS-MATCH] Matched status 'Awaiting Build' by name: Awaiting Build -> bf46baa0-8c97-4afe-a65a-a300e43d70e6
[BANKING-MATCH] Found existing banking type 'ERP' -> d9a45733-9624-42c2-afcc-888ce998dbbe
📥 DOWNLOADING ISSUE-LEVEL ATTACHMENTS FOR ISP-1724
   Total files: 1 (4.77 MB)

   [1/1] ⏭️  SKIP: Edit Item Master Choose File has duplicate fields for user to upload Image..mp4 (already attached)

📊 Attachment Summary for ISP-1724:
   ✅ Uploaded: 0
   ⏭️  Skipped: 1
   ❌ Failed: 0

[LABEL] Processing 2 label(s) for ISP-1724
[LABEL-MATCH] Found existing label 'New_ERP' (stored as 'new_erp') -> a9f0bd31-9bc0-4a7b-90fc-2ed53a305e8d
[LABEL-SKIP] Label 'new_erp' already attached to ISP-1724
[LABEL-MATCH] Found existing label 'QA' (stored as 'qa') -> f66526ba-6a94-47b5-8239-f9fae5aa2248
[LABEL-SKIP] Label 'qa' already attached to ISP-1724
[LABEL] Completed processing labels for ISP-1724. Total attached: 2
[DESCRIPTION-VALIDATE] ISP-1724: new_len=155, existing_len=191
[DESCRIPTION-UPDATE] ISP-1724: Updated description (155 chars)
  Previous: <div class="trix-content">
  <p><strong>Reproduction Steps:</strong></p>
<p><strong>Actual Results:</...
  Updated: <p><strong>Reproduction Steps:</strong></p>
<p><strong>Actual Results:</strong></p>
<p><strong>Expect...
Processing issue 238/439: ISP-1723
[DEBUG-LABELS] Total labels found for ISP-1723: 2
[USER-MATCH] Matched 'Wilberforce Wakhungu' by parsed first+last: wilberforce Wakhungu -> 03c960cf-9cd1-41dc-8a6b-669843030d52
[USER-MATCH] Matched 'Robert Mbugua Kanyoro' by email: robert.mbugua@craftsilicon.com -> fb1e0a05-f047-4e22-a52b-b9b1fe4b4358
[STATUS-MATCH] Matched status 'In Progress' by name: In Progress -> c805a0e9-73fc-4726-a1ab-d28b9a36469e
[BANKING-MATCH] Found existing banking type 'ERP' -> d9a45733-9624-42c2-afcc-888ce998dbbe
📥 DOWNLOADING ISSUE-LEVEL ATTACHMENTS FOR ISP-1723
   Total files: 1 (1.99 MB)

   [1/1] ⏭️  SKIP: Third Party Portal(Documents).mp4 (already attached)

📊 Attachment Summary for ISP-1723:
   ✅ Uploaded: 0
   ⏭️  Skipped: 1
   ❌ Failed: 0

[LABEL] Processing 2 label(s) for ISP-1723
[LABEL-MATCH] Found existing label 'New_ERP' (stored as 'new_erp') -> a9f0bd31-9bc0-4a7b-90fc-2ed53a305e8d
[LABEL-SKIP] Label 'new_erp' already attached to ISP-1723
[LABEL-MATCH] Found existing label 'QA' (stored as 'qa') -> f66526ba-6a94-47b5-8239-f9fae5aa2248
[LABEL-SKIP] Label 'qa' already attached to ISP-1723
[LABEL] Completed processing labels for ISP-1723. Total attached: 2
[DESCRIPTION-VALIDATE] ISP-1723: new_len=441, existing_len=477
[DESCRIPTION-UPDATE] ISP-1723: Updated description (441 chars)
  Previous: <div class="trix-content">
  <p><strong>Repro Steps:</strong></p>
<p><strong>Actual Results:</strong>...
  Updated: <p><strong>Repro Steps:</strong></p>
<p><strong>Actual Results:</strong><br>Uploaded documents are no...
Processing issue 239/439: ISP-1722
[DEBUG-LABELS] Total labels found for ISP-1722: 2
[USER-MATCH] Matched 'Wilberforce Wakhungu' by parsed first+last: wilberforce Wakhungu -> 03c960cf-9cd1-41dc-8a6b-669843030d52
[USER-MATCH] Matched 'Wilberforce Wakhungu' by parsed first+last: wilberforce Wakhungu -> 03c960cf-9cd1-41dc-8a6b-669843030d52
[STATUS-MATCH] Matched status 'Closed' by name: Closed -> 8c60b5b6-b9e9-405d-8d7d-d672cb9b23f1
[BANKING-MATCH] Found existing banking type 'ERP' -> d9a45733-9624-42c2-afcc-888ce998dbbe
📥 DOWNLOADING ISSUE-LEVEL ATTACHMENTS FOR ISP-1722
   Total files: 2 (55.0 MB)

   [1/2] ⏭️  SKIP: ISP-1722-Pass-Retest.mp4 (already attached)
   [2/2] ⏭️  SKIP: RFQ.mp4 (already attached)

📊 Attachment Summary for ISP-1722:
   ✅ Uploaded: 0
   ⏭️  Skipped: 2
   ❌ Failed: 0

[LABEL] Processing 2 label(s) for ISP-1722
[LABEL-MATCH] Found existing label 'New_ERP' (stored as 'new_erp') -> a9f0bd31-9bc0-4a7b-90fc-2ed53a305e8d
[LABEL-SKIP] Label 'new_erp' already attached to ISP-1722
[LABEL-MATCH] Found existing label 'QA' (stored as 'qa') -> f66526ba-6a94-47b5-8239-f9fae5aa2248
[LABEL-SKIP] Label 'qa' already attached to ISP-1722
[LABEL] Completed processing labels for ISP-1722. Total attached: 2
[COMMENTS] Importing 2 comment(s) for ISP-1722...
[USER-MATCH] Matched 'Robert Mbugua Kanyoro' by email: robert.mbugua@craftsilicon.com -> fb1e0a05-f047-4e22-a52b-b9b1fe4b4358
[IMPORT] Added rich text comment by Robert Mbugua Kanyoro to ISP-1722 (id=4e1d2a9f-bdd5-4966-8401-580f4eb2c3cb, length=57)
[USER-MATCH] Matched 'Wilberforce Wakhungu' by parsed first+last: wilberforce Wakhungu -> 03c960cf-9cd1-41dc-8a6b-669843030d52
[RICH-TEXT] Comment 2 contains: color
[IMPORT] Added rich text comment by Wilberforce Wakhungu to ISP-1722 (id=a8ea459d-aa7a-4b3d-b8d5-7c00d383195b, length=473)
[DESCRIPTION-VALIDATE] ISP-1722: new_len=450, existing_len=486
[DESCRIPTION-UPDATE] ISP-1722: Updated description (450 chars)
  Previous: <div class="trix-content">
  <p><strong>Repro Steps:</strong></p>
<p><strong>Actual Results:</strong>...
  Updated: <p><strong>Repro Steps:</strong></p>
<p><strong>Actual Results:</strong><br>The system displays an er...
Processing issue 240/439: ISP-1721
[DEBUG-LABELS] Total labels found for ISP-1721: 2
[USER-MATCH] Matched 'Michael Wakhungu' by parsed first+last: Michael Wakhungu -> 597e3fd3-bd8d-4416-b3c9-e513fe79905f
[USER-MATCH] Matched 'Michael Wakhungu' by parsed first+last: Michael Wakhungu -> 597e3fd3-bd8d-4416-b3c9-e513fe79905f
[STATUS-MATCH] Matched status 'Closed' by name: Closed -> 8c60b5b6-b9e9-405d-8d7d-d672cb9b23f1
[BANKING-MATCH] Found existing banking type 'ERP' -> d9a45733-9624-42c2-afcc-888ce998dbbe
📥 DOWNLOADING ISSUE-LEVEL ATTACHMENTS FOR ISP-1721
   Total files: 2 (3.06 MB)

   [1/2] ⏭️  SKIP: ISP-1721_Retest.mov (already attached)
   [2/2] ⏭️  SKIP: ISP-1721.mov (already attached)

📊 Attachment Summary for ISP-1721:
   ✅ Uploaded: 0
   ⏭️  Skipped: 2
   ❌ Failed: 0

[LABEL] Processing 2 label(s) for ISP-1721
[LABEL-MATCH] Found existing label 'New_ERP' (stored as 'new_erp') -> a9f0bd31-9bc0-4a7b-90fc-2ed53a305e8d
[LABEL-SKIP] Label 'new_erp' already attached to ISP-1721
[LABEL-MATCH] Found existing label 'QA' (stored as 'qa') -> f66526ba-6a94-47b5-8239-f9fae5aa2248
[LABEL-SKIP] Label 'qa' already attached to ISP-1721
[LABEL] Completed processing labels for ISP-1721. Total attached: 2
[COMMENTS] Importing 2 comment(s) for ISP-1721...
[USER-MATCH] Matched 'Robert Mbugua Kanyoro' by email: robert.mbugua@craftsilicon.com -> fb1e0a05-f047-4e22-a52b-b9b1fe4b4358
[IMPORT] Added rich text comment by Robert Mbugua Kanyoro to ISP-1721 (id=c2644a68-9f17-44d8-9707-38c14fe3e531, length=104)
[USER-MATCH] Matched 'Michael Wakhungu' by parsed first+last: Michael Wakhungu -> 597e3fd3-bd8d-4416-b3c9-e513fe79905f
[IMPORT] Added rich text comment by Michael Wakhungu to ISP-1721 (id=7c06a12f-9299-40e9-b66d-b96ca07ea3c9, length=47)
[DESCRIPTION-VALIDATE] ISP-1721: new_len=120, existing_len=156
[DESCRIPTION-UPDATE] ISP-1721: Updated description (120 chars)
  Previous: <div class="trix-content">
  <p><strong>Repro Steps:</strong></p>
<p><strong>Actual Results -</strong...
  Updated: <p><strong>Repro Steps:</strong></p>
<p><strong>Actual Results -</strong></p>
<p><strong>Expected Res...
Processing issue 241/439: ISP-1720
[DEBUG-LABELS] Total labels found for ISP-1720: 2
[USER-MATCH] Matched 'Michael Wakhungu' by parsed first+last: Michael Wakhungu -> 597e3fd3-bd8d-4416-b3c9-e513fe79905f
[USER-MATCH] Matched 'Robert Mbugua Kanyoro' by email: robert.mbugua@craftsilicon.com -> fb1e0a05-f047-4e22-a52b-b9b1fe4b4358
[STATUS-MATCH] Matched status 'In Progress' by name: In Progress -> c805a0e9-73fc-4726-a1ab-d28b9a36469e
[BANKING-MATCH] Found existing banking type 'ERP' -> d9a45733-9624-42c2-afcc-888ce998dbbe
📥 DOWNLOADING ISSUE-LEVEL ATTACHMENTS FOR ISP-1720
   Total files: 1 (1.81 MB)

   [1/1] ⏭️  SKIP: ISP-1720.mov (already attached)

📊 Attachment Summary for ISP-1720:
   ✅ Uploaded: 0
   ⏭️  Skipped: 1
   ❌ Failed: 0

[LABEL] Processing 2 label(s) for ISP-1720
[LABEL-MATCH] Found existing label 'New_ERP' (stored as 'new_erp') -> a9f0bd31-9bc0-4a7b-90fc-2ed53a305e8d
[LABEL-SKIP] Label 'new_erp' already attached to ISP-1720
[LABEL-MATCH] Found existing label 'QA' (stored as 'qa') -> f66526ba-6a94-47b5-8239-f9fae5aa2248
[LABEL-SKIP] Label 'qa' already attached to ISP-1720
[LABEL] Completed processing labels for ISP-1720. Total attached: 2
[DESCRIPTION-VALIDATE] ISP-1720: new_len=118, existing_len=154
[DESCRIPTION-UPDATE] ISP-1720: Updated description (118 chars)
  Previous: <div class="trix-content">
  <p><strong>Repro Steps:</strong></p>
<p><strong>Actual Results:</strong>...
  Updated: <p><strong>Repro Steps:</strong></p>
<p><strong>Actual Results:</strong></p>
<p><strong>Expected Resu...
Processing issue 242/439: ISP-1719
[DEBUG-LABELS] Total labels found for ISP-1719: 2
[USER-MATCH] Matched 'nicholas.mbithuka' by parsed first+last: nicholas Mbithuka -> a4ac82e1-0812-4298-a390-eb72c4248f1a
[USER-MATCH] Matched 'nicholas.mbithuka' by parsed first+last: nicholas Mbithuka -> a4ac82e1-0812-4298-a390-eb72c4248f1a
[STATUS-MATCH] Matched status 'Closed' by name: Closed -> 8c60b5b6-b9e9-405d-8d7d-d672cb9b23f1
[BANKING-MATCH] Found existing banking type 'ERP' -> d9a45733-9624-42c2-afcc-888ce998dbbe
📥 DOWNLOADING ISSUE-LEVEL ATTACHMENTS FOR ISP-1719
   Total files: 2 (1.37 MB)

   [1/2] ⏭️  SKIP: erp-property-management-add-property-future-date-requisition-defect_6i2A8nQe.mp4 (already attached)
   [2/2] ⏭️  SKIP: Retest ERP 1719 Pass.mp4 (already attached)

📊 Attachment Summary for ISP-1719:
   ✅ Uploaded: 0
   ⏭️  Skipped: 2
   ❌ Failed: 0

[LABEL] Processing 2 label(s) for ISP-1719
[LABEL-MATCH] Found existing label 'New_ERP' (stored as 'new_erp') -> a9f0bd31-9bc0-4a7b-90fc-2ed53a305e8d
[LABEL-SKIP] Label 'new_erp' already attached to ISP-1719
[LABEL-MATCH] Found existing label 'QA' (stored as 'qa') -> f66526ba-6a94-47b5-8239-f9fae5aa2248
[LABEL-SKIP] Label 'qa' already attached to ISP-1719
[LABEL] Completed processing labels for ISP-1719. Total attached: 2
[COMMENTS] Importing 1 comment(s) for ISP-1719...
[USER-MATCH] Matched 'nicholas.mbithuka' by parsed first+last: nicholas Mbithuka -> a4ac82e1-0812-4298-a390-eb72c4248f1a
[IMPORT] Added rich text comment by nicholas.mbithuka to ISP-1719 (id=c924c9c6-cd5c-4646-9187-8b8b811ec9fb, length=13)
[DESCRIPTION-VALIDATE] ISP-1719: new_len=118, existing_len=154
[DESCRIPTION-UPDATE] ISP-1719: Updated description (118 chars)
  Previous: <div class="trix-content">
  <p><strong>Repro Steps:</strong></p>
<p><strong>Actual Results:</strong>...
  Updated: <p><strong>Repro Steps:</strong></p>
<p><strong>Actual Results:</strong></p>
<p><strong>Expected Resu...
Processing issue 243/439: ISP-1718
[DEBUG-LABELS] Total labels found for ISP-1718: 2
[USER-FALLBACK] Using default user for 'Stephen Mungai' -> b3613172-fc54-4742-b2ba-c10b97d15bf4
[USER-FALLBACK] Using default user for 'Stephen Mungai' -> b3613172-fc54-4742-b2ba-c10b97d15bf4
[STATUS-MATCH] Matched status 'Closed' by name: Closed -> 8c60b5b6-b9e9-405d-8d7d-d672cb9b23f1
[BANKING-MATCH] Found existing banking type 'ERP' -> d9a45733-9624-42c2-afcc-888ce998dbbe
📥 DOWNLOADING ISSUE-LEVEL ATTACHMENTS FOR ISP-1718
   Total files: 3 (43.07 MB)

   [1/3] ⏭️  SKIP: image-20251023-090208.png (already attached)
   [2/3] ⏭️  SKIP: Retest ISP-1718 Pass.mp4 (already attached)
   [3/3] ⏭️  SKIP: Supplier Evaluation Cannot Score a prequalified Supplier.mp4 (already attached)

📊 Attachment Summary for ISP-1718:
   ✅ Uploaded: 0
   ⏭️  Skipped: 3
   ❌ Failed: 0

[LABEL] Processing 2 label(s) for ISP-1718
[LABEL-MATCH] Found existing label 'New_ERP' (stored as 'new_erp') -> a9f0bd31-9bc0-4a7b-90fc-2ed53a305e8d
[LABEL-SKIP] Label 'new_erp' already attached to ISP-1718
[LABEL-MATCH] Found existing label 'QA' (stored as 'qa') -> f66526ba-6a94-47b5-8239-f9fae5aa2248
[LABEL-SKIP] Label 'qa' already attached to ISP-1718
[LABEL] Completed processing labels for ISP-1718. Total attached: 2
[COMMENTS] Importing 2 comment(s) for ISP-1718...
[USER-MATCH] Matched 'Robert Mbugua Kanyoro' by email: robert.mbugua@craftsilicon.com -> fb1e0a05-f047-4e22-a52b-b9b1fe4b4358
[IMPORT] Added rich text comment by Robert Mbugua Kanyoro to ISP-1718 (id=e5cd874b-1490-4bd7-bd96-91081e035e83, length=73)
[USER-FALLBACK] Using default user for 'Stephen Mungai' -> b3613172-fc54-4742-b2ba-c10b97d15bf4
[IMPORT] Added rich text comment by Stephen Mungai to ISP-1718 (id=994a6b75-2b4e-4edc-9183-8912b80a7f62, length=353)
[DESCRIPTION-VALIDATE] ISP-1718: new_len=236, existing_len=272
[DESCRIPTION-UPDATE] ISP-1718: Updated description (236 chars)
  Previous: <div class="trix-content">
  <p><strong>Repro Steps:</strong></p>
<p><strong>Actual Results</strong><...
  Updated: <p><strong>Repro Steps:</strong></p>
<p><strong>Actual Results</strong></p>
<p>System does not allow ...
Processing issue 244/439: ISP-1717
[DEBUG-LABELS] Total labels found for ISP-1717: 2
[USER-FALLBACK] Using default user for 'Stephen Mungai' -> b3613172-fc54-4742-b2ba-c10b97d15bf4
[USER-FALLBACK] Using default user for 'Stephen Mungai' -> b3613172-fc54-4742-b2ba-c10b97d15bf4
[STATUS-MATCH] Matched status 'Closed' by name: Closed -> 8c60b5b6-b9e9-405d-8d7d-d672cb9b23f1
[BANKING-MATCH] Found existing banking type 'ERP' -> d9a45733-9624-42c2-afcc-888ce998dbbe
📥 DOWNLOADING ISSUE-LEVEL ATTACHMENTS FOR ISP-1717
   Total files: 2 (27.43 MB)

   [1/2] ⏭️  SKIP: image-20251023-084937.png (already attached)
   [2/2] ⏭️  SKIP: Retest ISP-1717 Pass.mp4 (already attached)

📊 Attachment Summary for ISP-1717:
   ✅ Uploaded: 0
   ⏭️  Skipped: 2
   ❌ Failed: 0

[LABEL] Processing 2 label(s) for ISP-1717
[LABEL-MATCH] Found existing label 'New_ERP' (stored as 'new_erp') -> a9f0bd31-9bc0-4a7b-90fc-2ed53a305e8d
[LABEL-SKIP] Label 'new_erp' already attached to ISP-1717
[LABEL-MATCH] Found existing label 'QA' (stored as 'qa') -> f66526ba-6a94-47b5-8239-f9fae5aa2248
[LABEL-SKIP] Label 'qa' already attached to ISP-1717
[LABEL] Completed processing labels for ISP-1717. Total attached: 2
[COMMENTS] Importing 2 comment(s) for ISP-1717...
[USER-MATCH] Matched 'Robert Mbugua Kanyoro' by email: robert.mbugua@craftsilicon.com -> fb1e0a05-f047-4e22-a52b-b9b1fe4b4358
[IMPORT] Added rich text comment by Robert Mbugua Kanyoro to ISP-1717 (id=44a59beb-05a7-4def-8b32-015ae18f0232, length=52)
[USER-FALLBACK] Using default user for 'Stephen Mungai' -> b3613172-fc54-4742-b2ba-c10b97d15bf4
[IMPORT] Added rich text comment by Stephen Mungai to ISP-1717 (id=2d142f03-8a66-4208-bfd2-7b33df53f0fc, length=343)
[DESCRIPTION-VALIDATE] ISP-1717: new_len=118, existing_len=154
[DESCRIPTION-UPDATE] ISP-1717: Updated description (118 chars)
  Previous: <div class="trix-content">
  <p><strong>Repro Steps:</strong></p>
<p><strong>Actual Results:</strong>...
  Updated: <p><strong>Repro Steps:</strong></p>
<p><strong>Actual Results:</strong></p>
<p><strong>Expected Resu...
Processing issue 245/439: ISP-1716
[DEBUG-LABELS] Total labels found for ISP-1716: 2
[USER-FALLBACK] Using default user for 'Stephen Mungai' -> b3613172-fc54-4742-b2ba-c10b97d15bf4
[USER-MATCH] Matched 'Robert Mbugua Kanyoro' by email: robert.mbugua@craftsilicon.com -> fb1e0a05-f047-4e22-a52b-b9b1fe4b4358
[STATUS-MATCH] Matched status 'Failed-QA' by normalized name: Failed QA -> 42911275-9770-4690-9c7d-9f71e090f491
[BANKING-MATCH] Found existing banking type 'ERP' -> d9a45733-9624-42c2-afcc-888ce998dbbe
📥 DOWNLOADING ISSUE-LEVEL ATTACHMENTS FOR ISP-1716
   Total files: 5 (30.68 MB)

   [1/5] ⏭️  SKIP: image-20251023-090456.png (already attached)
   [2/5] ⏭️  SKIP: Retest ISP-1716 fail.mp4 (already attached)
   [3/5] ⏭️  SKIP: Retest ISP-1716 Fail .mp4 (already attached)
   [4/5] ⏭️  SKIP: Retest ISP-1716 Failed Add & Edit.mp4 (already attached)
   [5/5] ⏭️  SKIP: Tender Initiation-Edit Defect.mp4 (already attached)

📊 Attachment Summary for ISP-1716:
   ✅ Uploaded: 0
   ⏭️  Skipped: 5
   ❌ Failed: 0

[LABEL] Processing 2 label(s) for ISP-1716
[LABEL-MATCH] Found existing label 'New_ERP' (stored as 'new_erp') -> a9f0bd31-9bc0-4a7b-90fc-2ed53a305e8d
[LABEL-SKIP] Label 'new_erp' already attached to ISP-1716
[LABEL-MATCH] Found existing label 'QA' (stored as 'qa') -> f66526ba-6a94-47b5-8239-f9fae5aa2248
[LABEL-SKIP] Label 'qa' already attached to ISP-1716
[LABEL] Completed processing labels for ISP-1716. Total attached: 2
[COMMENTS] Importing 4 comment(s) for ISP-1716...
[USER-MATCH] Matched 'Robert Mbugua Kanyoro' by email: robert.mbugua@craftsilicon.com -> fb1e0a05-f047-4e22-a52b-b9b1fe4b4358
[IMPORT] Added rich text comment by Robert Mbugua Kanyoro to ISP-1716 (id=1e2bfce7-e5eb-47a9-9dde-517e8dccb00d, length=70)
[USER-FALLBACK] Using default user for 'Stephen Mungai' -> b3613172-fc54-4742-b2ba-c10b97d15bf4
[IMPORT] Added rich text comment by Stephen Mungai to ISP-1716 (id=ef968f72-d142-4215-becd-6b99f996edc9, length=195)
[USER-MATCH] Matched 'Robert Mbugua Kanyoro' by email: robert.mbugua@craftsilicon.com -> fb1e0a05-f047-4e22-a52b-b9b1fe4b4358
[IMPORT] Added rich text comment by Robert Mbugua Kanyoro to ISP-1716 (id=74b1807b-669f-45e5-9bb2-983f5004d5ac, length=26)
[USER-FALLBACK] Using default user for 'Stephen Mungai' -> b3613172-fc54-4742-b2ba-c10b97d15bf4
[IMPORT] Added rich text comment by Stephen Mungai to ISP-1716 (id=6c9b19f9-336c-4704-a000-9920b2525bbe, length=73)
[DESCRIPTION-VALIDATE] ISP-1716: new_len=261, existing_len=297
[DESCRIPTION-UPDATE] ISP-1716: Updated description (261 chars)
  Previous: <div class="trix-content">
  <p><strong>Repro Steps</strong></p>
<p><strong>Actual Results</strong></...
  Updated: <p><strong>Repro Steps</strong></p>
<p><strong>Actual Results</strong></p>
<p>On clicking Edit button...
Processing issue 246/439: ISP-1715
[DEBUG-LABELS] Total labels found for ISP-1715: 2
[USER-FALLBACK] Using default user for 'Stephen Mungai' -> b3613172-fc54-4742-b2ba-c10b97d15bf4
[USER-MATCH] Matched 'Robert Mbugua Kanyoro' by email: robert.mbugua@craftsilicon.com -> fb1e0a05-f047-4e22-a52b-b9b1fe4b4358
[STATUS-MATCH] Matched status 'In Progress' by name: In Progress -> c805a0e9-73fc-4726-a1ab-d28b9a36469e
[BANKING-MATCH] Found existing banking type 'ERP' -> d9a45733-9624-42c2-afcc-888ce998dbbe
📥 DOWNLOADING ISSUE-LEVEL ATTACHMENTS FOR ISP-1715
   Total files: 1 (2.54 MB)

   [1/1] ⏭️  SKIP: Tender Creation when attching Tender Document.mp4 (already attached)

📊 Attachment Summary for ISP-1715:
   ✅ Uploaded: 0
   ⏭️  Skipped: 1
   ❌ Failed: 0

[LABEL] Processing 2 label(s) for ISP-1715
[LABEL-MATCH] Found existing label 'New_ERP' (stored as 'new_erp') -> a9f0bd31-9bc0-4a7b-90fc-2ed53a305e8d
[LABEL-SKIP] Label 'new_erp' already attached to ISP-1715
[LABEL-MATCH] Found existing label 'QA' (stored as 'qa') -> f66526ba-6a94-47b5-8239-f9fae5aa2248
[LABEL-SKIP] Label 'qa' already attached to ISP-1715
[LABEL] Completed processing labels for ISP-1715. Total attached: 2
[DESCRIPTION-VALIDATE] ISP-1715: new_len=379, existing_len=415
[DESCRIPTION-UPDATE] ISP-1715: Updated description (379 chars)
  Previous: <div class="trix-content">
  <p><strong>Repro Steps</strong></p>
<p><strong>Actual Results</strong></...
  Updated: <p><strong>Repro Steps</strong></p>
<p><strong>Actual Results</strong></p>
<p>System displays an erro...
Processing issue 247/439: ISP-1714
[DEBUG-LABELS] Total labels found for ISP-1714: 2
[USER-FALLBACK] Using default user for 'Stephen Mungai' -> b3613172-fc54-4742-b2ba-c10b97d15bf4
[USER-FALLBACK] Using default user for 'Stephen Mungai' -> b3613172-fc54-4742-b2ba-c10b97d15bf4
[STATUS-MATCH] Matched status 'Closed' by name: Closed -> 8c60b5b6-b9e9-405d-8d7d-d672cb9b23f1
[BANKING-MATCH] Found existing banking type 'ERP' -> d9a45733-9624-42c2-afcc-888ce998dbbe
📥 DOWNLOADING ISSUE-LEVEL ATTACHMENTS FOR ISP-1714
   Total files: 1 (12.04 MB)

   [1/1] ⏭️  SKIP: Retest ISP-1714 Pass.mp4 (already attached)

📊 Attachment Summary for ISP-1714:
   ✅ Uploaded: 0
   ⏭️  Skipped: 1
   ❌ Failed: 0

[LABEL] Processing 2 label(s) for ISP-1714
[LABEL-MATCH] Found existing label 'New_ERP' (stored as 'new_erp') -> a9f0bd31-9bc0-4a7b-90fc-2ed53a305e8d
[LABEL-SKIP] Label 'new_erp' already attached to ISP-1714
[LABEL-MATCH] Found existing label 'QA' (stored as 'qa') -> f66526ba-6a94-47b5-8239-f9fae5aa2248
[LABEL-SKIP] Label 'qa' already attached to ISP-1714
[LABEL] Completed processing labels for ISP-1714. Total attached: 2
[COMMENTS] Importing 1 comment(s) for ISP-1714...
[USER-FALLBACK] Using default user for 'Stephen Mungai' -> b3613172-fc54-4742-b2ba-c10b97d15bf4
[IMPORT] Added rich text comment by Stephen Mungai to ISP-1714 (id=31a6aaea-270e-48e1-b1d0-39806ed7c33e, length=346)
[DESCRIPTION-VALIDATE] ISP-1714: new_len=118, existing_len=154
[DESCRIPTION-UPDATE] ISP-1714: Updated description (118 chars)
  Previous: <div class="trix-content">
  <p><strong>Repro Steps:</strong></p>
<p><strong>Actual Results:</strong>...
  Updated: <p><strong>Repro Steps:</strong></p>
<p><strong>Actual Results:</strong></p>
<p><strong>Expected Resu...
Processing issue 248/439: ISP-1713
[DEBUG-LABELS] Total labels found for ISP-1713: 2
[USER-MATCH] Matched 'Michael Wakhungu' by parsed first+last: Michael Wakhungu -> 597e3fd3-bd8d-4416-b3c9-e513fe79905f
[USER-MATCH] Matched 'Robert Mbugua Kanyoro' by email: robert.mbugua@craftsilicon.com -> fb1e0a05-f047-4e22-a52b-b9b1fe4b4358
[STATUS-MATCH] Matched status 'In Progress' by name: In Progress -> c805a0e9-73fc-4726-a1ab-d28b9a36469e
[BANKING-MATCH] Found existing banking type 'ERP' -> d9a45733-9624-42c2-afcc-888ce998dbbe
📥 DOWNLOADING ISSUE-LEVEL ATTACHMENTS FOR ISP-1713
   Total files: 1 (0.83 MB)

   [1/1] ⏭️  SKIP: ISP-1713.mov (already attached)

📊 Attachment Summary for ISP-1713:
   ✅ Uploaded: 0
   ⏭️  Skipped: 1
   ❌ Failed: 0

[LABEL] Processing 2 label(s) for ISP-1713
[LABEL-MATCH] Found existing label 'New_ERP' (stored as 'new_erp') -> a9f0bd31-9bc0-4a7b-90fc-2ed53a305e8d
[LABEL-SKIP] Label 'new_erp' already attached to ISP-1713
[LABEL-MATCH] Found existing label 'QA' (stored as 'qa') -> f66526ba-6a94-47b5-8239-f9fae5aa2248
[LABEL-SKIP] Label 'qa' already attached to ISP-1713
[LABEL] Completed processing labels for ISP-1713. Total attached: 2
[DESCRIPTION-VALIDATE] ISP-1713: new_len=303, existing_len=339
[DESCRIPTION-UPDATE] ISP-1713: Updated description (303 chars)
  Previous: <div class="trix-content">
  <p><strong>Repro Steps:</strong></p>
<p><strong>Actual Results -</strong...
  Updated: <p><strong>Repro Steps:</strong></p>
<p><strong>Actual Results -</strong></p>
<p>When the user clicks...
Processing issue 249/439: ISP-1712
[DEBUG-LABELS] Total labels found for ISP-1712: 2
[USER-MATCH] Matched 'Michael Wakhungu' by parsed first+last: Michael Wakhungu -> 597e3fd3-bd8d-4416-b3c9-e513fe79905f
[USER-MATCH] Matched 'Robert Mbugua Kanyoro' by email: robert.mbugua@craftsilicon.com -> fb1e0a05-f047-4e22-a52b-b9b1fe4b4358
[STATUS-MATCH] Matched status 'In Progress' by name: In Progress -> c805a0e9-73fc-4726-a1ab-d28b9a36469e
[BANKING-MATCH] Found existing banking type 'ERP' -> d9a45733-9624-42c2-afcc-888ce998dbbe
📥 DOWNLOADING ISSUE-LEVEL ATTACHMENTS FOR ISP-1712
   Total files: 1 (1.88 MB)

   [1/1] ⏭️  SKIP: ISP-1712.mov (already attached)

📊 Attachment Summary for ISP-1712:
   ✅ Uploaded: 0
   ⏭️  Skipped: 1
   ❌ Failed: 0

[LABEL] Processing 2 label(s) for ISP-1712
[LABEL-MATCH] Found existing label 'New_ERP' (stored as 'new_erp') -> a9f0bd31-9bc0-4a7b-90fc-2ed53a305e8d
[LABEL-SKIP] Label 'new_erp' already attached to ISP-1712
[LABEL-MATCH] Found existing label 'QA' (stored as 'qa') -> f66526ba-6a94-47b5-8239-f9fae5aa2248
[LABEL-SKIP] Label 'qa' already attached to ISP-1712
[LABEL] Completed processing labels for ISP-1712. Total attached: 2
[DESCRIPTION-VALIDATE] ISP-1712: new_len=120, existing_len=156
[DESCRIPTION-UPDATE] ISP-1712: Updated description (120 chars)
  Previous: <div class="trix-content">
  <p><strong>Repro Steps:</strong></p>
<p><strong>Actual Results -</strong...
  Updated: <p><strong>Repro Steps:</strong></p>
<p><strong>Actual Results -</strong></p>
<p><strong>Expected Res...
Processing issue 250/439: ISP-1711
[DEBUG-LABELS] Total labels found for ISP-1711: 2
[USER-MATCH] Matched 'Michael Wakhungu' by parsed first+last: Michael Wakhungu -> 597e3fd3-bd8d-4416-b3c9-e513fe79905f
[USER-MATCH] Matched 'Robert Mbugua Kanyoro' by email: robert.mbugua@craftsilicon.com -> fb1e0a05-f047-4e22-a52b-b9b1fe4b4358
[STATUS-MATCH] Matched status 'In Progress' by name: In Progress -> c805a0e9-73fc-4726-a1ab-d28b9a36469e
[BANKING-MATCH] Found existing banking type 'ERP' -> d9a45733-9624-42c2-afcc-888ce998dbbe
📥 DOWNLOADING ISSUE-LEVEL ATTACHMENTS FOR ISP-1711
   Total files: 1 (0.44 MB)

   [1/1] ⏭️  SKIP: ISP-1711.mov (already attached)

📊 Attachment Summary for ISP-1711:
   ✅ Uploaded: 0
   ⏭️  Skipped: 1
   ❌ Failed: 0

[LABEL] Processing 2 label(s) for ISP-1711
[LABEL-MATCH] Found existing label 'New_ERP' (stored as 'new_erp') -> a9f0bd31-9bc0-4a7b-90fc-2ed53a305e8d
[LABEL-SKIP] Label 'new_erp' already attached to ISP-1711
[LABEL-MATCH] Found existing label 'QA' (stored as 'qa') -> f66526ba-6a94-47b5-8239-f9fae5aa2248
[LABEL-SKIP] Label 'qa' already attached to ISP-1711
[LABEL] Completed processing labels for ISP-1711. Total attached: 2
[DESCRIPTION-VALIDATE] ISP-1711: new_len=120, existing_len=156
[DESCRIPTION-UPDATE] ISP-1711: Updated description (120 chars)
  Previous: <div class="trix-content">
  <p><strong>Repro Steps:</strong></p>
<p><strong>Actual Results -</strong...
  Updated: <p><strong>Repro Steps:</strong></p>
<p><strong>Actual Results -</strong></p>
<p><strong>Expected Res...
Processing issue 251/439: ISP-1710
[DEBUG-LABELS] Total labels found for ISP-1710: 2
[USER-MATCH] Matched 'Michael Wakhungu' by parsed first+last: Michael Wakhungu -> 597e3fd3-bd8d-4416-b3c9-e513fe79905f
[USER-MATCH] Matched 'Robert Mbugua Kanyoro' by email: robert.mbugua@craftsilicon.com -> fb1e0a05-f047-4e22-a52b-b9b1fe4b4358
[STATUS-MATCH] Matched status 'In Progress' by name: In Progress -> c805a0e9-73fc-4726-a1ab-d28b9a36469e
[BANKING-MATCH] Found existing banking type 'ERP' -> d9a45733-9624-42c2-afcc-888ce998dbbe
📥 DOWNLOADING ISSUE-LEVEL ATTACHMENTS FOR ISP-1710
   Total files: 1 (1.0 MB)

   [1/1] ⏭️  SKIP: ISP-1710.mov (already attached)

📊 Attachment Summary for ISP-1710:
   ✅ Uploaded: 0
   ⏭️  Skipped: 1
   ❌ Failed: 0

[LABEL] Processing 2 label(s) for ISP-1710
[LABEL-MATCH] Found existing label 'New_ERP' (stored as 'new_erp') -> a9f0bd31-9bc0-4a7b-90fc-2ed53a305e8d
[LABEL-SKIP] Label 'new_erp' already attached to ISP-1710
[LABEL-MATCH] Found existing label 'QA' (stored as 'qa') -> f66526ba-6a94-47b5-8239-f9fae5aa2248
[LABEL-SKIP] Label 'qa' already attached to ISP-1710
[LABEL] Completed processing labels for ISP-1710. Total attached: 2
[DESCRIPTION-VALIDATE] ISP-1710: new_len=118, existing_len=154
[DESCRIPTION-UPDATE] ISP-1710: Updated description (118 chars)
  Previous: <div class="trix-content">
  <p><strong>Repro Steps:</strong></p>
<p><strong>Actual Result -</strong>...
  Updated: <p><strong>Repro Steps:</strong></p>
<p><strong>Actual Result -</strong></p>
<p><strong>Expected Resu...
Processing issue 252/439: ISP-1709
[DEBUG-LABELS] Total labels found for ISP-1709: 2
[USER-MATCH] Matched 'Michael Wakhungu' by parsed first+last: Michael Wakhungu -> 597e3fd3-bd8d-4416-b3c9-e513fe79905f
[USER-MATCH] Matched 'Robert Mbugua Kanyoro' by email: robert.mbugua@craftsilicon.com -> fb1e0a05-f047-4e22-a52b-b9b1fe4b4358
[STATUS-MATCH] Matched status 'In Progress' by name: In Progress -> c805a0e9-73fc-4726-a1ab-d28b9a36469e
[BANKING-MATCH] Found existing banking type 'ERP' -> d9a45733-9624-42c2-afcc-888ce998dbbe
📥 DOWNLOADING ISSUE-LEVEL ATTACHMENTS FOR ISP-1709
   Total files: 1 (1.17 MB)

   [1/1] ⏭️  SKIP: ISP-1709.mov (already attached)

📊 Attachment Summary for ISP-1709:
   ✅ Uploaded: 0
   ⏭️  Skipped: 1
   ❌ Failed: 0

[LABEL] Processing 2 label(s) for ISP-1709
[LABEL-MATCH] Found existing label 'New_ERP' (stored as 'new_erp') -> a9f0bd31-9bc0-4a7b-90fc-2ed53a305e8d
[LABEL-SKIP] Label 'new_erp' already attached to ISP-1709
[LABEL-MATCH] Found existing label 'QA' (stored as 'qa') -> f66526ba-6a94-47b5-8239-f9fae5aa2248
[LABEL-SKIP] Label 'qa' already attached to ISP-1709
[LABEL] Completed processing labels for ISP-1709. Total attached: 2
[DESCRIPTION-VALIDATE] ISP-1709: new_len=118, existing_len=154
[DESCRIPTION-UPDATE] ISP-1709: Updated description (118 chars)
  Previous: <div class="trix-content">
  <p><strong>Repro Steps:</strong></p>
<p><strong>Actual Result -</strong>...
  Updated: <p><strong>Repro Steps:</strong></p>
<p><strong>Actual Result -</strong></p>
<p><strong>Expected Resu...
Processing issue 253/439: ISP-1708
[DEBUG-LABELS] Total labels found for ISP-1708: 2
[USER-MATCH] Matched 'Michael Wakhungu' by parsed first+last: Michael Wakhungu -> 597e3fd3-bd8d-4416-b3c9-e513fe79905f
[USER-MATCH] Matched 'Michael Wakhungu' by parsed first+last: Michael Wakhungu -> 597e3fd3-bd8d-4416-b3c9-e513fe79905f
[STATUS-MATCH] Matched status 'Closed' by name: Closed -> 8c60b5b6-b9e9-405d-8d7d-d672cb9b23f1
[BANKING-MATCH] Found existing banking type 'ERP' -> d9a45733-9624-42c2-afcc-888ce998dbbe
📥 DOWNLOADING ISSUE-LEVEL ATTACHMENTS FOR ISP-1708
   Total files: 2 (1.08 MB)

   [1/2] ⏭️  SKIP: ISP-1708_Retest.mov (already attached)
   [2/2] ⏭️  SKIP: ISP-1708.mov (already attached)

📊 Attachment Summary for ISP-1708:
   ✅ Uploaded: 0
   ⏭️  Skipped: 2
   ❌ Failed: 0

[LABEL] Processing 2 label(s) for ISP-1708
[LABEL-MATCH] Found existing label 'New_ERP' (stored as 'new_erp') -> a9f0bd31-9bc0-4a7b-90fc-2ed53a305e8d
[LABEL-SKIP] Label 'new_erp' already attached to ISP-1708
[LABEL-MATCH] Found existing label 'QA' (stored as 'qa') -> f66526ba-6a94-47b5-8239-f9fae5aa2248
[LABEL-SKIP] Label 'qa' already attached to ISP-1708
[LABEL] Completed processing labels for ISP-1708. Total attached: 2
[COMMENTS] Importing 2 comment(s) for ISP-1708...
[USER-MATCH] Matched 'Robert Mbugua Kanyoro' by email: robert.mbugua@craftsilicon.com -> fb1e0a05-f047-4e22-a52b-b9b1fe4b4358
[IMPORT] Added rich text comment by Robert Mbugua Kanyoro to ISP-1708 (id=1acdac11-6b23-4505-a37e-f3cea14d8e78, length=67)
[USER-MATCH] Matched 'Michael Wakhungu' by parsed first+last: Michael Wakhungu -> 597e3fd3-bd8d-4416-b3c9-e513fe79905f
[RICH-TEXT] Comment 2 contains: color
[IMPORT] Added rich text comment by Michael Wakhungu to ISP-1708 (id=2a3395b5-3733-439d-bb36-039c932fa803, length=398)
[DESCRIPTION-VALIDATE] ISP-1708: new_len=575, existing_len=611
[DESCRIPTION-UPDATE] ISP-1708: Updated description (575 chars)
  Previous: <div class="trix-content">
  <p><strong>Repro Steps:</strong></p>
<p>Navigate to <strong>My Account →...
  Updated: <p><strong>Repro Steps:</strong></p>
<p>Navigate to <strong>My Account → Personal Information → Edit ...
Processing issue 254/439: ISP-1707
[DEBUG-LABELS] Total labels found for ISP-1707: 2
[USER-MATCH] Matched 'nicholas.mbithuka' by parsed first+last: nicholas Mbithuka -> a4ac82e1-0812-4298-a390-eb72c4248f1a
[USER-MATCH] Matched 'nicholas.mbithuka' by parsed first+last: nicholas Mbithuka -> a4ac82e1-0812-4298-a390-eb72c4248f1a
[STATUS-MATCH] Matched status 'Closed' by name: Closed -> 8c60b5b6-b9e9-405d-8d7d-d672cb9b23f1
[BANKING-MATCH] Found existing banking type 'ERP' -> d9a45733-9624-42c2-afcc-888ce998dbbe
📥 DOWNLOADING ISSUE-LEVEL ATTACHMENTS FOR ISP-1707
   Total files: 2 (1.22 MB)

   [1/2] ⏭️  SKIP: br-erp-procurement-tender-initiation-defect_XRepDaYk.mp4 (already attached)
   [2/2] ⏭️  SKIP: Retest Imarisha ERP 1707 Pass.mp4 (already attached)

📊 Attachment Summary for ISP-1707:
   ✅ Uploaded: 0
   ⏭️  Skipped: 2
   ❌ Failed: 0

[LABEL] Processing 2 label(s) for ISP-1707
[LABEL-MATCH] Found existing label 'New_ERP' (stored as 'new_erp') -> a9f0bd31-9bc0-4a7b-90fc-2ed53a305e8d
[LABEL-SKIP] Label 'new_erp' already attached to ISP-1707
[LABEL-MATCH] Found existing label 'QA' (stored as 'qa') -> f66526ba-6a94-47b5-8239-f9fae5aa2248
[LABEL-SKIP] Label 'qa' already attached to ISP-1707
[LABEL] Completed processing labels for ISP-1707. Total attached: 2
[COMMENTS] Importing 2 comment(s) for ISP-1707...
[USER-MATCH] Matched 'Robert Mbugua Kanyoro' by email: robert.mbugua@craftsilicon.com -> fb1e0a05-f047-4e22-a52b-b9b1fe4b4358
[IMPORT] Added rich text comment by Robert Mbugua Kanyoro to ISP-1707 (id=008927ac-3135-410d-a5bc-97ddd69d3ba1, length=13)
[USER-MATCH] Matched 'nicholas.mbithuka' by parsed first+last: nicholas Mbithuka -> a4ac82e1-0812-4298-a390-eb72c4248f1a
[IMPORT] Added rich text comment by nicholas.mbithuka to ISP-1707 (id=dcc94d3d-b8bb-47fd-b7b0-4215c94b2ca4, length=214)
[DESCRIPTION-VALIDATE] ISP-1707: new_len=440, existing_len=476
[DESCRIPTION-UPDATE] ISP-1707: Updated description (440 chars)
  Previous: <div class="trix-content">
  <p><strong>Repro Steps:</strong></p>
<p><strong>Actual Results:</strong>...
  Updated: <p><strong>Repro Steps:</strong></p>
<p><strong>Actual Results:</strong></p>
<p>When accessing the <s...
Processing issue 255/439: ISP-1706
[DEBUG-LABELS] Total labels found for ISP-1706: 2
[USER-MATCH] Matched 'Michael Wakhungu' by parsed first+last: Michael Wakhungu -> 597e3fd3-bd8d-4416-b3c9-e513fe79905f
[USER-MATCH] Matched 'Robert Mbugua Kanyoro' by email: robert.mbugua@craftsilicon.com -> fb1e0a05-f047-4e22-a52b-b9b1fe4b4358
[STATUS-MATCH] Matched status 'In Progress' by name: In Progress -> c805a0e9-73fc-4726-a1ab-d28b9a36469e
[BANKING-MATCH] Found existing banking type 'ERP' -> d9a45733-9624-42c2-afcc-888ce998dbbe
📥 DOWNLOADING ISSUE-LEVEL ATTACHMENTS FOR ISP-1706
   Total files: 1 (2.71 MB)

   [1/1] ⏭️  SKIP: ISP-1706.mov (already attached)

📊 Attachment Summary for ISP-1706:
   ✅ Uploaded: 0
   ⏭️  Skipped: 1
   ❌ Failed: 0

[LABEL] Processing 2 label(s) for ISP-1706
[LABEL-MATCH] Found existing label 'New_ERP' (stored as 'new_erp') -> a9f0bd31-9bc0-4a7b-90fc-2ed53a305e8d
[LABEL-SKIP] Label 'new_erp' already attached to ISP-1706
[LABEL-MATCH] Found existing label 'QA' (stored as 'qa') -> f66526ba-6a94-47b5-8239-f9fae5aa2248
[LABEL-SKIP] Label 'qa' already attached to ISP-1706
[LABEL] Completed processing labels for ISP-1706. Total attached: 2
[DESCRIPTION-VALIDATE] ISP-1706: new_len=429, existing_len=465
[DESCRIPTION-UPDATE] ISP-1706: Updated description (429 chars)
  Previous: <div class="trix-content">
  <p><strong>Repro Steps:</strong></p>
<p><strong>Actual Result -</strong>...
  Updated: <p><strong>Repro Steps:</strong></p>
<p><strong>Actual Result -</strong></p>
<p>Clicking on the <stro...
Processing issue 256/439: ISP-1705
[DEBUG-LABELS] Total labels found for ISP-1705: 2
[USER-MATCH] Matched 'Wilberforce Wakhungu' by parsed first+last: wilberforce Wakhungu -> 03c960cf-9cd1-41dc-8a6b-669843030d52
[USER-MATCH] Matched 'Robert Mbugua Kanyoro' by email: robert.mbugua@craftsilicon.com -> fb1e0a05-f047-4e22-a52b-b9b1fe4b4358
[STATUS-MATCH] Matched status 'Awaiting Build' by name: Awaiting Build -> bf46baa0-8c97-4afe-a65a-a300e43d70e6
[BANKING-MATCH] Found existing banking type 'ERP' -> d9a45733-9624-42c2-afcc-888ce998dbbe
📥 DOWNLOADING ISSUE-LEVEL ATTACHMENTS FOR ISP-1705
   Total files: 3 (5.8 MB)

   [1/3] ⏭️  SKIP: image-20251104-080502.png (already attached)
   [2/3] ⏭️  SKIP: Phone number(ISP-1705).mp4 (already attached)
   [3/3] ⏭️  SKIP: phone-number-field.mp4 (already attached)

📊 Attachment Summary for ISP-1705:
   ✅ Uploaded: 0
   ⏭️  Skipped: 3
   ❌ Failed: 0

[LABEL] Processing 2 label(s) for ISP-1705
[LABEL-MATCH] Found existing label 'New_ERP' (stored as 'new_erp') -> a9f0bd31-9bc0-4a7b-90fc-2ed53a305e8d
[LABEL-SKIP] Label 'new_erp' already attached to ISP-1705
[LABEL-MATCH] Found existing label 'QA' (stored as 'qa') -> f66526ba-6a94-47b5-8239-f9fae5aa2248
[LABEL-SKIP] Label 'qa' already attached to ISP-1705
[LABEL] Completed processing labels for ISP-1705. Total attached: 2
[COMMENTS] Importing 3 comment(s) for ISP-1705...
[USER-MATCH] Matched 'Robert Mbugua Kanyoro' by email: robert.mbugua@craftsilicon.com -> fb1e0a05-f047-4e22-a52b-b9b1fe4b4358
[IMPORT] Added rich text comment by Robert Mbugua Kanyoro to ISP-1705 (id=bd4e100f-80a6-486e-a753-5a9ce424f92d, length=53)
[USER-MATCH] Matched 'Wilberforce Wakhungu' by parsed first+last: wilberforce Wakhungu -> 03c960cf-9cd1-41dc-8a6b-669843030d52
[RICH-TEXT] Comment 2 contains: color
[IMPORT] Added rich text comment by Wilberforce Wakhungu to ISP-1705 (id=8eec0c03-d55a-4510-bf4a-bd7b112651db, length=622)
[USER-MATCH] Matched 'Robert Mbugua Kanyoro' by email: robert.mbugua@craftsilicon.com -> fb1e0a05-f047-4e22-a52b-b9b1fe4b4358
[IMPORT] Added rich text comment by Robert Mbugua Kanyoro to ISP-1705 (id=1f0214ca-b26c-4442-9df2-3b48aacde8e8, length=152)
[DESCRIPTION-VALIDATE] ISP-1705: new_len=371, existing_len=407
[DESCRIPTION-UPDATE] ISP-1705: Updated description (371 chars)
  Previous: <div class="trix-content">
  <p><strong>Repro steps</strong></p>
<p><strong>Actual results</strong></...
  Updated: <p><strong>Repro steps</strong></p>
<p><strong>Actual results</strong></p>
<p>Supplier account is cre...
Processing issue 257/439: ISP-1704
[DEBUG-LABELS] Total labels found for ISP-1704: 2
[USER-MATCH] Matched 'Wilberforce Wakhungu' by parsed first+last: wilberforce Wakhungu -> 03c960cf-9cd1-41dc-8a6b-669843030d52
[USER-MATCH] Matched 'Robert Mbugua Kanyoro' by email: robert.mbugua@craftsilicon.com -> fb1e0a05-f047-4e22-a52b-b9b1fe4b4358
[STATUS-MATCH] Matched status 'Failed-QA' by normalized name: Failed QA -> 42911275-9770-4690-9c7d-9f71e090f491
[BANKING-MATCH] Found existing banking type 'ERP' -> d9a45733-9624-42c2-afcc-888ce998dbbe
📥 DOWNLOADING ISSUE-LEVEL ATTACHMENTS FOR ISP-1704
   Total files: 4 (43.93 MB)

   [1/4] ⏭️  SKIP: Fail-ISP-1704.mp4 (already attached)
   [2/4] ⏭️  SKIP: image-20251027-115203.png (already attached)
   [3/4] ⏭️  SKIP: ISP-1704-Retest-Fail.mp4 (already attached)
   [4/4] ⏭️  SKIP: Requisition(Add Item).mp4 (already attached)

📊 Attachment Summary for ISP-1704:
   ✅ Uploaded: 0
   ⏭️  Skipped: 4
   ❌ Failed: 0

[LABEL] Processing 2 label(s) for ISP-1704
[LABEL-MATCH] Found existing label 'New_ERP' (stored as 'new_erp') -> a9f0bd31-9bc0-4a7b-90fc-2ed53a305e8d
[LABEL-SKIP] Label 'new_erp' already attached to ISP-1704
[LABEL-MATCH] Found existing label 'QA' (stored as 'qa') -> f66526ba-6a94-47b5-8239-f9fae5aa2248
[LABEL-SKIP] Label 'qa' already attached to ISP-1704
[LABEL] Completed processing labels for ISP-1704. Total attached: 2
[COMMENTS] Importing 6 comment(s) for ISP-1704...
[USER-MATCH] Matched 'Robert Mbugua Kanyoro' by email: robert.mbugua@craftsilicon.com -> fb1e0a05-f047-4e22-a52b-b9b1fe4b4358
[IMPORT] Added rich text comment by Robert Mbugua Kanyoro to ISP-1704 (id=da1aacc0-4d01-436b-802a-22d49c9b5d6e, length=208)
[USER-MATCH] Matched 'Wilberforce Wakhungu' by parsed first+last: wilberforce Wakhungu -> 03c960cf-9cd1-41dc-8a6b-669843030d52
[IMPORT] Added rich text comment by Wilberforce Wakhungu to ISP-1704 (id=08975914-26e1-4c51-9e6e-67b7a0cadcc6, length=151)
[USER-MATCH] Matched 'Wilberforce Wakhungu' by parsed first+last: wilberforce Wakhungu -> 03c960cf-9cd1-41dc-8a6b-669843030d52
[IMPORT] Added rich text comment by Wilberforce Wakhungu to ISP-1704 (id=581f6fe7-06fc-428b-b7df-b10727c37104, length=221)
[USER-MATCH] Matched 'Wilberforce Wakhungu' by parsed first+last: wilberforce Wakhungu -> 03c960cf-9cd1-41dc-8a6b-669843030d52
[RICH-TEXT] Comment 4 contains: color
[IMPORT] Added rich text comment by Wilberforce Wakhungu to ISP-1704 (id=174035f9-7151-432e-b68f-4bb0ae338960, length=351)
[USER-MATCH] Matched 'Robert Mbugua Kanyoro' by email: robert.mbugua@craftsilicon.com -> fb1e0a05-f047-4e22-a52b-b9b1fe4b4358
[IMPORT] Added rich text comment by Robert Mbugua Kanyoro to ISP-1704 (id=0b92acfb-0e5a-41fc-8747-dd8aa1a241b7, length=171)
[USER-MATCH] Matched 'Wilberforce Wakhungu' by parsed first+last: wilberforce Wakhungu -> 03c960cf-9cd1-41dc-8a6b-669843030d52
[RICH-TEXT] Comment 6 contains: color
[IMPORT] Added rich text comment by Wilberforce Wakhungu to ISP-1704 (id=4b0d56f9-7655-4e59-bd69-8a3171f7dc5f, length=406)
[DESCRIPTION-VALIDATE] ISP-1704: new_len=332, existing_len=368
[DESCRIPTION-UPDATE] ISP-1704: Updated description (332 chars)
  Previous: <div class="trix-content">
  <h3><strong>Repro Steps:</strong></h3>
<h3><strong>Actual Results:</stro...
  Updated: <h3><strong>Repro Steps:</strong></h3>
<h3><strong>Actual Results:</strong></h3>
<p>The system displa...
Processing issue 258/439: ISP-1703
[DEBUG-LABELS] Total labels found for ISP-1703: 2
[USER-FALLBACK] Using default user for 'Stephen Mungai' -> b3613172-fc54-4742-b2ba-c10b97d15bf4
[USER-FALLBACK] Using default user for 'Stephen Mungai' -> b3613172-fc54-4742-b2ba-c10b97d15bf4
[STATUS-MATCH] Matched status 'Closed' by name: Closed -> 8c60b5b6-b9e9-405d-8d7d-d672cb9b23f1
[BANKING-MATCH] Found existing banking type 'ERP' -> d9a45733-9624-42c2-afcc-888ce998dbbe
📥 DOWNLOADING ISSUE-LEVEL ATTACHMENTS FOR ISP-1703
   Total files: 2 (5.47 MB)

   [1/2] ⏭️  SKIP: ISP-1703+PASS.mov (already attached)
   [2/2] ⏭️  SKIP: Role Cannot Delete & Can Assign user to 2 different roles.mp4 (already attached)

📊 Attachment Summary for ISP-1703:
   ✅ Uploaded: 0
   ⏭️  Skipped: 2
   ❌ Failed: 0

[LABEL] Processing 2 label(s) for ISP-1703
[LABEL-MATCH] Found existing label 'New_ERP' (stored as 'new_erp') -> a9f0bd31-9bc0-4a7b-90fc-2ed53a305e8d
[LABEL-SKIP] Label 'new_erp' already attached to ISP-1703
[LABEL-MATCH] Found existing label 'QA' (stored as 'qa') -> f66526ba-6a94-47b5-8239-f9fae5aa2248
[LABEL-SKIP] Label 'qa' already attached to ISP-1703
[LABEL] Completed processing labels for ISP-1703. Total attached: 2
[COMMENTS] Importing 2 comment(s) for ISP-1703...
[USER-MATCH] Matched 'Robert Mbugua Kanyoro' by email: robert.mbugua@craftsilicon.com -> fb1e0a05-f047-4e22-a52b-b9b1fe4b4358
[IMPORT] Added rich text comment by Robert Mbugua Kanyoro to ISP-1703 (id=13503121-871d-4d87-bc09-5a92bb651918, length=42)
[USER-MATCH] Matched 'Michael Wakhungu' by parsed first+last: Michael Wakhungu -> 597e3fd3-bd8d-4416-b3c9-e513fe79905f
[RICH-TEXT] Comment 2 contains: color
[IMPORT] Added rich text comment by Michael Wakhungu to ISP-1703 (id=a8003bf6-b2b6-4371-8f7d-96cfe743a308, length=440)
[DESCRIPTION-VALIDATE] ISP-1703: new_len=348, existing_len=392
[DESCRIPTION-UPDATE] ISP-1703: Updated description (348 chars)
  Previous: <div class="trix-content">
  <p><strong>Repro Steps:</strong></p>
<p><strong>Expected Results:</stron...
  Updated: <p><strong>Repro Steps:</strong></p>
<p><strong>Expected Results:</strong></p>
<p>User with <strong>U...
Processing issue 259/439: ISP-1702
[DEBUG-LABELS] Total labels found for ISP-1702: 2
[USER-MATCH] Matched 'nicholas.mbithuka' by parsed first+last: nicholas Mbithuka -> a4ac82e1-0812-4298-a390-eb72c4248f1a
[USER-MATCH] Matched 'nicholas.mbithuka' by parsed first+last: nicholas Mbithuka -> a4ac82e1-0812-4298-a390-eb72c4248f1a
[STATUS-MATCH] Matched status 'Closed' by name: Closed -> 8c60b5b6-b9e9-405d-8d7d-d672cb9b23f1
[BANKING-MATCH] Found existing banking type 'ERP' -> d9a45733-9624-42c2-afcc-888ce998dbbe
📥 DOWNLOADING ISSUE-LEVEL ATTACHMENTS FOR ISP-1702
   Total files: 3 (3.06 MB)

   [1/3] ⏭️  SKIP: br-erp-password-recovery-no-visibility-toggle_ddiLoMut.mp4 (already attached)
   [2/3] ⏭️  SKIP: image-20251015-140020.png (already attached)
   [3/3] ⏭️  SKIP: retest-erp-1702-pass_ZdKUn7Tf.mp4 (already attached)

📊 Attachment Summary for ISP-1702:
   ✅ Uploaded: 0
   ⏭️  Skipped: 3
   ❌ Failed: 0

[LABEL] Processing 2 label(s) for ISP-1702
[LABEL-MATCH] Found existing label 'New_ERP' (stored as 'new_erp') -> a9f0bd31-9bc0-4a7b-90fc-2ed53a305e8d
[LABEL-SKIP] Label 'new_erp' already attached to ISP-1702
[LABEL-MATCH] Found existing label 'QA' (stored as 'qa') -> f66526ba-6a94-47b5-8239-f9fae5aa2248
[LABEL-SKIP] Label 'qa' already attached to ISP-1702
[LABEL] Completed processing labels for ISP-1702. Total attached: 2
[COMMENTS] Importing 2 comment(s) for ISP-1702...
[USER-MATCH] Matched 'Robert Mbugua Kanyoro' by email: robert.mbugua@craftsilicon.com -> fb1e0a05-f047-4e22-a52b-b9b1fe4b4358
[IMPORT] Added rich text comment by Robert Mbugua Kanyoro to ISP-1702 (id=d7742641-25c4-4074-a082-a20548014b7a, length=27)
[USER-MATCH] Matched 'nicholas.mbithuka' by parsed first+last: nicholas Mbithuka -> a4ac82e1-0812-4298-a390-eb72c4248f1a
[IMPORT] Added rich text comment by nicholas.mbithuka to ISP-1702 (id=8d989741-6707-4d28-9bcc-6e98d5197599, length=150)
[DESCRIPTION-VALIDATE] ISP-1702: new_len=633, existing_len=669
[DESCRIPTION-UPDATE] ISP-1702: Updated description (633 chars)
  Previous: <div class="trix-content">
  <p><strong>Repro Steps:</strong></p>
<p>Launch BR_ERP application. Navig...
  Updated: <p><strong>Repro Steps:</strong></p>
<p>Launch BR_ERP application. Navigate to the Login screen and c...
Processing issue 260/439: ISP-1611
[DEBUG-LABELS] Total labels found for ISP-1611: 1
[USER-MATCH] Matched 'Wilberforce Wakhungu' by parsed first+last: wilberforce Wakhungu -> 03c960cf-9cd1-41dc-8a6b-669843030d52
[USER-MATCH] Matched 'Robert Mbugua Kanyoro' by email: robert.mbugua@craftsilicon.com -> fb1e0a05-f047-4e22-a52b-b9b1fe4b4358
[STATUS-MATCH] Matched status 'Failed-QA' by normalized name: Failed QA -> 42911275-9770-4690-9c7d-9f71e090f491
[BANKING-MATCH] Found existing banking type 'ERP' -> d9a45733-9624-42c2-afcc-888ce998dbbe
📥 DOWNLOADING ISSUE-LEVEL ATTACHMENTS FOR ISP-1611
   Total files: 2 (23.84 MB)

   [1/2] 📥 Downloading: Fail-ISP-1611.mp4 (20.11 MB)
  Attempt 1/5: Downloading from https://craftsilicon.atlassian.net/rest/api/3/attachment/content/128876...
  Following redirect 1/6 to: https://api.media.atlassian.com/file/885c4b83-7ce6-4c18-abb1-f03da51c5394/binary?token=eyJhbGciOiJIUzI1NiJ9.eyJpc3MiOiJiN...
  Attempt 1/5: Downloading from https://api.media.atlassian.com/file/885c4b83-7ce6-4c18-abb1-f03da51c5394/binary?token=eyJhbGciOiJIUzI1NiJ9.eyJpc3MiOiJiN...
  📊 Downloaded 10.0/20.11 MB...
  📊 Downloaded 20.0/20.11 MB...
  ✅ Downloaded 21082497 bytes successfully
   ✅ Successfully attached: Fail-ISP-1611.mp4 (verified in storage)
  Attached Fail-ISP-1611.mp4 to defect ISP-1611 (service_exists=true)
   [2/2] 📥 Downloading: Stock transfer(Edit-all).mp4 (3.74 MB)
  Attempt 1/3: Downloading from https://craftsilicon.atlassian.net/rest/api/3/attachment/content/124918...
  Following redirect 1/6 to: https://api.media.atlassian.com/file/2526cb13-db5f-4f74-aab6-2431836c2bf0/binary?token=eyJhbGciOiJIUzI1NiJ9.eyJpc3MiOiJiN...
  Attempt 1/3: Downloading from https://api.media.atlassian.com/file/2526cb13-db5f-4f74-aab6-2431836c2bf0/binary?token=eyJhbGciOiJIUzI1NiJ9.eyJpc3MiOiJiN...
  ✅ Downloaded 3920389 bytes successfully
   ✅ Successfully attached: Stock transfer(Edit-all).mp4 (verified in storage)
  Attached Stock transfer(Edit-all).mp4 to defect ISP-1611 (service_exists=true)

📊 Attachment Summary for ISP-1611:
   ✅ Uploaded: 2
   ⏭️  Skipped: 0
   ❌ Failed: 0

[LABEL] Processing 1 label(s) for ISP-1611
[LABEL-MATCH] Found existing label 'QA' (stored as 'qa') -> f66526ba-6a94-47b5-8239-f9fae5aa2248
[LABEL-ATTACH] Successfully attached label 'qa' (ID: f66526ba-6a94-47b5-8239-f9fae5aa2248) to ISP-1611
[LABEL] Completed processing labels for ISP-1611. Total attached: 1
[COMMENTS] Importing 2 comment(s) for ISP-1611...
[USER-MATCH] Matched 'Robert Mbugua Kanyoro' by email: robert.mbugua@craftsilicon.com -> fb1e0a05-f047-4e22-a52b-b9b1fe4b4358
[IMPORT] Added rich text comment by Robert Mbugua Kanyoro to ISP-1611 (id=11247cdc-cd85-4e5d-be14-9cd246a92aec, length=106)
[USER-MATCH] Matched 'Wilberforce Wakhungu' by parsed first+last: wilberforce Wakhungu -> 03c960cf-9cd1-41dc-8a6b-669843030d52
[IMPORT] Added rich text comment by Wilberforce Wakhungu to ISP-1611 (id=0fe11f8d-bd73-4309-9884-173aa85eb8d8, length=72)
[DESCRIPTION-VALIDATE] ISP-1611: new_len=313, existing_len=349
[DESCRIPTION-UPDATE] ISP-1611: Updated description (313 chars)
  Previous: <div class="trix-content">
  <p><strong>Repro steps</strong></p>
<p><strong>Expected results</strong>...
  Updated: <p><strong>Repro steps</strong></p>
<p><strong>Expected results</strong></p>
<p>Note: All permissions...
Processing issue 261/439: ISP-1610
[DEBUG-LABELS] Total labels found for ISP-1610: 1
[USER-MATCH] Matched 'Wilberforce Wakhungu' by parsed first+last: wilberforce Wakhungu -> 03c960cf-9cd1-41dc-8a6b-669843030d52
[USER-MATCH] Matched 'Wilberforce Wakhungu' by parsed first+last: wilberforce Wakhungu -> 03c960cf-9cd1-41dc-8a6b-669843030d52
[STATUS-MATCH] Matched status 'Closed' by name: Closed -> 8c60b5b6-b9e9-405d-8d7d-d672cb9b23f1
[BANKING-MATCH] Found existing banking type 'ERP' -> d9a45733-9624-42c2-afcc-888ce998dbbe
📥 DOWNLOADING ISSUE-LEVEL ATTACHMENTS FOR ISP-1610
   Total files: 2 (9.18 MB)

   [1/2] 📥 Downloading: Pass-ISP-1610.mp4 (7.18 MB)
  Attempt 1/3: Downloading from https://craftsilicon.atlassian.net/rest/api/3/attachment/content/128872...
  Following redirect 1/6 to: https://api.media.atlassian.com/file/b89c5369-9c2b-4cde-a168-eafe6f4af84a/binary?token=eyJhbGciOiJIUzI1NiJ9.eyJpc3MiOiJiN...
  Attempt 1/3: Downloading from https://api.media.atlassian.com/file/b89c5369-9c2b-4cde-a168-eafe6f4af84a/binary?token=eyJhbGciOiJIUzI1NiJ9.eyJpc3MiOiJiN...
  ✅ Downloaded 7530697 bytes successfully
   ✅ Successfully attached: Pass-ISP-1610.mp4 (verified in storage)
  Attached Pass-ISP-1610.mp4 to defect ISP-1610 (service_exists=true)
   [2/2] 📥 Downloading: Stock items(Cancel adds).mp4 (2.0 MB)
  Attempt 1/3: Downloading from https://craftsilicon.atlassian.net/rest/api/3/attachment/content/124915...
  Following redirect 1/6 to: https://api.media.atlassian.com/file/11b1169e-5312-4a27-8991-ea71e7f96ec3/binary?token=eyJhbGciOiJIUzI1NiJ9.eyJpc3MiOiJiN...
  Attempt 1/3: Downloading from https://api.media.atlassian.com/file/11b1169e-5312-4a27-8991-ea71e7f96ec3/binary?token=eyJhbGciOiJIUzI1NiJ9.eyJpc3MiOiJiN...
  ✅ Downloaded 2093751 bytes successfully
   ✅ Successfully attached: Stock items(Cancel adds).mp4 (verified in storage)
  Attached Stock items(Cancel adds).mp4 to defect ISP-1610 (service_exists=true)

📊 Attachment Summary for ISP-1610:
   ✅ Uploaded: 2
   ⏭️  Skipped: 0
   ❌ Failed: 0

[LABEL] Processing 1 label(s) for ISP-1610
[LABEL-MATCH] Found existing label 'QA' (stored as 'qa') -> f66526ba-6a94-47b5-8239-f9fae5aa2248
[LABEL-ATTACH] Successfully attached label 'qa' (ID: f66526ba-6a94-47b5-8239-f9fae5aa2248) to ISP-1610
[LABEL] Completed processing labels for ISP-1610. Total attached: 1
[COMMENTS] Importing 2 comment(s) for ISP-1610...
[USER-MATCH] Matched 'Robert Mbugua Kanyoro' by email: robert.mbugua@craftsilicon.com -> fb1e0a05-f047-4e22-a52b-b9b1fe4b4358
[IMPORT] Added rich text comment by Robert Mbugua Kanyoro to ISP-1610 (id=990f2b2f-2eb6-4adf-b18c-21452592f3dc, length=145)
[USER-MATCH] Matched 'Wilberforce Wakhungu' by parsed first+last: wilberforce Wakhungu -> 03c960cf-9cd1-41dc-8a6b-669843030d52
[RICH-TEXT] Comment 2 contains: color
[IMPORT] Added rich text comment by Wilberforce Wakhungu to ISP-1610 (id=96692124-cf76-439f-ac28-56984663cfb4, length=259)
[DESCRIPTION-VALIDATE] ISP-1610: new_len=332, existing_len=368
[DESCRIPTION-UPDATE] ISP-1610: Updated description (332 chars)
  Previous: <div class="trix-content">
  <p><strong>Repro steps</strong></p>
<p><strong>Actual results</strong></...
  Updated: <p><strong>Repro steps</strong></p>
<p><strong>Actual results</strong></p>
<p>System displays a succe...
Processing issue 262/439: ISP-1609
[DEBUG-LABELS] Total labels found for ISP-1609: 1
[USER-MATCH] Matched 'Wilberforce Wakhungu' by parsed first+last: wilberforce Wakhungu -> 03c960cf-9cd1-41dc-8a6b-669843030d52
[USER-MATCH] Matched 'Wilberforce Wakhungu' by parsed first+last: wilberforce Wakhungu -> 03c960cf-9cd1-41dc-8a6b-669843030d52
[STATUS-MATCH] Matched status 'Closed' by name: Closed -> 8c60b5b6-b9e9-405d-8d7d-d672cb9b23f1
[BANKING-MATCH] Found existing banking type 'ERP' -> d9a45733-9624-42c2-afcc-888ce998dbbe
📥 DOWNLOADING ISSUE-LEVEL ATTACHMENTS FOR ISP-1609
   Total files: 5 (21.63 MB)

   [1/5] 📥 Downloading: image-20251112-071941.png (0.02 MB)
  Attempt 1/3: Downloading from https://craftsilicon.atlassian.net/rest/api/3/attachment/content/128809...
  Following redirect 1/6 to: https://api.media.atlassian.com/file/0e0f8895-0016-4aed-ab7f-f324d82002fd/binary?token=eyJhbGciOiJIUzI1NiJ9.eyJpc3MiOiJiN...
  Attempt 1/3: Downloading from https://api.media.atlassian.com/file/0e0f8895-0016-4aed-ab7f-f324d82002fd/binary?token=eyJhbGciOiJIUzI1NiJ9.eyJpc3MiOiJiN...
  ✅ Downloaded 15745 bytes successfully
   ✅ Successfully attached: image-20251112-071941.png (verified in storage)
  Attached image-20251112-071941.png to defect ISP-1609 (service_exists=true)
   [2/5] 📥 Downloading: image-20251112-072056.png (0.07 MB)
  Attempt 1/3: Downloading from https://craftsilicon.atlassian.net/rest/api/3/attachment/content/128810...
  Following redirect 1/6 to: https://api.media.atlassian.com/file/344e867f-b8f4-4c4e-ade0-98460456daca/binary?token=eyJhbGciOiJIUzI1NiJ9.eyJpc3MiOiJiN...
  Attempt 1/3: Downloading from https://api.media.atlassian.com/file/344e867f-b8f4-4c4e-ade0-98460456daca/binary?token=eyJhbGciOiJIUzI1NiJ9.eyJpc3MiOiJiN...
  ✅ Downloaded 75755 bytes successfully
   ✅ Successfully attached: image-20251112-072056.png (verified in storage)
  Attached image-20251112-072056.png to defect ISP-1609 (service_exists=true)
   [3/5] 📥 Downloading: Pass-ISP-1609.mp4 (12.47 MB)
  Attempt 1/3: Downloading from https://craftsilicon.atlassian.net/rest/api/3/attachment/content/128871...
  Following redirect 1/6 to: https://api.media.atlassian.com/file/2d587130-a3d6-4bf7-b7d7-fdf66f3ec022/binary?token=eyJhbGciOiJIUzI1NiJ9.eyJpc3MiOiJiN...
  Attempt 1/3: Downloading from https://api.media.atlassian.com/file/2d587130-a3d6-4bf7-b7d7-fdf66f3ec022/binary?token=eyJhbGciOiJIUzI1NiJ9.eyJpc3MiOiJiN...
  📊 Downloaded 10.0/12.47 MB...
  ✅ Downloaded 13075418 bytes successfully
   ✅ Successfully attached: Pass-ISP-1609.mp4 (verified in storage)
  Attached Pass-ISP-1609.mp4 to defect ISP-1609 (service_exists=true)
   [4/5] 📥 Downloading: Price management(Upload update).mp4 (3.69 MB)
  Attempt 1/3: Downloading from https://craftsilicon.atlassian.net/rest/api/3/attachment/content/124867...
  Following redirect 1/6 to: https://api.media.atlassian.com/file/fa5aa936-5e34-47a2-b75e-e438808fa010/binary?token=eyJhbGciOiJIUzI1NiJ9.eyJpc3MiOiJiN...
  Attempt 1/3: Downloading from https://api.media.atlassian.com/file/fa5aa936-5e34-47a2-b75e-e438808fa010/binary?token=eyJhbGciOiJIUzI1NiJ9.eyJpc3MiOiJiN...
  ✅ Downloaded 3869508 bytes successfully
   ✅ Successfully attached: Price management(Upload update).mp4 (verified in storage)
  Attached Price management(Upload update).mp4 to defect ISP-1609 (service_exists=true)
   [5/5] 📥 Downloading: Reference (Upload).mp4 (5.39 MB)
  Attempt 1/3: Downloading from https://craftsilicon.atlassian.net/rest/api/3/attachment/content/124868...
  Following redirect 1/6 to: https://api.media.atlassian.com/file/6e44cb43-2d7b-4633-b125-08711eba2b2c/binary?token=eyJhbGciOiJIUzI1NiJ9.eyJpc3MiOiJiN...
  Attempt 1/3: Downloading from https://api.media.atlassian.com/file/6e44cb43-2d7b-4633-b125-08711eba2b2c/binary?token=eyJhbGciOiJIUzI1NiJ9.eyJpc3MiOiJiN...
  ✅ Downloaded 5647103 bytes successfully
   ✅ Successfully attached: Reference (Upload).mp4 (verified in storage)
  Attached Reference (Upload).mp4 to defect ISP-1609 (service_exists=true)

📊 Attachment Summary for ISP-1609:
   ✅ Uploaded: 5
   ⏭️  Skipped: 0
   ❌ Failed: 0

[LABEL] Processing 1 label(s) for ISP-1609
[LABEL-MATCH] Found existing label 'QA' (stored as 'qa') -> f66526ba-6a94-47b5-8239-f9fae5aa2248
[LABEL-ATTACH] Successfully attached label 'qa' (ID: f66526ba-6a94-47b5-8239-f9fae5aa2248) to ISP-1609
[LABEL] Completed processing labels for ISP-1609. Total attached: 1
[COMMENTS] Importing 2 comment(s) for ISP-1609...
[USER-MATCH] Matched 'Robert Mbugua Kanyoro' by email: robert.mbugua@craftsilicon.com -> fb1e0a05-f047-4e22-a52b-b9b1fe4b4358
[IMPORT] Added rich text comment by Robert Mbugua Kanyoro to ISP-1609 (id=0d9d0770-04b9-4c9e-a8bf-7216e1893734, length=95)
[USER-MATCH] Matched 'Wilberforce Wakhungu' by parsed first+last: wilberforce Wakhungu -> 03c960cf-9cd1-41dc-8a6b-669843030d52
[RICH-TEXT] Comment 2 contains: color
[IMPORT] Added rich text comment by Wilberforce Wakhungu to ISP-1609 (id=bf5b1cb0-9c7b-4b3b-8ef2-a45a38ccf9f8, length=223)
[DESCRIPTION-VALIDATE] ISP-1609: new_len=329, existing_len=365
[DESCRIPTION-UPDATE] ISP-1609: Updated description (329 chars)
  Previous: <div class="trix-content">
  <p><strong>Repro steps</strong></p>
<p><strong>Actual results</strong></...
  Updated: <p><strong>Repro steps</strong></p>
<p><strong>Actual results</strong></p>
<p>Uploaded price list doe...
Processing issue 263/439: ISP-1608
[DEBUG-LABELS] Total labels found for ISP-1608: 1
[USER-MATCH] Matched 'Wilberforce Wakhungu' by parsed first+last: wilberforce Wakhungu -> 03c960cf-9cd1-41dc-8a6b-669843030d52
[USER-MATCH] Matched 'Daniel Mbugua' by parsed first+last: Daniel Mbugua -> 6715b9f3-0d67-4dc0-b8c7-dd0cc9e3740a
[STATUS-MATCH] Matched status 'Awaiting Build' by name: Awaiting Build -> bf46baa0-8c97-4afe-a65a-a300e43d70e6
[BANKING-MATCH] Found existing banking type 'ERP' -> d9a45733-9624-42c2-afcc-888ce998dbbe
📥 DOWNLOADING ISSUE-LEVEL ATTACHMENTS FOR ISP-1608
   Total files: 2 (1.71 MB)

   [1/2] 📥 Downloading: stock transfer(delete approved).mp4 (0.95 MB)
  Attempt 1/3: Downloading from https://craftsilicon.atlassian.net/rest/api/3/attachment/content/124863...
  Following redirect 1/6 to: https://api.media.atlassian.com/file/e8e3dc43-73e2-4b72-a22a-d5c204221823/binary?token=eyJhbGciOiJIUzI1NiJ9.eyJpc3MiOiJiN...
  Attempt 1/3: Downloading from https://api.media.atlassian.com/file/e8e3dc43-73e2-4b72-a22a-d5c204221823/binary?token=eyJhbGciOiJIUzI1NiJ9.eyJpc3MiOiJiN...
  ✅ Downloaded 992570 bytes successfully
   ✅ Successfully attached: stock transfer(delete approved).mp4 (verified in storage)
  Attached stock transfer(delete approved).mp4 to defect ISP-1608 (service_exists=true)
   [2/2] 📥 Downloading: Stock transfer(delete Rejected).mp4 (0.76 MB)
  Attempt 1/3: Downloading from https://craftsilicon.atlassian.net/rest/api/3/attachment/content/124864...
  Following redirect 1/6 to: https://api.media.atlassian.com/file/b510b8fd-8529-4122-a594-1e3acf5de6f5/binary?token=eyJhbGciOiJIUzI1NiJ9.eyJpc3MiOiJiN...
  Attempt 1/3: Downloading from https://api.media.atlassian.com/file/b510b8fd-8529-4122-a594-1e3acf5de6f5/binary?token=eyJhbGciOiJIUzI1NiJ9.eyJpc3MiOiJiN...
  ✅ Downloaded 799832 bytes successfully
   ✅ Successfully attached: Stock transfer(delete Rejected).mp4 (verified in storage)
  Attached Stock transfer(delete Rejected).mp4 to defect ISP-1608 (service_exists=true)

📊 Attachment Summary for ISP-1608:
   ✅ Uploaded: 2
   ⏭️  Skipped: 0
   ❌ Failed: 0

[LABEL] Processing 1 label(s) for ISP-1608
[LABEL-MATCH] Found existing label 'QA' (stored as 'qa') -> f66526ba-6a94-47b5-8239-f9fae5aa2248
[LABEL-ATTACH] Successfully attached label 'qa' (ID: f66526ba-6a94-47b5-8239-f9fae5aa2248) to ISP-1608
[LABEL] Completed processing labels for ISP-1608. Total attached: 1
[DESCRIPTION-VALIDATE] ISP-1608: new_len=569, existing_len=617
[DESCRIPTION-UPDATE] ISP-1608: Updated description (569 chars)
  Previous: <div class="trix-content">
  <p><strong>Repro steps</strong></p>
<p><strong>Actual results</strong></...
  Updated: <p><strong>Repro steps</strong></p>
<p><strong>Actual results</strong></p>
<p>The Rejected/ Approved ...
Processing issue 264/439: ISP-1603
[DEBUG-LABELS] Total labels found for ISP-1603: 1
[USER-MATCH] Matched 'Wilberforce Wakhungu' by parsed first+last: wilberforce Wakhungu -> 03c960cf-9cd1-41dc-8a6b-669843030d52
[USER-MATCH] Matched 'Wilberforce Wakhungu' by parsed first+last: wilberforce Wakhungu -> 03c960cf-9cd1-41dc-8a6b-669843030d52
[STATUS-MATCH] Matched status 'Closed' by name: Closed -> 8c60b5b6-b9e9-405d-8d7d-d672cb9b23f1
[BANKING-MATCH] Found existing banking type 'ERP' -> d9a45733-9624-42c2-afcc-888ce998dbbe
📥 DOWNLOADING ISSUE-LEVEL ATTACHMENTS FOR ISP-1603
   Total files: 3 (9.48 MB)

   [1/3] 📥 Downloading: image-20251112-065946.png (0.12 MB)
  Attempt 1/3: Downloading from https://craftsilicon.atlassian.net/rest/api/3/attachment/content/128806...
  Following redirect 1/6 to: https://api.media.atlassian.com/file/2610ca27-ff7a-41e9-92bf-08683a016dea/binary?token=eyJhbGciOiJIUzI1NiJ9.eyJpc3MiOiJiN...
  Attempt 1/3: Downloading from https://api.media.atlassian.com/file/2610ca27-ff7a-41e9-92bf-08683a016dea/binary?token=eyJhbGciOiJIUzI1NiJ9.eyJpc3MiOiJiN...
  ✅ Downloaded 121864 bytes successfully
   ✅ Successfully attached: image-20251112-065946.png (verified in storage)
  Attached image-20251112-065946.png to defect ISP-1603 (service_exists=true)
   [2/3] 📥 Downloading: Pass-ISP-1603.mp4 (8.43 MB)
  Attempt 1/3: Downloading from https://craftsilicon.atlassian.net/rest/api/3/attachment/content/128811...
  Following redirect 1/6 to: https://api.media.atlassian.com/file/9a3719d1-3b39-476e-bd65-335aa1e9e887/binary?token=eyJhbGciOiJIUzI1NiJ9.eyJpc3MiOiJiN...
  Attempt 1/3: Downloading from https://api.media.atlassian.com/file/9a3719d1-3b39-476e-bd65-335aa1e9e887/binary?token=eyJhbGciOiJIUzI1NiJ9.eyJpc3MiOiJiN...
  ✅ Downloaded 8842275 bytes successfully
   ✅ Successfully attached: Pass-ISP-1603.mp4 (verified in storage)
  Attached Pass-ISP-1603.mp4 to defect ISP-1603 (service_exists=true)
   [3/3] 📥 Downloading: Price Management(Price ID).mp4 (0.93 MB)
  Attempt 1/3: Downloading from https://craftsilicon.atlassian.net/rest/api/3/attachment/content/124733...
  Following redirect 1/6 to: https://api.media.atlassian.com/file/6e908551-f82e-46d6-bb9e-687f939ee380/binary?token=eyJhbGciOiJIUzI1NiJ9.eyJpc3MiOiJiN...
  Attempt 1/3: Downloading from https://api.media.atlassian.com/file/6e908551-f82e-46d6-bb9e-687f939ee380/binary?token=eyJhbGciOiJIUzI1NiJ9.eyJpc3MiOiJiN...
  ✅ Downloaded 978125 bytes successfully
   ✅ Successfully attached: Price Management(Price ID).mp4 (verified in storage)
  Attached Price Management(Price ID).mp4 to defect ISP-1603 (service_exists=true)

📊 Attachment Summary for ISP-1603:
   ✅ Uploaded: 3
   ⏭️  Skipped: 0
   ❌ Failed: 0

[LABEL] Processing 1 label(s) for ISP-1603
[LABEL-MATCH] Found existing label 'QA' (stored as 'qa') -> f66526ba-6a94-47b5-8239-f9fae5aa2248
[LABEL-ATTACH] Successfully attached label 'qa' (ID: f66526ba-6a94-47b5-8239-f9fae5aa2248) to ISP-1603
[LABEL] Completed processing labels for ISP-1603. Total attached: 1
[COMMENTS] Importing 2 comment(s) for ISP-1603...
[USER-MATCH] Matched 'Robert Mbugua Kanyoro' by email: robert.mbugua@craftsilicon.com -> fb1e0a05-f047-4e22-a52b-b9b1fe4b4358
[IMPORT] Added rich text comment by Robert Mbugua Kanyoro to ISP-1603 (id=c4acbebe-e40d-4f4c-8060-2bef77a021f4, length=93)
[USER-MATCH] Matched 'Wilberforce Wakhungu' by parsed first+last: wilberforce Wakhungu -> 03c960cf-9cd1-41dc-8a6b-669843030d52
[RICH-TEXT] Comment 2 contains: color
[IMPORT] Added rich text comment by Wilberforce Wakhungu to ISP-1603 (id=923dfde4-981c-4b6a-b804-dfc01efb4776, length=208)
[DESCRIPTION-VALIDATE] ISP-1603: new_len=239, existing_len=275
[DESCRIPTION-UPDATE] ISP-1603: Updated description (239 chars)
  Previous: <div class="trix-content">
  <p>Repro steps</p>
<p>Actual results</p>
<p>Price ID is populated with t...
  Updated: <p>Repro steps</p>
<p>Actual results</p>
<p>Price ID is populated with the same ID for all created it...
Processing issue 265/439: ISP-1567
[DEBUG-LABELS] Total labels found for ISP-1567: 1
[USER-MATCH] Matched 'Michael Wakhungu' by parsed first+last: Michael Wakhungu -> 597e3fd3-bd8d-4416-b3c9-e513fe79905f
[USER-MATCH] Matched 'Mureithi Maina' by parsed first+last: Mureithi Maina -> 48b6b96d-6b97-44ef-b692-40a2ad9d967e
[STATUS-MATCH] Matched status 'In Progress' by name: In Progress -> c805a0e9-73fc-4726-a1ab-d28b9a36469e
[BANKING-MATCH] Found existing banking type 'ERP' -> d9a45733-9624-42c2-afcc-888ce998dbbe
📥 DOWNLOADING ISSUE-LEVEL ATTACHMENTS FOR ISP-1567
   Total files: 1 (3.66 MB)

   [1/1] 📥 Downloading: ISP-1567.mov (3.66 MB)
  Attempt 1/3: Downloading from https://craftsilicon.atlassian.net/rest/api/3/attachment/content/123733...
  Following redirect 1/6 to: https://api.media.atlassian.com/file/43134564-26d5-444b-ad64-0bf1623fed4c/binary?token=eyJhbGciOiJIUzI1NiJ9.eyJpc3MiOiJiN...
  Attempt 1/3: Downloading from https://api.media.atlassian.com/file/43134564-26d5-444b-ad64-0bf1623fed4c/binary?token=eyJhbGciOiJIUzI1NiJ9.eyJpc3MiOiJiN...
  ✅ Downloaded 3833708 bytes successfully
   ✅ Successfully attached: ISP-1567.mov (verified in storage)
  Attached ISP-1567.mov to defect ISP-1567 (service_exists=true)

📊 Attachment Summary for ISP-1567:
   ✅ Uploaded: 1
   ⏭️  Skipped: 0
   ❌ Failed: 0

[LABEL] Processing 1 label(s) for ISP-1567
[LABEL-MATCH] Found existing label 'QA' (stored as 'qa') -> f66526ba-6a94-47b5-8239-f9fae5aa2248
[LABEL-ATTACH] Successfully attached label 'qa' (ID: f66526ba-6a94-47b5-8239-f9fae5aa2248) to ISP-1567
[LABEL] Completed processing labels for ISP-1567. Total attached: 1
[COMMENTS] Importing 1 comment(s) for ISP-1567...
[USER-MATCH] Matched 'Robert Mbugua Kanyoro' by email: robert.mbugua@craftsilicon.com -> fb1e0a05-f047-4e22-a52b-b9b1fe4b4358
[IMPORT] Added rich text comment by Robert Mbugua Kanyoro to ISP-1567 (id=19b4db5f-78ce-4449-87b2-5873350584c4, length=18)
[DESCRIPTION-VALIDATE] ISP-1567: new_len=120, existing_len=156
[DESCRIPTION-UPDATE] ISP-1567: Updated description (120 chars)
  Previous: <div class="trix-content">
  <p><strong>Repro Steps:</strong></p>
<p><strong>Actual Results -</strong...
  Updated: <p><strong>Repro Steps:</strong></p>
<p><strong>Actual Results -</strong></p>
<p><strong>Expected Res...
Processing issue 266/439: ISP-1566
[DEBUG-LABELS] Total labels found for ISP-1566: 1
[USER-MATCH] Matched 'Michael Wakhungu' by parsed first+last: Michael Wakhungu -> 597e3fd3-bd8d-4416-b3c9-e513fe79905f
[USER-MATCH] Matched 'Mureithi Maina' by parsed first+last: Mureithi Maina -> 48b6b96d-6b97-44ef-b692-40a2ad9d967e
[STATUS-MATCH] Matched status 'In Progress' by name: In Progress -> c805a0e9-73fc-4726-a1ab-d28b9a36469e
[BANKING-MATCH] Found existing banking type 'ERP' -> d9a45733-9624-42c2-afcc-888ce998dbbe
📥 DOWNLOADING ISSUE-LEVEL ATTACHMENTS FOR ISP-1566
   Total files: 1 (5.72 MB)

   [1/1] 📥 Downloading: ISP-1566.mov (5.72 MB)
  Attempt 1/3: Downloading from https://craftsilicon.atlassian.net/rest/api/3/attachment/content/123732...
  Following redirect 1/6 to: https://api.media.atlassian.com/file/b9320893-73d8-405a-add0-3be54c653367/binary?token=eyJhbGciOiJIUzI1NiJ9.eyJpc3MiOiJiN...
  Attempt 1/3: Downloading from https://api.media.atlassian.com/file/b9320893-73d8-405a-add0-3be54c653367/binary?token=eyJhbGciOiJIUzI1NiJ9.eyJpc3MiOiJiN...
  ✅ Downloaded 5994079 bytes successfully
   ✅ Successfully attached: ISP-1566.mov (verified in storage)
  Attached ISP-1566.mov to defect ISP-1566 (service_exists=true)

📊 Attachment Summary for ISP-1566:
   ✅ Uploaded: 1
   ⏭️  Skipped: 0
   ❌ Failed: 0

[LABEL] Processing 1 label(s) for ISP-1566
[LABEL-MATCH] Found existing label 'QA' (stored as 'qa') -> f66526ba-6a94-47b5-8239-f9fae5aa2248
[LABEL-ATTACH] Successfully attached label 'qa' (ID: f66526ba-6a94-47b5-8239-f9fae5aa2248) to ISP-1566
[LABEL] Completed processing labels for ISP-1566. Total attached: 1
[COMMENTS] Importing 1 comment(s) for ISP-1566...
[USER-MATCH] Matched 'Robert Mbugua Kanyoro' by email: robert.mbugua@craftsilicon.com -> fb1e0a05-f047-4e22-a52b-b9b1fe4b4358
[IMPORT] Added rich text comment by Robert Mbugua Kanyoro to ISP-1566 (id=26f643e4-f507-4ba0-a93d-1cb6ce0838c5, length=18)
[DESCRIPTION-VALIDATE] ISP-1566: new_len=233, existing_len=274
[DESCRIPTION-UPDATE] ISP-1566: Updated description (233 chars)
  Previous: <div class="trix-content">
  <p><strong>Repro Steps:</strong></p>
<p><strong>Actual Results -</strong...
  Updated: <p><strong>Repro Steps:</strong></p>
<p><strong>Actual Results -</strong></p>
<p>The Location field a...
Processing issue 267/439: ISP-1565
[DEBUG-LABELS] Total labels found for ISP-1565: 1
[USER-MATCH] Matched 'Michael Wakhungu' by parsed first+last: Michael Wakhungu -> 597e3fd3-bd8d-4416-b3c9-e513fe79905f
[USER-MATCH] Matched 'Robert Mbugua Kanyoro' by email: robert.mbugua@craftsilicon.com -> fb1e0a05-f047-4e22-a52b-b9b1fe4b4358
[STATUS-MATCH] Matched status 'Failed-QA' by normalized name: Failed QA -> 42911275-9770-4690-9c7d-9f71e090f491
[BANKING-MATCH] Found existing banking type 'ERP' -> d9a45733-9624-42c2-afcc-888ce998dbbe
📥 DOWNLOADING ISSUE-LEVEL ATTACHMENTS FOR ISP-1565
   Total files: 2 (11.38 MB)

   [1/2] 📥 Downloading: Fail-ISP-1565.mp4 (6.16 MB)
  Attempt 1/3: Downloading from https://craftsilicon.atlassian.net/rest/api/3/attachment/content/128706...
  Following redirect 1/6 to: https://api.media.atlassian.com/file/120b6205-d2af-4b20-bf7c-89170ef505b0/binary?token=eyJhbGciOiJIUzI1NiJ9.eyJpc3MiOiJiN...
  Attempt 1/3: Downloading from https://api.media.atlassian.com/file/120b6205-d2af-4b20-bf7c-89170ef505b0/binary?token=eyJhbGciOiJIUzI1NiJ9.eyJpc3MiOiJiN...
  ✅ Downloaded 6456650 bytes successfully
   ✅ Successfully attached: Fail-ISP-1565.mp4 (verified in storage)
  Attached Fail-ISP-1565.mp4 to defect ISP-1565 (service_exists=true)
   [2/2] 📥 Downloading: ISP-1565.mov (5.22 MB)
  Attempt 1/3: Downloading from https://craftsilicon.atlassian.net/rest/api/3/attachment/content/123730...
  Following redirect 1/6 to: https://api.media.atlassian.com/file/52f4cf70-0eaa-46bb-bb83-1a9d9707d973/binary?token=eyJhbGciOiJIUzI1NiJ9.eyJpc3MiOiJiN...
  Attempt 1/3: Downloading from https://api.media.atlassian.com/file/52f4cf70-0eaa-46bb-bb83-1a9d9707d973/binary?token=eyJhbGciOiJIUzI1NiJ9.eyJpc3MiOiJiN...
  ✅ Downloaded 5473298 bytes successfully
   ✅ Successfully attached: ISP-1565.mov (verified in storage)
  Attached ISP-1565.mov to defect ISP-1565 (service_exists=true)

📊 Attachment Summary for ISP-1565:
   ✅ Uploaded: 2
   ⏭️  Skipped: 0
   ❌ Failed: 0

[LABEL] Processing 1 label(s) for ISP-1565
[LABEL-MATCH] Found existing label 'QA' (stored as 'qa') -> f66526ba-6a94-47b5-8239-f9fae5aa2248
[LABEL-ATTACH] Successfully attached label 'qa' (ID: f66526ba-6a94-47b5-8239-f9fae5aa2248) to ISP-1565
[LABEL] Completed processing labels for ISP-1565. Total attached: 1
[COMMENTS] Importing 2 comment(s) for ISP-1565...
[USER-MATCH] Matched 'Robert Mbugua Kanyoro' by email: robert.mbugua@craftsilicon.com -> fb1e0a05-f047-4e22-a52b-b9b1fe4b4358
[IMPORT] Added rich text comment by Robert Mbugua Kanyoro to ISP-1565 (id=57d865f5-f4f4-4995-a863-bc77ba1240fe, length=58)
[USER-MATCH] Matched 'Wilberforce Wakhungu' by parsed first+last: wilberforce Wakhungu -> 03c960cf-9cd1-41dc-8a6b-669843030d52
[IMPORT] Added rich text comment by Wilberforce Wakhungu to ISP-1565 (id=a90d35f9-97a3-4654-a181-ab3959d169d1, length=340)
[DESCRIPTION-VALIDATE] ISP-1565: new_len=362, existing_len=408
[DESCRIPTION-UPDATE] ISP-1565: Updated description (362 chars)
  Previous: <div class="trix-content">
  <p><strong>Repro Steps:</strong></p>
<p><strong>Actual Results -</strong...
  Updated: <p><strong>Repro Steps:</strong></p>
<p><strong>Actual Results -</strong></p>
<p>The system produces ...
Processing issue 268/439: ISP-1564
[DEBUG-LABELS] Total labels found for ISP-1564: 1
[USER-MATCH] Matched 'Michael Wakhungu' by parsed first+last: Michael Wakhungu -> 597e3fd3-bd8d-4416-b3c9-e513fe79905f
[USER-MATCH] Matched 'Mureithi Maina' by parsed first+last: Mureithi Maina -> 48b6b96d-6b97-44ef-b692-40a2ad9d967e
[STATUS-MATCH] Matched status 'In Progress' by name: In Progress -> c805a0e9-73fc-4726-a1ab-d28b9a36469e
[BANKING-MATCH] Found existing banking type 'ERP' -> d9a45733-9624-42c2-afcc-888ce998dbbe
📥 DOWNLOADING ISSUE-LEVEL ATTACHMENTS FOR ISP-1564
   Total files: 1 (1.8 MB)

   [1/1] 📥 Downloading: ISP-1564.mov (1.8 MB)
  Attempt 1/3: Downloading from https://craftsilicon.atlassian.net/rest/api/3/attachment/content/123729...
  Following redirect 1/6 to: https://api.media.atlassian.com/file/292474c3-024c-40f7-bd72-652e66ee5fcf/binary?token=eyJhbGciOiJIUzI1NiJ9.eyJpc3MiOiJiN...
  Attempt 1/3: Downloading from https://api.media.atlassian.com/file/292474c3-024c-40f7-bd72-652e66ee5fcf/binary?token=eyJhbGciOiJIUzI1NiJ9.eyJpc3MiOiJiN...
  ✅ Downloaded 1890118 bytes successfully
   ✅ Successfully attached: ISP-1564.mov (verified in storage)
  Attached ISP-1564.mov to defect ISP-1564 (service_exists=true)

📊 Attachment Summary for ISP-1564:
   ✅ Uploaded: 1
   ⏭️  Skipped: 0
   ❌ Failed: 0

[LABEL] Processing 1 label(s) for ISP-1564
[LABEL-MATCH] Found existing label 'QA' (stored as 'qa') -> f66526ba-6a94-47b5-8239-f9fae5aa2248
[LABEL-ATTACH] Successfully attached label 'qa' (ID: f66526ba-6a94-47b5-8239-f9fae5aa2248) to ISP-1564
[LABEL] Completed processing labels for ISP-1564. Total attached: 1
[COMMENTS] Importing 2 comment(s) for ISP-1564...
[USER-MATCH] Matched 'Robert Mbugua Kanyoro' by email: robert.mbugua@craftsilicon.com -> fb1e0a05-f047-4e22-a52b-b9b1fe4b4358
[IMPORT] Added rich text comment by Robert Mbugua Kanyoro to ISP-1564 (id=dabd623c-cbf6-450e-8bfb-374f34cd2ac6, length=18)
[USER-MATCH] Matched 'Robert Mbugua Kanyoro' by email: robert.mbugua@craftsilicon.com -> fb1e0a05-f047-4e22-a52b-b9b1fe4b4358
[IMPORT] Added rich text comment by Robert Mbugua Kanyoro to ISP-1564 (id=de87f65f-0190-410f-afe1-6634d772b854, length=168)
[DESCRIPTION-VALIDATE] ISP-1564: new_len=120, existing_len=156
[DESCRIPTION-UPDATE] ISP-1564: Updated description (120 chars)
  Previous: <div class="trix-content">
  <p><strong>Repro Steps:</strong></p>
<p><strong>Actual Results -</strong...
  Updated: <p><strong>Repro Steps:</strong></p>
<p><strong>Actual Results -</strong></p>
<p><strong>Expected Res...
Processing issue 269/439: ISP-1563
[DEBUG-LABELS] Total labels found for ISP-1563: 1
[USER-MATCH] Matched 'Michael Wakhungu' by parsed first+last: Michael Wakhungu -> 597e3fd3-bd8d-4416-b3c9-e513fe79905f
[USER-MATCH] Matched 'Robert Mbugua Kanyoro' by email: robert.mbugua@craftsilicon.com -> fb1e0a05-f047-4e22-a52b-b9b1fe4b4358
[STATUS-MATCH] Matched status 'Failed-QA' by normalized name: Failed QA -> 42911275-9770-4690-9c7d-9f71e090f491
[BANKING-MATCH] Found existing banking type 'ERP' -> d9a45733-9624-42c2-afcc-888ce998dbbe
📥 DOWNLOADING ISSUE-LEVEL ATTACHMENTS FOR ISP-1563
   Total files: 3 (7.71 MB)

   [1/3] 📥 Downloading: image-20251126-083628.png (0.03 MB)
  Attempt 1/3: Downloading from https://craftsilicon.atlassian.net/rest/api/3/attachment/content/129796...
  Following redirect 1/6 to: https://api.media.atlassian.com/file/059a8f9f-39d0-42c5-9e98-e5803dde9e4f/binary?token=eyJhbGciOiJIUzI1NiJ9.eyJpc3MiOiJiN...
  Attempt 1/3: Downloading from https://api.media.atlassian.com/file/059a8f9f-39d0-42c5-9e98-e5803dde9e4f/binary?token=eyJhbGciOiJIUzI1NiJ9.eyJpc3MiOiJiN...
  ✅ Downloaded 34496 bytes successfully
   ✅ Successfully attached: image-20251126-083628.png (verified in storage)
  Attached image-20251126-083628.png to defect ISP-1563 (service_exists=true)
   [2/3] 📥 Downloading: ISP-1563_Retest.mov (3.04 MB)
  Attempt 1/3: Downloading from https://craftsilicon.atlassian.net/rest/api/3/attachment/content/129863...
  Following redirect 1/6 to: https://api.media.atlassian.com/file/133925fa-a280-4bbb-a9ca-2aa3d6f509a2/binary?token=eyJhbGciOiJIUzI1NiJ9.eyJpc3MiOiJiN...
  Attempt 1/3: Downloading from https://api.media.atlassian.com/file/133925fa-a280-4bbb-a9ca-2aa3d6f509a2/binary?token=eyJhbGciOiJIUzI1NiJ9.eyJpc3MiOiJiN...
  ✅ Downloaded 3186111 bytes successfully
   ✅ Successfully attached: ISP-1563_Retest.mov (verified in storage)
  Attached ISP-1563_Retest.mov to defect ISP-1563 (service_exists=true)
   [3/3] 📥 Downloading: ISP-1563.mov (4.64 MB)
  Attempt 1/3: Downloading from https://craftsilicon.atlassian.net/rest/api/3/attachment/content/123728...
  Following redirect 1/6 to: https://api.media.atlassian.com/file/5ffd500e-151c-4ab3-9570-e6715b9075d3/binary?token=eyJhbGciOiJIUzI1NiJ9.eyJpc3MiOiJiN...
  Attempt 1/3: Downloading from https://api.media.atlassian.com/file/5ffd500e-151c-4ab3-9570-e6715b9075d3/binary?token=eyJhbGciOiJIUzI1NiJ9.eyJpc3MiOiJiN...
  ✅ Downloaded 4868586 bytes successfully
   ✅ Successfully attached: ISP-1563.mov (verified in storage)
  Attached ISP-1563.mov to defect ISP-1563 (service_exists=true)

📊 Attachment Summary for ISP-1563:
   ✅ Uploaded: 3
   ⏭️  Skipped: 0
   ❌ Failed: 0

[LABEL] Processing 1 label(s) for ISP-1563
[LABEL-MATCH] Found existing label 'QA' (stored as 'qa') -> f66526ba-6a94-47b5-8239-f9fae5aa2248
[LABEL-ATTACH] Successfully attached label 'qa' (ID: f66526ba-6a94-47b5-8239-f9fae5aa2248) to ISP-1563
[LABEL] Completed processing labels for ISP-1563. Total attached: 1
[COMMENTS] Importing 2 comment(s) for ISP-1563...
[USER-MATCH] Matched 'Robert Mbugua Kanyoro' by email: robert.mbugua@craftsilicon.com -> fb1e0a05-f047-4e22-a52b-b9b1fe4b4358
[IMPORT] Added rich text comment by Robert Mbugua Kanyoro to ISP-1563 (id=f1828cde-e22a-4d83-bd87-ae2ea7cc87d5, length=40)
[USER-MATCH] Matched 'Michael Wakhungu' by parsed first+last: Michael Wakhungu -> 597e3fd3-bd8d-4416-b3c9-e513fe79905f
[RICH-TEXT] Comment 2 contains: color
[IMPORT] Added rich text comment by Michael Wakhungu to ISP-1563 (id=2a09ff66-2656-4ba2-9d98-e2dfdfa75ddc, length=732)
[DESCRIPTION-VALIDATE] ISP-1563: new_len=497, existing_len=543
[DESCRIPTION-UPDATE] ISP-1563: Updated description (497 chars)
  Previous: <div class="trix-content">
  <p><strong>Repro Steps:</strong></p>
<p><strong>Actual Results -</strong...
  Updated: <p><strong>Repro Steps:</strong></p>
<p><strong>Actual Results -</strong></p>
<p><strong>Expected Res...
Processing issue 270/439: ISP-1562
[DEBUG-LABELS] Total labels found for ISP-1562: 1
[USER-MATCH] Matched 'Michael Wakhungu' by parsed first+last: Michael Wakhungu -> 597e3fd3-bd8d-4416-b3c9-e513fe79905f
[USER-MATCH] Matched 'Mureithi Maina' by parsed first+last: Mureithi Maina -> 48b6b96d-6b97-44ef-b692-40a2ad9d967e
[STATUS-MATCH] Matched status 'To Do' by name: TO DO -> 26ce9725-f948-4e26-8bfd-5e353e685e59
[BANKING-MATCH] Found existing banking type 'ERP' -> d9a45733-9624-42c2-afcc-888ce998dbbe
📥 DOWNLOADING ISSUE-LEVEL ATTACHMENTS FOR ISP-1562
   Total files: 1 (1.74 MB)

   [1/1] 📥 Downloading: ISP-1562.mov (1.74 MB)
  Attempt 1/3: Downloading from https://craftsilicon.atlassian.net/rest/api/3/attachment/content/123727...
  Following redirect 1/6 to: https://api.media.atlassian.com/file/326c80d1-0f5b-463d-92f7-3f5a97bcf85e/binary?token=eyJhbGciOiJIUzI1NiJ9.eyJpc3MiOiJiN...
  Attempt 1/3: Downloading from https://api.media.atlassian.com/file/326c80d1-0f5b-463d-92f7-3f5a97bcf85e/binary?token=eyJhbGciOiJIUzI1NiJ9.eyJpc3MiOiJiN...
  ✅ Downloaded 1829638 bytes successfully
   ✅ Successfully attached: ISP-1562.mov (verified in storage)
  Attached ISP-1562.mov to defect ISP-1562 (service_exists=true)

📊 Attachment Summary for ISP-1562:
   ✅ Uploaded: 1
   ⏭️  Skipped: 0
   ❌ Failed: 0

[LABEL] Processing 1 label(s) for ISP-1562
[LABEL-MATCH] Found existing label 'QA' (stored as 'qa') -> f66526ba-6a94-47b5-8239-f9fae5aa2248
[LABEL-ATTACH] Successfully attached label 'qa' (ID: f66526ba-6a94-47b5-8239-f9fae5aa2248) to ISP-1562
[LABEL] Completed processing labels for ISP-1562. Total attached: 1
[DESCRIPTION-VALIDATE] ISP-1562: new_len=295, existing_len=391
[DESCRIPTION-UPDATE] ISP-1562: Updated description (295 chars)
  Previous: <div class="trix-content">
  <p><strong>Repro Steps:</strong></p>
<p><strong>Actual Results -</strong...
  Updated: <p><strong>Repro Steps:</strong></p>
<p><strong>Actual Results -</strong></p>
<p><strong>Expected Res...
Processing issue 271/439: ISP-1561
[DEBUG-LABELS] Total labels found for ISP-1561: 1
[USER-MATCH] Matched 'Michael Wakhungu' by parsed first+last: Michael Wakhungu -> 597e3fd3-bd8d-4416-b3c9-e513fe79905f
[USER-MATCH] Matched 'Mureithi Maina' by parsed first+last: Mureithi Maina -> 48b6b96d-6b97-44ef-b692-40a2ad9d967e
[STATUS-MATCH] Matched status 'In Progress' by name: In Progress -> c805a0e9-73fc-4726-a1ab-d28b9a36469e
[BANKING-MATCH] Found existing banking type 'ERP' -> d9a45733-9624-42c2-afcc-888ce998dbbe
📥 DOWNLOADING ISSUE-LEVEL ATTACHMENTS FOR ISP-1561
   Total files: 2 (13.96 MB)

   [1/2] 📥 Downloading: ISP-1561_appointment.mov (7.53 MB)
  Attempt 1/3: Downloading from https://craftsilicon.atlassian.net/rest/api/3/attachment/content/123402...
  Following redirect 1/6 to: https://api.media.atlassian.com/file/fd2e0155-9fa2-411d-afb4-73344ca97f34/binary?token=eyJhbGciOiJIUzI1NiJ9.eyJpc3MiOiJiN...
  Attempt 1/3: Downloading from https://api.media.atlassian.com/file/fd2e0155-9fa2-411d-afb4-73344ca97f34/binary?token=eyJhbGciOiJIUzI1NiJ9.eyJpc3MiOiJiN...
  ✅ Downloaded 7895347 bytes successfully
   ✅ Successfully attached: ISP-1561_appointment.mov (verified in storage)
  Attached ISP-1561_appointment.mov to defect ISP-1561 (service_exists=true)
   [2/2] 📥 Downloading: ISP-1561_call.mov (6.43 MB)
  Attempt 1/3: Downloading from https://craftsilicon.atlassian.net/rest/api/3/attachment/content/123403...
  Following redirect 1/6 to: https://api.media.atlassian.com/file/33262056-056f-49c7-a8bb-465ea1ec20ec/binary?token=eyJhbGciOiJIUzI1NiJ9.eyJpc3MiOiJiN...
  Attempt 1/3: Downloading from https://api.media.atlassian.com/file/33262056-056f-49c7-a8bb-465ea1ec20ec/binary?token=eyJhbGciOiJIUzI1NiJ9.eyJpc3MiOiJiN...
  ✅ Downloaded 6745945 bytes successfully
   ✅ Successfully attached: ISP-1561_call.mov (verified in storage)
  Attached ISP-1561_call.mov to defect ISP-1561 (service_exists=true)

📊 Attachment Summary for ISP-1561:
   ✅ Uploaded: 2
   ⏭️  Skipped: 0
   ❌ Failed: 0

[LABEL] Processing 1 label(s) for ISP-1561
[LABEL-MATCH] Found existing label 'QA' (stored as 'qa') -> f66526ba-6a94-47b5-8239-f9fae5aa2248
[LABEL-ATTACH] Successfully attached label 'qa' (ID: f66526ba-6a94-47b5-8239-f9fae5aa2248) to ISP-1561
[LABEL] Completed processing labels for ISP-1561. Total attached: 1
[COMMENTS] Importing 1 comment(s) for ISP-1561...
[USER-MATCH] Matched 'Robert Mbugua Kanyoro' by email: robert.mbugua@craftsilicon.com -> fb1e0a05-f047-4e22-a52b-b9b1fe4b4358
[IMPORT] Added rich text comment by Robert Mbugua Kanyoro to ISP-1561 (id=8e9c0db5-07dc-447b-8fae-dcec3909e050, length=18)
[DESCRIPTION-VALIDATE] ISP-1561: new_len=120, existing_len=156
[DESCRIPTION-UPDATE] ISP-1561: Updated description (120 chars)
  Previous: <div class="trix-content">
  <p><strong>Repro Steps:</strong></p>
<p><strong>Actual Results -</strong...
  Updated: <p><strong>Repro Steps:</strong></p>
<p><strong>Actual Results -</strong></p>
<p><strong>Expected Res...
Processing issue 272/439: ISP-1560
[DEBUG-LABELS] Total labels found for ISP-1560: 1
[USER-MATCH] Matched 'Michael Wakhungu' by parsed first+last: Michael Wakhungu -> 597e3fd3-bd8d-4416-b3c9-e513fe79905f
[USER-MATCH] Matched 'Michael Wakhungu' by parsed first+last: Michael Wakhungu -> 597e3fd3-bd8d-4416-b3c9-e513fe79905f
[STATUS-MATCH] Matched status 'Closed' by name: Closed -> 8c60b5b6-b9e9-405d-8d7d-d672cb9b23f1
[BANKING-MATCH] Found existing banking type 'ERP' -> d9a45733-9624-42c2-afcc-888ce998dbbe
📥 DOWNLOADING ISSUE-LEVEL ATTACHMENTS FOR ISP-1560
   Total files: 3 (3.05 MB)

   [1/3] 📥 Downloading: image-20251126-092333.png (0.04 MB)
  Attempt 1/3: Downloading from https://craftsilicon.atlassian.net/rest/api/3/attachment/content/129797...
  Following redirect 1/6 to: https://api.media.atlassian.com/file/5def8643-6495-4cb2-96de-482cd23fb406/binary?token=eyJhbGciOiJIUzI1NiJ9.eyJpc3MiOiJiN...
  Attempt 1/3: Downloading from https://api.media.atlassian.com/file/5def8643-6495-4cb2-96de-482cd23fb406/binary?token=eyJhbGciOiJIUzI1NiJ9.eyJpc3MiOiJiN...
  ✅ Downloaded 46642 bytes successfully
   ✅ Successfully attached: image-20251126-092333.png (verified in storage)
  Attached image-20251126-092333.png to defect ISP-1560 (service_exists=true)
   [2/3] 📥 Downloading: ISP-1560.mov (2.38 MB)
  Attempt 1/3: Downloading from https://craftsilicon.atlassian.net/rest/api/3/attachment/content/123400...
  Following redirect 1/6 to: https://api.media.atlassian.com/file/54293435-a520-45f2-853d-e2878d5cb3f7/binary?token=eyJhbGciOiJIUzI1NiJ9.eyJpc3MiOiJiN...
  Attempt 1/3: Downloading from https://api.media.atlassian.com/file/54293435-a520-45f2-853d-e2878d5cb3f7/binary?token=eyJhbGciOiJIUzI1NiJ9.eyJpc3MiOiJiN...
  ✅ Downloaded 2491677 bytes successfully
   ✅ Successfully attached: ISP-1560.mov (verified in storage)
  Attached ISP-1560.mov to defect ISP-1560 (service_exists=true)
   [3/3] 📥 Downloading: ISP-1560 (7bdb99e4-d5c8-40e8-8834-1906ae74b141).mov (0.63 MB)
  Attempt 1/3: Downloading from https://craftsilicon.atlassian.net/rest/api/3/attachment/content/129864...
  Following redirect 1/6 to: https://api.media.atlassian.com/file/7bdb99e4-d5c8-40e8-8834-1906ae74b141/binary?token=eyJhbGciOiJIUzI1NiJ9.eyJpc3MiOiJiN...
  Attempt 1/3: Downloading from https://api.media.atlassian.com/file/7bdb99e4-d5c8-40e8-8834-1906ae74b141/binary?token=eyJhbGciOiJIUzI1NiJ9.eyJpc3MiOiJiN...
  ✅ Downloaded 661854 bytes successfully
   ✅ Successfully attached: ISP-1560 (7bdb99e4-d5c8-40e8-8834-1906ae74b141).mov (verified in storage)
  Attached ISP-1560 (7bdb99e4-d5c8-40e8-8834-1906ae74b141).mov to defect ISP-1560 (service_exists=true)

📊 Attachment Summary for ISP-1560:
   ✅ Uploaded: 3
   ⏭️  Skipped: 0
   ❌ Failed: 0

[LABEL] Processing 1 label(s) for ISP-1560
[LABEL-MATCH] Found existing label 'QA' (stored as 'qa') -> f66526ba-6a94-47b5-8239-f9fae5aa2248
[LABEL-ATTACH] Successfully attached label 'qa' (ID: f66526ba-6a94-47b5-8239-f9fae5aa2248) to ISP-1560
[LABEL] Completed processing labels for ISP-1560. Total attached: 1
[COMMENTS] Importing 3 comment(s) for ISP-1560...
[USER-MATCH] Matched 'Robert Mbugua Kanyoro' by email: robert.mbugua@craftsilicon.com -> fb1e0a05-f047-4e22-a52b-b9b1fe4b4358
[IMPORT] Added rich text comment by Robert Mbugua Kanyoro to ISP-1560 (id=fd9b58cf-1b58-4877-aac5-52ef60004a82, length=18)
[USER-MATCH] Matched 'Robert Mbugua Kanyoro' by email: robert.mbugua@craftsilicon.com -> fb1e0a05-f047-4e22-a52b-b9b1fe4b4358
[IMPORT] Added rich text comment by Robert Mbugua Kanyoro to ISP-1560 (id=5587d482-2686-4991-94eb-2865c7b489ca, length=44)
[USER-MATCH] Matched 'Michael Wakhungu' by parsed first+last: Michael Wakhungu -> 597e3fd3-bd8d-4416-b3c9-e513fe79905f
[RICH-TEXT] Comment 3 contains: color
[IMPORT] Added rich text comment by Michael Wakhungu to ISP-1560 (id=dcc38365-8fdc-4782-90d8-b8e40678bb29, length=425)
[DESCRIPTION-VALIDATE] ISP-1560: new_len=392, existing_len=453
[DESCRIPTION-UPDATE] ISP-1560: Updated description (392 chars)
  Previous: <div class="trix-content">
  <p><strong>Repro Steps:</strong></p>
<p><strong>Actual Results -</strong...
  Updated: <p><strong>Repro Steps:</strong></p>
<p><strong>Actual Results -</strong></p>
<p><strong>Expected Res...
Processing issue 273/439: ISP-1559
[DEBUG-LABELS] Total labels found for ISP-1559: 1
[USER-MATCH] Matched 'Michael Wakhungu' by parsed first+last: Michael Wakhungu -> 597e3fd3-bd8d-4416-b3c9-e513fe79905f
[USER-MATCH] Matched 'Mureithi Maina' by parsed first+last: Mureithi Maina -> 48b6b96d-6b97-44ef-b692-40a2ad9d967e
[STATUS-MATCH] Matched status 'In Progress' by name: In Progress -> c805a0e9-73fc-4726-a1ab-d28b9a36469e
[BANKING-MATCH] Found existing banking type 'ERP' -> d9a45733-9624-42c2-afcc-888ce998dbbe
📥 DOWNLOADING ISSUE-LEVEL ATTACHMENTS FOR ISP-1559
   Total files: 1 (1.64 MB)

   [1/1] 📥 Downloading: ISP-1559.mov (1.64 MB)
  Attempt 1/3: Downloading from https://craftsilicon.atlassian.net/rest/api/3/attachment/content/123399...
  Following redirect 1/6 to: https://api.media.atlassian.com/file/9f161972-724a-44bc-95e8-4af8da27282a/binary?token=eyJhbGciOiJIUzI1NiJ9.eyJpc3MiOiJiN...
  Attempt 1/3: Downloading from https://api.media.atlassian.com/file/9f161972-724a-44bc-95e8-4af8da27282a/binary?token=eyJhbGciOiJIUzI1NiJ9.eyJpc3MiOiJiN...
  ✅ Downloaded 1724446 bytes successfully
   ✅ Successfully attached: ISP-1559.mov (verified in storage)
  Attached ISP-1559.mov to defect ISP-1559 (service_exists=true)

📊 Attachment Summary for ISP-1559:
   ✅ Uploaded: 1
   ⏭️  Skipped: 0
   ❌ Failed: 0

[LABEL] Processing 1 label(s) for ISP-1559
[LABEL-MATCH] Found existing label 'QA' (stored as 'qa') -> f66526ba-6a94-47b5-8239-f9fae5aa2248
[LABEL-ATTACH] Successfully attached label 'qa' (ID: f66526ba-6a94-47b5-8239-f9fae5aa2248) to ISP-1559
[LABEL] Completed processing labels for ISP-1559. Total attached: 1
[COMMENTS] Importing 1 comment(s) for ISP-1559...
[USER-MATCH] Matched 'Robert Mbugua Kanyoro' by email: robert.mbugua@craftsilicon.com -> fb1e0a05-f047-4e22-a52b-b9b1fe4b4358
[IMPORT] Added rich text comment by Robert Mbugua Kanyoro to ISP-1559 (id=bcb71fb2-45d8-4672-8e26-0409f1e91913, length=18)
[DESCRIPTION-VALIDATE] ISP-1559: new_len=120, existing_len=156
[DESCRIPTION-UPDATE] ISP-1559: Updated description (120 chars)
  Previous: <div class="trix-content">
  <p><strong>Repro Steps:</strong></p>
<p><strong>Actual Results -</strong...
  Updated: <p><strong>Repro Steps:</strong></p>
<p><strong>Actual Results -</strong></p>
<p><strong>Expected Res...
Processing issue 274/439: ISP-1558
[DEBUG-LABELS] Total labels found for ISP-1558: 1
[USER-MATCH] Matched 'Michael Wakhungu' by parsed first+last: Michael Wakhungu -> 597e3fd3-bd8d-4416-b3c9-e513fe79905f
[USER-MATCH] Matched 'Mureithi Maina' by parsed first+last: Mureithi Maina -> 48b6b96d-6b97-44ef-b692-40a2ad9d967e
[STATUS-MATCH] Matched status 'In Progress' by name: In Progress -> c805a0e9-73fc-4726-a1ab-d28b9a36469e
[BANKING-MATCH] Found existing banking type 'ERP' -> d9a45733-9624-42c2-afcc-888ce998dbbe
📥 DOWNLOADING ISSUE-LEVEL ATTACHMENTS FOR ISP-1558
   Total files: 1 (1.52 MB)

   [1/1] 📥 Downloading: ISP-1558.mov (1.52 MB)
  Attempt 1/3: Downloading from https://craftsilicon.atlassian.net/rest/api/3/attachment/content/123398...
  Following redirect 1/6 to: https://api.media.atlassian.com/file/11b916e2-df10-4886-9745-0d39fd4afc10/binary?token=eyJhbGciOiJIUzI1NiJ9.eyJpc3MiOiJiN...
  Attempt 1/3: Downloading from https://api.media.atlassian.com/file/11b916e2-df10-4886-9745-0d39fd4afc10/binary?token=eyJhbGciOiJIUzI1NiJ9.eyJpc3MiOiJiN...
  ✅ Downloaded 1593589 bytes successfully
   ✅ Successfully attached: ISP-1558.mov (verified in storage)
  Attached ISP-1558.mov to defect ISP-1558 (service_exists=true)

📊 Attachment Summary for ISP-1558:
   ✅ Uploaded: 1
   ⏭️  Skipped: 0
   ❌ Failed: 0

[LABEL] Processing 1 label(s) for ISP-1558
[LABEL-MATCH] Found existing label 'QA' (stored as 'qa') -> f66526ba-6a94-47b5-8239-f9fae5aa2248
[LABEL-ATTACH] Successfully attached label 'qa' (ID: f66526ba-6a94-47b5-8239-f9fae5aa2248) to ISP-1558
[LABEL] Completed processing labels for ISP-1558. Total attached: 1
[COMMENTS] Importing 1 comment(s) for ISP-1558...
[USER-MATCH] Matched 'Robert Mbugua Kanyoro' by email: robert.mbugua@craftsilicon.com -> fb1e0a05-f047-4e22-a52b-b9b1fe4b4358
[IMPORT] Added rich text comment by Robert Mbugua Kanyoro to ISP-1558 (id=27a3df2e-12f4-4248-b94b-70879d91b873, length=18)
[DESCRIPTION-VALIDATE] ISP-1558: new_len=120, existing_len=156
[DESCRIPTION-UPDATE] ISP-1558: Updated description (120 chars)
  Previous: <div class="trix-content">
  <p><strong>Repro Steps:</strong></p>
<p><strong>Actual Results -</strong...
  Updated: <p><strong>Repro Steps:</strong></p>
<p><strong>Actual Results -</strong></p>
<p><strong>Expected Res...
Processing issue 275/439: ISP-1557
[DEBUG-LABELS] Total labels found for ISP-1557: 1
[USER-MATCH] Matched 'Michael Wakhungu' by parsed first+last: Michael Wakhungu -> 597e3fd3-bd8d-4416-b3c9-e513fe79905f
[USER-MATCH] Matched 'Mureithi Maina' by parsed first+last: Mureithi Maina -> 48b6b96d-6b97-44ef-b692-40a2ad9d967e
[STATUS-MATCH] Matched status 'In Progress' by name: In Progress -> c805a0e9-73fc-4726-a1ab-d28b9a36469e
[BANKING-MATCH] Found existing banking type 'ERP' -> d9a45733-9624-42c2-afcc-888ce998dbbe
📥 DOWNLOADING ISSUE-LEVEL ATTACHMENTS FOR ISP-1557
   Total files: 1 (2.24 MB)

   [1/1] 📥 Downloading: ISP-1557.mov (2.24 MB)
  Attempt 1/3: Downloading from https://craftsilicon.atlassian.net/rest/api/3/attachment/content/123397...
  Following redirect 1/6 to: https://api.media.atlassian.com/file/b80e01ed-849d-4d17-9f35-cfc65a7ba6dc/binary?token=eyJhbGciOiJIUzI1NiJ9.eyJpc3MiOiJiN...
  Attempt 1/3: Downloading from https://api.media.atlassian.com/file/b80e01ed-849d-4d17-9f35-cfc65a7ba6dc/binary?token=eyJhbGciOiJIUzI1NiJ9.eyJpc3MiOiJiN...
  ✅ Downloaded 2344881 bytes successfully
   ✅ Successfully attached: ISP-1557.mov (verified in storage)
  Attached ISP-1557.mov to defect ISP-1557 (service_exists=true)

📊 Attachment Summary for ISP-1557:
   ✅ Uploaded: 1
   ⏭️  Skipped: 0
   ❌ Failed: 0

[LABEL] Processing 1 label(s) for ISP-1557
[LABEL-MATCH] Found existing label 'QA' (stored as 'qa') -> f66526ba-6a94-47b5-8239-f9fae5aa2248
[LABEL-ATTACH] Successfully attached label 'qa' (ID: f66526ba-6a94-47b5-8239-f9fae5aa2248) to ISP-1557
[LABEL] Completed processing labels for ISP-1557. Total attached: 1
[DESCRIPTION-VALIDATE] ISP-1557: new_len=191, existing_len=237
[DESCRIPTION-UPDATE] ISP-1557: Updated description (191 chars)
  Previous: <div class="trix-content">
  <p><strong>Repro Steps:</strong></p>
<p><strong>Actual Results -</strong...
  Updated: <p><strong>Repro Steps:</strong></p>
<p><strong>Actual Results -</strong></p>
<p><strong>Expected Res...
Processing issue 276/439: ISP-1556
[DEBUG-LABELS] Total labels found for ISP-1556: 1
[USER-MATCH] Matched 'gideon' by single name: gideon gideon -> a2f6fdcb-6a66-4ace-992b-0f3cd5e9cc53
[USER-MATCH] Matched 'Robert Mbugua Kanyoro' by email: robert.mbugua@craftsilicon.com -> fb1e0a05-f047-4e22-a52b-b9b1fe4b4358
[STATUS-MATCH] Matched status 'Failed-QA' by normalized name: Failed QA -> 42911275-9770-4690-9c7d-9f71e090f491
[BANKING-MATCH] Found existing banking type 'ERP' -> d9a45733-9624-42c2-afcc-888ce998dbbe
📥 DOWNLOADING ISSUE-LEVEL ATTACHMENTS FOR ISP-1556
   Total files: 3 (6.9 MB)

   [1/3] 📥 Downloading: image-20251126-094806.png (0.06 MB)
  Attempt 1/3: Downloading from https://craftsilicon.atlassian.net/rest/api/3/attachment/content/129830...
  Following redirect 1/6 to: https://api.media.atlassian.com/file/fb95bc61-eefb-4387-ab99-0e97aea9c41d/binary?token=eyJhbGciOiJIUzI1NiJ9.eyJpc3MiOiJiN...
  Attempt 1/3: Downloading from https://api.media.atlassian.com/file/fb95bc61-eefb-4387-ab99-0e97aea9c41d/binary?token=eyJhbGciOiJIUzI1NiJ9.eyJpc3MiOiJiN...
  ✅ Downloaded 65482 bytes successfully
   ✅ Successfully attached: image-20251126-094806.png (verified in storage)
  Attached image-20251126-094806.png to defect ISP-1556 (service_exists=true)
   [2/3] 📥 Downloading: issue-no-isp-1556-has-failed-when-user-submits-for-approve-the-item-disppears-f_fzJFUGUC.mp4 (3.51 MB)
  Attempt 1/3: Downloading from https://craftsilicon.atlassian.net/rest/api/3/attachment/content/129868...
  Following redirect 1/6 to: https://api.media.atlassian.com/file/4b4c4cf9-c95e-4ad6-974e-bb5081f363ae/binary?token=eyJhbGciOiJIUzI1NiJ9.eyJpc3MiOiJiN...
  Attempt 1/3: Downloading from https://api.media.atlassian.com/file/4b4c4cf9-c95e-4ad6-974e-bb5081f363ae/binary?token=eyJhbGciOiJIUzI1NiJ9.eyJpc3MiOiJiN...
  ✅ Downloaded 3679684 bytes successfully
   ✅ Successfully attached: issue-no-isp-1556-has-failed-when-user-submits-for-approve-the-item-disppears-f_fzJFUGUC.mp4 (verified in storage)
  Attached issue-no-isp-1556-has-failed-when-user-submits-for-approve-the-item-disppears-f_fzJFUGUC.mp4 to defect ISP-1556 (service_exists=true)
   [3/3] 📥 Downloading: product-development-displays-error-and-there-is-no-approval-field-at-roles-acces_4y1Mr7md.mp4 (3.33 MB)
  Attempt 1/3: Downloading from https://craftsilicon.atlassian.net/rest/api/3/attachment/content/123226...
  Following redirect 1/6 to: https://api.media.atlassian.com/file/4e9b2ab2-69c5-4561-90e1-434664bbcfc8/binary?token=eyJhbGciOiJIUzI1NiJ9.eyJpc3MiOiJiN...
  Attempt 1/3: Downloading from https://api.media.atlassian.com/file/4e9b2ab2-69c5-4561-90e1-434664bbcfc8/binary?token=eyJhbGciOiJIUzI1NiJ9.eyJpc3MiOiJiN...
  ✅ Downloaded 3492850 bytes successfully
   ✅ Successfully attached: product-development-displays-error-and-there-is-no-approval-field-at-roles-acces_4y1Mr7md.mp4 (verified in storage)
  Attached product-development-displays-error-and-there-is-no-approval-field-at-roles-acces_4y1Mr7md.mp4 to defect ISP-1556 (service_exists=true)

📊 Attachment Summary for ISP-1556:
   ✅ Uploaded: 3
   ⏭️  Skipped: 0
   ❌ Failed: 0

[LABEL] Processing 1 label(s) for ISP-1556
[LABEL-MATCH] Found existing label 'QA' (stored as 'qa') -> f66526ba-6a94-47b5-8239-f9fae5aa2248
[LABEL-ATTACH] Successfully attached label 'qa' (ID: f66526ba-6a94-47b5-8239-f9fae5aa2248) to ISP-1556
[LABEL] Completed processing labels for ISP-1556. Total attached: 1
[COMMENTS] Importing 2 comment(s) for ISP-1556...
[USER-MATCH] Matched 'Robert Mbugua Kanyoro' by email: robert.mbugua@craftsilicon.com -> fb1e0a05-f047-4e22-a52b-b9b1fe4b4358
[IMPORT] Added rich text comment by Robert Mbugua Kanyoro to ISP-1556 (id=a339dcc2-1903-4578-b437-1f48007f5fa9, length=44)
[USER-MATCH] Matched 'gideon' by single name: gideon gideon -> a2f6fdcb-6a66-4ace-992b-0f3cd5e9cc53
[IMPORT] Added rich text comment by gideon to ISP-1556 (id=0b71c01f-d106-4040-8d0d-6523c5715fb7, length=425)
[DESCRIPTION-VALIDATE] ISP-1556: new_len=118, existing_len=154
[DESCRIPTION-UPDATE] ISP-1556: Updated description (118 chars)
  Previous: <div class="trix-content">
  <p><strong>Repro Steps</strong></p>
<p><strong>Actual Results-</strong><...
  Updated: <p><strong>Repro Steps</strong></p>
<p><strong>Actual Results-</strong></p>
<p><strong>Expected Resul...
Processing issue 277/439: ISP-1555
[DEBUG-LABELS] Total labels found for ISP-1555: 1
[USER-MATCH] Matched 'gideon' by single name: gideon gideon -> a2f6fdcb-6a66-4ace-992b-0f3cd5e9cc53
[USER-MATCH] Matched 'Wilberforce Wakhungu' by parsed first+last: wilberforce Wakhungu -> 03c960cf-9cd1-41dc-8a6b-669843030d52
[STATUS-MATCH] Matched status 'Closed' by name: Closed -> 8c60b5b6-b9e9-405d-8d7d-d672cb9b23f1
[BANKING-MATCH] Found existing banking type 'ERP' -> d9a45733-9624-42c2-afcc-888ce998dbbe
📥 DOWNLOADING ISSUE-LEVEL ATTACHMENTS FOR ISP-1555
   Total files: 2 (4.06 MB)

   [1/2] 📥 Downloading: Button for-conversion-mapping-incorrect-and-save-mapping-button-unresponsive_gkepMJWZ.mp4 (1.38 MB)
  Attempt 1/3: Downloading from https://craftsilicon.atlassian.net/rest/api/3/attachment/content/123224...
  Following redirect 1/6 to: https://api.media.atlassian.com/file/7301b573-04cf-44a9-bdd8-45fe3994c4a7/binary?token=eyJhbGciOiJIUzI1NiJ9.eyJpc3MiOiJiN...
  Attempt 1/3: Downloading from https://api.media.atlassian.com/file/7301b573-04cf-44a9-bdd8-45fe3994c4a7/binary?token=eyJhbGciOiJIUzI1NiJ9.eyJpc3MiOiJiN...
  ✅ Downloaded 1441944 bytes successfully
   ✅ Successfully attached: Button for-conversion-mapping-incorrect-and-save-mapping-button-unresponsive_gkepMJWZ.mp4 (verified in storage)
  Attached Button for-conversion-mapping-incorrect-and-save-mapping-button-unresponsive_gkepMJWZ.mp4 to defect ISP-1555 (service_exists=true)
   [2/2] 📥 Downloading: Pass-ISP-1555.mp4 (2.69 MB)
  Attempt 1/3: Downloading from https://craftsilicon.atlassian.net/rest/api/3/attachment/content/128911...
  Following redirect 1/6 to: https://api.media.atlassian.com/file/b98662af-56ad-43a4-956c-931a1e50e660/binary?token=eyJhbGciOiJIUzI1NiJ9.eyJpc3MiOiJiN...
  Attempt 1/3: Downloading from https://api.media.atlassian.com/file/b98662af-56ad-43a4-956c-931a1e50e660/binary?token=eyJhbGciOiJIUzI1NiJ9.eyJpc3MiOiJiN...
  ✅ Downloaded 2819705 bytes successfully
   ✅ Successfully attached: Pass-ISP-1555.mp4 (verified in storage)
  Attached Pass-ISP-1555.mp4 to defect ISP-1555 (service_exists=true)

📊 Attachment Summary for ISP-1555:
   ✅ Uploaded: 2
   ⏭️  Skipped: 0
   ❌ Failed: 0

[LABEL] Processing 1 label(s) for ISP-1555
[LABEL-MATCH] Found existing label 'QA' (stored as 'qa') -> f66526ba-6a94-47b5-8239-f9fae5aa2248
[LABEL-ATTACH] Successfully attached label 'qa' (ID: f66526ba-6a94-47b5-8239-f9fae5aa2248) to ISP-1555
[LABEL] Completed processing labels for ISP-1555. Total attached: 1
[COMMENTS] Importing 2 comment(s) for ISP-1555...
[USER-MATCH] Matched 'Mureithi Maina' by parsed first+last: Mureithi Maina -> 48b6b96d-6b97-44ef-b692-40a2ad9d967e
[IMPORT] Added rich text comment by Mureithi Maina to ISP-1555 (id=a100f7e8-0450-4991-a199-b8833bee4570, length=29)
[USER-MATCH] Matched 'Wilberforce Wakhungu' by parsed first+last: wilberforce Wakhungu -> 03c960cf-9cd1-41dc-8a6b-669843030d52
[IMPORT] Added rich text comment by Wilberforce Wakhungu to ISP-1555 (id=500ff9b7-aff9-4958-bb7a-69adfcd2eba5, length=62)
[DESCRIPTION-VALIDATE] ISP-1555: new_len=117, existing_len=153
[DESCRIPTION-UPDATE] ISP-1555: Updated description (117 chars)
  Previous: <div class="trix-content">
  <p><strong>Repro Steps</strong></p>
<p><strong>Actual Results:</strong><...
  Updated: <p><strong>Repro Steps</strong></p>
<p><strong>Actual Results:</strong></p>
<p><strong>Expected Resul...
Processing issue 278/439: ISP-1554
[DEBUG-LABELS] Total labels found for ISP-1554: 1
[USER-MATCH] Matched 'Wilberforce Wakhungu' by parsed first+last: wilberforce Wakhungu -> 03c960cf-9cd1-41dc-8a6b-669843030d52
[USER-MATCH] Matched 'Mureithi Maina' by parsed first+last: Mureithi Maina -> 48b6b96d-6b97-44ef-b692-40a2ad9d967e
[STATUS-MATCH] Matched status 'In Progress' by name: In Progress -> c805a0e9-73fc-4726-a1ab-d28b9a36469e
[BANKING-MATCH] Found existing banking type 'ERP' -> d9a45733-9624-42c2-afcc-888ce998dbbe
📥 DOWNLOADING ISSUE-LEVEL ATTACHMENTS FOR ISP-1554
   Total files: 1 (1.41 MB)

   [1/1] 📥 Downloading: Ticket(Created).mp4 (1.41 MB)
  Attempt 1/3: Downloading from https://craftsilicon.atlassian.net/rest/api/3/attachment/content/123192...
  Following redirect 1/6 to: https://api.media.atlassian.com/file/fc493501-adcf-488e-b4cc-04fc68d4727e/binary?token=eyJhbGciOiJIUzI1NiJ9.eyJpc3MiOiJiN...
  Attempt 1/3: Downloading from https://api.media.atlassian.com/file/fc493501-adcf-488e-b4cc-04fc68d4727e/binary?token=eyJhbGciOiJIUzI1NiJ9.eyJpc3MiOiJiN...
  ✅ Downloaded 1480509 bytes successfully
   ✅ Successfully attached: Ticket(Created).mp4 (verified in storage)
  Attached Ticket(Created).mp4 to defect ISP-1554 (service_exists=true)

📊 Attachment Summary for ISP-1554:
   ✅ Uploaded: 1
   ⏭️  Skipped: 0
   ❌ Failed: 0

[LABEL] Processing 1 label(s) for ISP-1554
[LABEL-MATCH] Found existing label 'QA' (stored as 'qa') -> f66526ba-6a94-47b5-8239-f9fae5aa2248
[LABEL-ATTACH] Successfully attached label 'qa' (ID: f66526ba-6a94-47b5-8239-f9fae5aa2248) to ISP-1554
[LABEL] Completed processing labels for ISP-1554. Total attached: 1
[COMMENTS] Importing 1 comment(s) for ISP-1554...
[USER-MATCH] Matched 'Robert Mbugua Kanyoro' by email: robert.mbugua@craftsilicon.com -> fb1e0a05-f047-4e22-a52b-b9b1fe4b4358
[IMPORT] Added rich text comment by Robert Mbugua Kanyoro to ISP-1554 (id=cb3e18e9-58ec-4346-93d5-1ec41f04a484, length=18)
[DESCRIPTION-VALIDATE] ISP-1554: new_len=355, existing_len=391
[DESCRIPTION-UPDATE] ISP-1554: Updated description (355 chars)
  Previous: <div class="trix-content">
  <p><strong>Repro steps</strong></p>
<p><strong>Actual results</strong></...
  Updated: <p><strong>Repro steps</strong></p>
<p><strong>Actual results</strong></p>
<p>Ticket is created succe...
Processing issue 279/439: ISP-1553
[DEBUG-LABELS] Total labels found for ISP-1553: 1
[USER-FALLBACK] Using default user for 'Stephen Mungai' -> b3613172-fc54-4742-b2ba-c10b97d15bf4
[USER-MATCH] Matched 'Mureithi Maina' by parsed first+last: Mureithi Maina -> 48b6b96d-6b97-44ef-b692-40a2ad9d967e
[STATUS-MATCH] Matched status 'In Progress' by name: In Progress -> c805a0e9-73fc-4726-a1ab-d28b9a36469e
[BANKING-MATCH] Found existing banking type 'ERP' -> d9a45733-9624-42c2-afcc-888ce998dbbe
📥 DOWNLOADING ISSUE-LEVEL ATTACHMENTS FOR ISP-1553
   Total files: 1 (1.09 MB)

   [1/1] 📥 Downloading: Social Media Role Access Rights.mp4 (1.09 MB)
  Attempt 1/3: Downloading from https://craftsilicon.atlassian.net/rest/api/3/attachment/content/123190...
  Following redirect 1/6 to: https://api.media.atlassian.com/file/1a00988e-8a13-412b-b5ad-a3b9f2014c16/binary?token=eyJhbGciOiJIUzI1NiJ9.eyJpc3MiOiJiN...
  Attempt 1/3: Downloading from https://api.media.atlassian.com/file/1a00988e-8a13-412b-b5ad-a3b9f2014c16/binary?token=eyJhbGciOiJIUzI1NiJ9.eyJpc3MiOiJiN...
  ✅ Downloaded 1144110 bytes successfully
   ✅ Successfully attached: Social Media Role Access Rights.mp4 (verified in storage)
  Attached Social Media Role Access Rights.mp4 to defect ISP-1553 (service_exists=true)

📊 Attachment Summary for ISP-1553:
   ✅ Uploaded: 1
   ⏭️  Skipped: 0
   ❌ Failed: 0

[LABEL] Processing 1 label(s) for ISP-1553
[LABEL-MATCH] Found existing label 'QA' (stored as 'qa') -> f66526ba-6a94-47b5-8239-f9fae5aa2248
[LABEL-ATTACH] Successfully attached label 'qa' (ID: f66526ba-6a94-47b5-8239-f9fae5aa2248) to ISP-1553
[LABEL] Completed processing labels for ISP-1553. Total attached: 1
[COMMENTS] Importing 1 comment(s) for ISP-1553...
[USER-MATCH] Matched 'Robert Mbugua Kanyoro' by email: robert.mbugua@craftsilicon.com -> fb1e0a05-f047-4e22-a52b-b9b1fe4b4358
[IMPORT] Added rich text comment by Robert Mbugua Kanyoro to ISP-1553 (id=e60ac1a4-0d56-4371-b609-f62cf37d4281, length=18)
[DESCRIPTION-VALIDATE] ISP-1553: new_len=1014, existing_len=1050
[DESCRIPTION-UPDATE] ISP-1553: Updated description (1014 chars)
  Previous: <div class="trix-content">
  <p><strong>Pre-Condition: For the Social Media module, “Create” , “Read”...
  Updated: <p><strong>Pre-Condition: For the Social Media module, “Create” , “Read” and “Delete” permissions are...
Processing issue 280/439: ISP-1552
[DEBUG-LABELS] Total labels found for ISP-1552: 1
[USER-MATCH] Matched 'Wilberforce Wakhungu' by parsed first+last: wilberforce Wakhungu -> 03c960cf-9cd1-41dc-8a6b-669843030d52
[USER-MATCH] Matched 'Mureithi Maina' by parsed first+last: Mureithi Maina -> 48b6b96d-6b97-44ef-b692-40a2ad9d967e
[STATUS-MATCH] Matched status 'In Progress' by name: In Progress -> c805a0e9-73fc-4726-a1ab-d28b9a36469e
[BANKING-MATCH] Found existing banking type 'ERP' -> d9a45733-9624-42c2-afcc-888ce998dbbe
📥 DOWNLOADING ISSUE-LEVEL ATTACHMENTS FOR ISP-1552
   Total files: 2 (3.23 MB)

   [1/2] 📥 Downloading: Leads(Marketing Lists2).mp4 (1.73 MB)
  Attempt 1/3: Downloading from https://craftsilicon.atlassian.net/rest/api/3/attachment/content/123186...
  Following redirect 1/6 to: https://api.media.atlassian.com/file/28621e84-72a8-42eb-8f20-3668fd5e8577/binary?token=eyJhbGciOiJIUzI1NiJ9.eyJpc3MiOiJiN...
  Attempt 1/3: Downloading from https://api.media.atlassian.com/file/28621e84-72a8-42eb-8f20-3668fd5e8577/binary?token=eyJhbGciOiJIUzI1NiJ9.eyJpc3MiOiJiN...
  ✅ Downloaded 1809756 bytes successfully
   ✅ Successfully attached: Leads(Marketing Lists2).mp4 (verified in storage)
  Attached Leads(Marketing Lists2).mp4 to defect ISP-1552 (service_exists=true)
   [2/2] 📥 Downloading: Leads-Update(Right).mp4 (1.51 MB)
  Attempt 1/3: Downloading from https://craftsilicon.atlassian.net/rest/api/3/attachment/content/123187...
  Following redirect 1/6 to: https://api.media.atlassian.com/file/d61ae752-f9c1-4571-b65d-12bb398abef9/binary?token=eyJhbGciOiJIUzI1NiJ9.eyJpc3MiOiJiN...
  Attempt 1/3: Downloading from https://api.media.atlassian.com/file/d61ae752-f9c1-4571-b65d-12bb398abef9/binary?token=eyJhbGciOiJIUzI1NiJ9.eyJpc3MiOiJiN...
  ✅ Downloaded 1578519 bytes successfully
   ✅ Successfully attached: Leads-Update(Right).mp4 (verified in storage)
  Attached Leads-Update(Right).mp4 to defect ISP-1552 (service_exists=true)

📊 Attachment Summary for ISP-1552:
   ✅ Uploaded: 2
   ⏭️  Skipped: 0
   ❌ Failed: 0

[LABEL] Processing 1 label(s) for ISP-1552
[LABEL-MATCH] Found existing label 'QA' (stored as 'qa') -> f66526ba-6a94-47b5-8239-f9fae5aa2248
[LABEL-ATTACH] Successfully attached label 'qa' (ID: f66526ba-6a94-47b5-8239-f9fae5aa2248) to ISP-1552
[LABEL] Completed processing labels for ISP-1552. Total attached: 1
[COMMENTS] Importing 1 comment(s) for ISP-1552...
[USER-MATCH] Matched 'Robert Mbugua Kanyoro' by email: robert.mbugua@craftsilicon.com -> fb1e0a05-f047-4e22-a52b-b9b1fe4b4358
[IMPORT] Added rich text comment by Robert Mbugua Kanyoro to ISP-1552 (id=4d2f4617-df11-4026-a974-d3435a0f1be0, length=18)
[DESCRIPTION-VALIDATE] ISP-1552: new_len=143, existing_len=179
[DESCRIPTION-UPDATE] ISP-1552: Updated description (143 chars)
  Previous: <div class="trix-content">
  <p><strong>Repro steps</strong></p>
<p><strong>Actual results</strong></...
  Updated: <p><strong>Repro steps</strong></p>
<p><strong>Actual results</strong></p>
<p>Updated successfully</p...
Processing issue 281/439: ISP-1551
[DEBUG-LABELS] Total labels found for ISP-1551: 1
[USER-FALLBACK] Using default user for 'Stephen Mungai' -> b3613172-fc54-4742-b2ba-c10b97d15bf4
[USER-FALLBACK] Using default user for 'Stephen Mungai' -> b3613172-fc54-4742-b2ba-c10b97d15bf4
[STATUS-MATCH] Matched status 'Closed' by name: Closed -> 8c60b5b6-b9e9-405d-8d7d-d672cb9b23f1
[BANKING-MATCH] Found existing banking type 'ERP' -> d9a45733-9624-42c2-afcc-888ce998dbbe
📥 DOWNLOADING ISSUE-LEVEL ATTACHMENTS FOR ISP-1551
   Total files: 5 (6.83 MB)

   [1/5] 📥 Downloading: image-20251105-090136.png (0.05 MB)
  Attempt 1/3: Downloading from https://craftsilicon.atlassian.net/rest/api/3/attachment/content/128316...
  Following redirect 1/6 to: https://api.media.atlassian.com/file/daf8fb84-3400-4dea-a615-c7f8c1f03447/binary?token=eyJhbGciOiJIUzI1NiJ9.eyJpc3MiOiJiN...
  Attempt 1/3: Downloading from https://api.media.atlassian.com/file/daf8fb84-3400-4dea-a615-c7f8c1f03447/binary?token=eyJhbGciOiJIUzI1NiJ9.eyJpc3MiOiJiN...
  ✅ Downloaded 53758 bytes successfully
   ✅ Successfully attached: image-20251105-090136.png (verified in storage)
  Attached image-20251105-090136.png to defect ISP-1551 (service_exists=true)
   [2/5] 📥 Downloading: Marketing PLans in Darft Mode.mp4 (1.5 MB)
  Attempt 1/3: Downloading from https://craftsilicon.atlassian.net/rest/api/3/attachment/content/123183...
  Following redirect 1/6 to: https://api.media.atlassian.com/file/4a89ffae-e427-4d5d-809f-ea52141bd87e/binary?token=eyJhbGciOiJIUzI1NiJ9.eyJpc3MiOiJiN...
  Attempt 1/3: Downloading from https://api.media.atlassian.com/file/4a89ffae-e427-4d5d-809f-ea52141bd87e/binary?token=eyJhbGciOiJIUzI1NiJ9.eyJpc3MiOiJiN...
  ✅ Downloaded 1572324 bytes successfully
   ✅ Successfully attached: Marketing PLans in Darft Mode.mp4 (verified in storage)
  Attached Marketing PLans in Darft Mode.mp4 to defect ISP-1551 (service_exists=true)
   [3/5] 📥 Downloading: Retest ISP-1551 Adding Marketing Plan.mp4 (1.7 MB)
  Attempt 1/3: Downloading from https://craftsilicon.atlassian.net/rest/api/3/attachment/content/128377...
  Following redirect 1/6 to: https://api.media.atlassian.com/file/cfcfcb7e-49ed-497e-81dc-1a73c79ce1d7/binary?token=eyJhbGciOiJIUzI1NiJ9.eyJpc3MiOiJiN...
  Attempt 1/3: Downloading from https://api.media.atlassian.com/file/cfcfcb7e-49ed-497e-81dc-1a73c79ce1d7/binary?token=eyJhbGciOiJIUzI1NiJ9.eyJpc3MiOiJiN...
  ✅ Downloaded 1781687 bytes successfully
   ✅ Successfully attached: Retest ISP-1551 Adding Marketing Plan.mp4 (verified in storage)
  Attached Retest ISP-1551 Adding Marketing Plan.mp4 to defect ISP-1551 (service_exists=true)
   [4/5] 📥 Downloading: Retest ISP-1551 Approved & Rejected Successfully.mp4 (0.9 MB)
  Attempt 1/3: Downloading from https://craftsilicon.atlassian.net/rest/api/3/attachment/content/128376...
  Following redirect 1/6 to: https://api.media.atlassian.com/file/274d0769-9410-4783-8e36-7951b42fbe2b/binary?token=eyJhbGciOiJIUzI1NiJ9.eyJpc3MiOiJiN...
  Attempt 1/3: Downloading from https://api.media.atlassian.com/file/274d0769-9410-4783-8e36-7951b42fbe2b/binary?token=eyJhbGciOiJIUzI1NiJ9.eyJpc3MiOiJiN...
  ✅ Downloaded 942083 bytes successfully
   ✅ Successfully attached: Retest ISP-1551 Approved & Rejected Successfully.mp4 (verified in storage)
  Attached Retest ISP-1551 Approved & Rejected Successfully.mp4 to defect ISP-1551 (service_exists=true)
   [5/5] 📥 Downloading: Retest ISP-1551 Pass (Branch Manager Deleting marketing Plans).mp4 (2.68 MB)
  Attempt 1/3: Downloading from https://craftsilicon.atlassian.net/rest/api/3/attachment/content/128378...
  Following redirect 1/6 to: https://api.media.atlassian.com/file/cf744be1-dd69-4339-a23c-93248c2a9381/binary?token=eyJhbGciOiJIUzI1NiJ9.eyJpc3MiOiJiN...
  Attempt 1/3: Downloading from https://api.media.atlassian.com/file/cf744be1-dd69-4339-a23c-93248c2a9381/binary?token=eyJhbGciOiJIUzI1NiJ9.eyJpc3MiOiJiN...
  ✅ Downloaded 2810213 bytes successfully
   ✅ Successfully attached: Retest ISP-1551 Pass (Branch Manager Deleting marketing Plans).mp4 (verified in storage)
  Attached Retest ISP-1551 Pass (Branch Manager Deleting marketing Plans).mp4 to defect ISP-1551 (service_exists=true)

📊 Attachment Summary for ISP-1551:
   ✅ Uploaded: 5
   ⏭️  Skipped: 0
   ❌ Failed: 0

[LABEL] Processing 1 label(s) for ISP-1551
[LABEL-MATCH] Found existing label 'QA' (stored as 'qa') -> f66526ba-6a94-47b5-8239-f9fae5aa2248
[LABEL-ATTACH] Successfully attached label 'qa' (ID: f66526ba-6a94-47b5-8239-f9fae5aa2248) to ISP-1551
[LABEL] Completed processing labels for ISP-1551. Total attached: 1
[COMMENTS] Importing 4 comment(s) for ISP-1551...
[USER-MATCH] Matched 'Mureithi Maina' by parsed first+last: Mureithi Maina -> 48b6b96d-6b97-44ef-b692-40a2ad9d967e
[IMPORT] Added rich text comment by Mureithi Maina to ISP-1551 (id=1c6b5036-5c32-48e7-a549-923cdf77b614, length=50)
[USER-MATCH] Matched 'archana.verma' by parsed first+last: archana verma -> 7b5370b5-abcd-4ad2-908b-1791ca40d9c9
[IMPORT] Added rich text comment by archana.verma to ISP-1551 (id=d441e2fb-12f3-40c6-9e51-bb8c4b8b9a64, length=155)
[USER-MATCH] Matched 'Robert Mbugua Kanyoro' by email: robert.mbugua@craftsilicon.com -> fb1e0a05-f047-4e22-a52b-b9b1fe4b4358
[IMPORT] Added rich text comment by Robert Mbugua Kanyoro to ISP-1551 (id=534a8262-2d8c-46bb-8a4c-e5f2cebbb299, length=14)
[USER-FALLBACK] Using default user for 'Stephen Mungai' -> b3613172-fc54-4742-b2ba-c10b97d15bf4
[IMPORT] Added rich text comment by Stephen Mungai to ISP-1551 (id=c4e6cf01-98c8-4414-a740-49420e3f6a5b, length=183)
[DESCRIPTION-VALIDATE] ISP-1551: new_len=425, existing_len=461
[DESCRIPTION-UPDATE] ISP-1551: Updated description (425 chars)
  Previous: <div class="trix-content">
  <p><strong>Actual Result</strong></p>
<p>Users cannot delete draft marke...
  Updated: <p><strong>Actual Result</strong></p>
<p>Users cannot delete draft marketing plans and entire marketi...
Processing issue 282/439: ISP-1550
[DEBUG-LABELS] Total labels found for ISP-1550: 1
[USER-FALLBACK] Using default user for 'Stephen Mungai' -> b3613172-fc54-4742-b2ba-c10b97d15bf4
[USER-MATCH] Matched 'Mureithi Maina' by parsed first+last: Mureithi Maina -> 48b6b96d-6b97-44ef-b692-40a2ad9d967e
[STATUS-MATCH] Matched status 'In Progress' by name: In Progress -> c805a0e9-73fc-4726-a1ab-d28b9a36469e
[BANKING-MATCH] Found existing banking type 'ERP' -> d9a45733-9624-42c2-afcc-888ce998dbbe
📥 DOWNLOADING ISSUE-LEVEL ATTACHMENTS FOR ISP-1550
   Total files: 1 (1.97 MB)

   [1/1] 📥 Downloading: Update & Delete Access right Marketing Plan.mp4 (1.97 MB)
  Attempt 1/3: Downloading from https://craftsilicon.atlassian.net/rest/api/3/attachment/content/123181...
  Following redirect 1/6 to: https://api.media.atlassian.com/file/e5b46696-256d-4d54-8a54-bace96986d90/binary?token=eyJhbGciOiJIUzI1NiJ9.eyJpc3MiOiJiN...
  Attempt 1/3: Downloading from https://api.media.atlassian.com/file/e5b46696-256d-4d54-8a54-bace96986d90/binary?token=eyJhbGciOiJIUzI1NiJ9.eyJpc3MiOiJiN...
  ✅ Downloaded 2068528 bytes successfully
   ✅ Successfully attached: Update & Delete Access right Marketing Plan.mp4 (verified in storage)
  Attached Update & Delete Access right Marketing Plan.mp4 to defect ISP-1550 (service_exists=true)

📊 Attachment Summary for ISP-1550:
   ✅ Uploaded: 1
   ⏭️  Skipped: 0
   ❌ Failed: 0

[LABEL] Processing 1 label(s) for ISP-1550
[LABEL-MATCH] Found existing label 'QA' (stored as 'qa') -> f66526ba-6a94-47b5-8239-f9fae5aa2248
[LABEL-ATTACH] Successfully attached label 'qa' (ID: f66526ba-6a94-47b5-8239-f9fae5aa2248) to ISP-1550
[LABEL] Completed processing labels for ISP-1550. Total attached: 1
[COMMENTS] Importing 1 comment(s) for ISP-1550...
[USER-MATCH] Matched 'Robert Mbugua Kanyoro' by email: robert.mbugua@craftsilicon.com -> fb1e0a05-f047-4e22-a52b-b9b1fe4b4358
[IMPORT] Added rich text comment by Robert Mbugua Kanyoro to ISP-1550 (id=a9ab6429-27a3-4d3f-aad5-a5c640767942, length=19)
[DESCRIPTION-VALIDATE] ISP-1550: new_len=637, existing_len=681
[DESCRIPTION-UPDATE] ISP-1550: Updated description (637 chars)
  Previous: <div class="trix-content">
  <p><strong>Pre-Condition: For the Marketing Planner module, “Create” per...
  Updated: <p><strong>Pre-Condition: For the Marketing Planner module, “Create” permission is enabled and “Updat...
Processing issue 283/439: ISP-1549
[DEBUG-LABELS] Total labels found for ISP-1549: 1
[USER-MATCH] Matched 'Wilberforce Wakhungu' by parsed first+last: wilberforce Wakhungu -> 03c960cf-9cd1-41dc-8a6b-669843030d52
[USER-MATCH] Matched 'Robert Mbugua Kanyoro' by email: robert.mbugua@craftsilicon.com -> fb1e0a05-f047-4e22-a52b-b9b1fe4b4358
[STATUS-MATCH] Matched status 'In Progress' by name: In Progress -> c805a0e9-73fc-4726-a1ab-d28b9a36469e
[BANKING-MATCH] Found existing banking type 'ERP' -> d9a45733-9624-42c2-afcc-888ce998dbbe
📥 DOWNLOADING ISSUE-LEVEL ATTACHMENTS FOR ISP-1549
   Total files: 2 (4.57 MB)

   [1/2] 📥 Downloading: Clients and Tickets- Roles.mp4 (2.01 MB)
  Attempt 1/3: Downloading from https://craftsilicon.atlassian.net/rest/api/3/attachment/content/123179...
  Following redirect 1/6 to: https://api.media.atlassian.com/file/f3aa3542-5e62-4f6d-8c9e-4be4814e2ed4/binary?token=eyJhbGciOiJIUzI1NiJ9.eyJpc3MiOiJiN...
  Attempt 1/3: Downloading from https://api.media.atlassian.com/file/f3aa3542-5e62-4f6d-8c9e-4be4814e2ed4/binary?token=eyJhbGciOiJIUzI1NiJ9.eyJpc3MiOiJiN...
  ✅ Downloaded 2103302 bytes successfully
   ✅ Successfully attached: Clients and Tickets- Roles.mp4 (verified in storage)
  Attached Clients and Tickets- Roles.mp4 to defect ISP-1549 (service_exists=true)
   [2/2] 📥 Downloading: Leads-Roles.mp4 (2.56 MB)
  Attempt 1/3: Downloading from https://craftsilicon.atlassian.net/rest/api/3/attachment/content/123178...
  Following redirect 1/6 to: https://api.media.atlassian.com/file/d8b536d9-cc1a-4762-92e4-f79cd0dddfda/binary?token=eyJhbGciOiJIUzI1NiJ9.eyJpc3MiOiJiN...
  Attempt 1/3: Downloading from https://api.media.atlassian.com/file/d8b536d9-cc1a-4762-92e4-f79cd0dddfda/binary?token=eyJhbGciOiJIUzI1NiJ9.eyJpc3MiOiJiN...
  ✅ Downloaded 2689003 bytes successfully
   ✅ Successfully attached: Leads-Roles.mp4 (verified in storage)
  Attached Leads-Roles.mp4 to defect ISP-1549 (service_exists=true)

📊 Attachment Summary for ISP-1549:
   ✅ Uploaded: 2
   ⏭️  Skipped: 0
   ❌ Failed: 0

[LABEL] Processing 1 label(s) for ISP-1549
[LABEL-MATCH] Found existing label 'QA' (stored as 'qa') -> f66526ba-6a94-47b5-8239-f9fae5aa2248
[LABEL-ATTACH] Successfully attached label 'qa' (ID: f66526ba-6a94-47b5-8239-f9fae5aa2248) to ISP-1549
[LABEL] Completed processing labels for ISP-1549. Total attached: 1
[COMMENTS] Importing 1 comment(s) for ISP-1549...
[USER-MATCH] Matched 'Robert Mbugua Kanyoro' by email: robert.mbugua@craftsilicon.com -> fb1e0a05-f047-4e22-a52b-b9b1fe4b4358
[IMPORT] Added rich text comment by Robert Mbugua Kanyoro to ISP-1549 (id=7b3812e8-f8fb-44c8-b627-9561358d8cfb, length=278)
[DESCRIPTION-VALIDATE] ISP-1549: new_len=385, existing_len=421
[DESCRIPTION-UPDATE] ISP-1549: Updated description (385 chars)
  Previous: <div class="trix-content">
  <p><strong>Repro steps</strong></p>
<p><strong>Actual results</strong></...
  Updated: <p><strong>Repro steps</strong></p>
<p><strong>Actual results</strong></p>
<p>Incorrect system error ...
Processing issue 284/439: ISP-1546
[DEBUG-LABELS] Total labels found for ISP-1546: 1
[USER-MATCH] Matched 'Wilberforce Wakhungu' by parsed first+last: wilberforce Wakhungu -> 03c960cf-9cd1-41dc-8a6b-669843030d52
[USER-MATCH] Matched 'Robert Mbugua Kanyoro' by email: robert.mbugua@craftsilicon.com -> fb1e0a05-f047-4e22-a52b-b9b1fe4b4358
[STATUS-MATCH] Matched status 'Failed-QA' by normalized name: Failed QA -> 42911275-9770-4690-9c7d-9f71e090f491
[BANKING-MATCH] Found existing banking type 'ERP' -> d9a45733-9624-42c2-afcc-888ce998dbbe
📥 DOWNLOADING ISSUE-LEVEL ATTACHMENTS FOR ISP-1546
   Total files: 3 (4.22 MB)

   [1/3] 📥 Downloading: image-20251126-123705.png (0.08 MB)
  Attempt 1/3: Downloading from https://craftsilicon.atlassian.net/rest/api/3/attachment/content/129866...
  Following redirect 1/6 to: https://api.media.atlassian.com/file/5c64fe00-5ee1-4432-82f4-d647c74a7318/binary?token=eyJhbGciOiJIUzI1NiJ9.eyJpc3MiOiJiN...
  Attempt 1/3: Downloading from https://api.media.atlassian.com/file/5c64fe00-5ee1-4432-82f4-d647c74a7318/binary?token=eyJhbGciOiJIUzI1NiJ9.eyJpc3MiOiJiN...
  ✅ Downloaded 83748 bytes successfully
   ✅ Successfully attached: image-20251126-123705.png (verified in storage)
  Attached image-20251126-123705.png to defect ISP-1546 (service_exists=true)
   [2/3] 📥 Downloading: Market List-Static-added.mp4 (1.43 MB)
  Attempt 1/3: Downloading from https://craftsilicon.atlassian.net/rest/api/3/attachment/content/123170...
  Following redirect 1/6 to: https://api.media.atlassian.com/file/dddba422-651b-4446-add0-58ad8d4e7957/binary?token=eyJhbGciOiJIUzI1NiJ9.eyJpc3MiOiJiN...
  Attempt 1/3: Downloading from https://api.media.atlassian.com/file/dddba422-651b-4446-add0-58ad8d4e7957/binary?token=eyJhbGciOiJIUzI1NiJ9.eyJpc3MiOiJiN...
  ✅ Downloaded 1502952 bytes successfully
   ✅ Successfully attached: Market List-Static-added.mp4 (verified in storage)
  Attached Market List-Static-added.mp4 to defect ISP-1546 (service_exists=true)
   [3/3] 📥 Downloading: retest-isp-1546-fail_r4FhUfZd.mp4 (2.7 MB)
  Attempt 1/3: Downloading from https://craftsilicon.atlassian.net/rest/api/3/attachment/content/129870...
  Following redirect 1/6 to: https://api.media.atlassian.com/file/c167bea0-8f6b-4b50-9c72-ee89ddaef127/binary?token=eyJhbGciOiJIUzI1NiJ9.eyJpc3MiOiJiN...
  Attempt 1/3: Downloading from https://api.media.atlassian.com/file/c167bea0-8f6b-4b50-9c72-ee89ddaef127/binary?token=eyJhbGciOiJIUzI1NiJ9.eyJpc3MiOiJiN...
  ✅ Downloaded 2834318 bytes successfully
   ✅ Successfully attached: retest-isp-1546-fail_r4FhUfZd.mp4 (verified in storage)
  Attached retest-isp-1546-fail_r4FhUfZd.mp4 to defect ISP-1546 (service_exists=true)

📊 Attachment Summary for ISP-1546:
   ✅ Uploaded: 3
   ⏭️  Skipped: 0
   ❌ Failed: 0

[LABEL] Processing 1 label(s) for ISP-1546
[LABEL-MATCH] Found existing label 'QA' (stored as 'qa') -> f66526ba-6a94-47b5-8239-f9fae5aa2248
[LABEL-ATTACH] Successfully attached label 'qa' (ID: f66526ba-6a94-47b5-8239-f9fae5aa2248) to ISP-1546
[LABEL] Completed processing labels for ISP-1546. Total attached: 1
[COMMENTS] Importing 3 comment(s) for ISP-1546...
[USER-MATCH] Matched 'Robert Mbugua Kanyoro' by email: robert.mbugua@craftsilicon.com -> fb1e0a05-f047-4e22-a52b-b9b1fe4b4358
[IMPORT] Added rich text comment by Robert Mbugua Kanyoro to ISP-1546 (id=83b71b7d-83f3-45de-99c1-b5907f8d4b95, length=19)
[USER-MATCH] Matched 'Robert Mbugua Kanyoro' by email: robert.mbugua@craftsilicon.com -> fb1e0a05-f047-4e22-a52b-b9b1fe4b4358
[IMPORT] Added rich text comment by Robert Mbugua Kanyoro to ISP-1546 (id=3edca3d5-019e-4720-ad18-1bb717dad8a1, length=100)
[USER-MATCH] Matched 'nicholas.mbithuka' by parsed first+last: nicholas Mbithuka -> a4ac82e1-0812-4298-a390-eb72c4248f1a
[IMPORT] Added rich text comment by nicholas.mbithuka to ISP-1546 (id=33b1bcca-b56f-4ff8-8fae-e1f59f4a2dca, length=87)
[DESCRIPTION-VALIDATE] ISP-1546: new_len=254, existing_len=290
[DESCRIPTION-UPDATE] ISP-1546: Updated description (254 chars)
  Previous: <div class="trix-content">
  <p><strong>Repro steps</strong></p>
<p><strong>Actual results</strong></...
  Updated: <p><strong>Repro steps</strong></p>
<p><strong>Actual results</strong></p>
<p>System displays an inco...
Processing issue 285/439: ISP-1545
[DEBUG-LABELS] Total labels found for ISP-1545: 1
[USER-MATCH] Matched 'Wilberforce Wakhungu' by parsed first+last: wilberforce Wakhungu -> 03c960cf-9cd1-41dc-8a6b-669843030d52
[USER-MATCH] Matched 'Wilberforce Wakhungu' by parsed first+last: wilberforce Wakhungu -> 03c960cf-9cd1-41dc-8a6b-669843030d52
[STATUS-MATCH] Matched status 'Closed' by name: Closed -> 8c60b5b6-b9e9-405d-8d7d-d672cb9b23f1
[BANKING-MATCH] Found existing banking type 'ERP' -> d9a45733-9624-42c2-afcc-888ce998dbbe
📥 DOWNLOADING ISSUE-LEVEL ATTACHMENTS FOR ISP-1545
   Total files: 3 (4.08 MB)

   [1/3] 📥 Downloading: image-20251110-085136.png (0.03 MB)
  Attempt 1/3: Downloading from https://craftsilicon.atlassian.net/rest/api/3/attachment/content/128607...
  Following redirect 1/6 to: https://api.media.atlassian.com/file/50492af3-8314-46b6-b389-3e5dfb2f058e/binary?token=eyJhbGciOiJIUzI1NiJ9.eyJpc3MiOiJiN...
  Attempt 1/3: Downloading from https://api.media.atlassian.com/file/50492af3-8314-46b6-b389-3e5dfb2f058e/binary?token=eyJhbGciOiJIUzI1NiJ9.eyJpc3MiOiJiN...
  ✅ Downloaded 26868 bytes successfully
   ✅ Successfully attached: image-20251110-085136.png (verified in storage)
  Attached image-20251110-085136.png to defect ISP-1545 (service_exists=true)
   [2/3] 📥 Downloading: Item master(Item & Inventory).mp4 (1.88 MB)
  Attempt 1/3: Downloading from https://craftsilicon.atlassian.net/rest/api/3/attachment/content/123167...
  Following redirect 1/6 to: https://api.media.atlassian.com/file/f13ae280-5946-436f-8e31-4cb7a39fa960/binary?token=eyJhbGciOiJIUzI1NiJ9.eyJpc3MiOiJiN...
  Attempt 1/3: Downloading from https://api.media.atlassian.com/file/f13ae280-5946-436f-8e31-4cb7a39fa960/binary?token=eyJhbGciOiJIUzI1NiJ9.eyJpc3MiOiJiN...
  ✅ Downloaded 1975542 bytes successfully
   ✅ Successfully attached: Item master(Item & Inventory).mp4 (verified in storage)
  Attached Item master(Item & Inventory).mp4 to defect ISP-1545 (service_exists=true)
   [3/3] 📥 Downloading: Pass-ISP-1545.mp4 (2.17 MB)
  Attempt 1/3: Downloading from https://craftsilicon.atlassian.net/rest/api/3/attachment/content/128637...
  Following redirect 1/6 to: https://api.media.atlassian.com/file/ffd9a6cd-a675-4c5e-9a31-e904b339fa26/binary?token=eyJhbGciOiJIUzI1NiJ9.eyJpc3MiOiJiN...
  Attempt 1/3: Downloading from https://api.media.atlassian.com/file/ffd9a6cd-a675-4c5e-9a31-e904b339fa26/binary?token=eyJhbGciOiJIUzI1NiJ9.eyJpc3MiOiJiN...
  ✅ Downloaded 2279112 bytes successfully
   ✅ Successfully attached: Pass-ISP-1545.mp4 (verified in storage)
  Attached Pass-ISP-1545.mp4 to defect ISP-1545 (service_exists=true)

📊 Attachment Summary for ISP-1545:
   ✅ Uploaded: 3
   ⏭️  Skipped: 0
   ❌ Failed: 0

[LABEL] Processing 1 label(s) for ISP-1545
[LABEL-MATCH] Found existing label 'QA' (stored as 'qa') -> f66526ba-6a94-47b5-8239-f9fae5aa2248
[LABEL-ATTACH] Successfully attached label 'qa' (ID: f66526ba-6a94-47b5-8239-f9fae5aa2248) to ISP-1545
[LABEL] Completed processing labels for ISP-1545. Total attached: 1
[COMMENTS] Importing 3 comment(s) for ISP-1545...
[USER-MATCH] Matched 'Mureithi Maina' by parsed first+last: Mureithi Maina -> 48b6b96d-6b97-44ef-b692-40a2ad9d967e
[RICH-TEXT] Comment 1 contains: color
[IMPORT] Added rich text comment by Mureithi Maina to ISP-1545 (id=a21c4652-8e75-438a-a45d-0b739b679f1b, length=65)
[USER-MATCH] Matched 'Robert Mbugua Kanyoro' by email: robert.mbugua@craftsilicon.com -> fb1e0a05-f047-4e22-a52b-b9b1fe4b4358
[IMPORT] Added rich text comment by Robert Mbugua Kanyoro to ISP-1545 (id=e0ae90f9-e823-4d0e-a61f-f9ae852ec83b, length=167)
[USER-MATCH] Matched 'Wilberforce Wakhungu' by parsed first+last: wilberforce Wakhungu -> 03c960cf-9cd1-41dc-8a6b-669843030d52
[RICH-TEXT] Comment 3 contains: color
[IMPORT] Added rich text comment by Wilberforce Wakhungu to ISP-1545 (id=22121175-13b9-4ede-9d85-73e3f7b7d62d, length=262)
[DESCRIPTION-VALIDATE] ISP-1545: new_len=361, existing_len=415
[DESCRIPTION-UPDATE] ISP-1545: Updated description (361 chars)
  Previous: <div class="trix-content">
  <p>Duplicate screens for Item Type and Inventory Types are available und...
  Updated: <p>Duplicate screens for Item Type and Inventory Types are available under Inventory>>Settings>>Item ...
Processing issue 286/439: ISP-1544
[DEBUG-LABELS] Total labels found for ISP-1544: 1
[USER-MATCH] Matched 'Wilberforce Wakhungu' by parsed first+last: wilberforce Wakhungu -> 03c960cf-9cd1-41dc-8a6b-669843030d52
[USER-MATCH] Matched 'Mureithi Maina' by parsed first+last: Mureithi Maina -> 48b6b96d-6b97-44ef-b692-40a2ad9d967e
[STATUS-MATCH] Matched status 'In Progress' by name: In Progress -> c805a0e9-73fc-4726-a1ab-d28b9a36469e
[BANKING-MATCH] Found existing banking type 'ERP' -> d9a45733-9624-42c2-afcc-888ce998dbbe
📥 DOWNLOADING ISSUE-LEVEL ATTACHMENTS FOR ISP-1544
   Total files: 2 (1.56 MB)

   [1/2] 📥 Downloading: Market Planner(cancel).mp4 (1.16 MB)
  Attempt 1/3: Downloading from https://craftsilicon.atlassian.net/rest/api/3/attachment/content/123165...
  Following redirect 1/6 to: https://api.media.atlassian.com/file/d81b3bc3-4d3c-4e96-898c-40e4d968dd3f/binary?token=eyJhbGciOiJIUzI1NiJ9.eyJpc3MiOiJiN...
  Attempt 1/3: Downloading from https://api.media.atlassian.com/file/d81b3bc3-4d3c-4e96-898c-40e4d968dd3f/binary?token=eyJhbGciOiJIUzI1NiJ9.eyJpc3MiOiJiN...
  ✅ Downloaded 1219173 bytes successfully
   ✅ Successfully attached: Market Planner(cancel).mp4 (verified in storage)
  Attached Market Planner(cancel).mp4 to defect ISP-1544 (service_exists=true)
   [2/2] 📥 Downloading: Market Planner(Cancel reference).mp4 (0.39 MB)
  Attempt 1/3: Downloading from https://craftsilicon.atlassian.net/rest/api/3/attachment/content/123164...
  Following redirect 1/6 to: https://api.media.atlassian.com/file/e270e709-0730-4d22-ac4e-8afa835110d8/binary?token=eyJhbGciOiJIUzI1NiJ9.eyJpc3MiOiJiN...
  Attempt 1/3: Downloading from https://api.media.atlassian.com/file/e270e709-0730-4d22-ac4e-8afa835110d8/binary?token=eyJhbGciOiJIUzI1NiJ9.eyJpc3MiOiJiN...
  ✅ Downloaded 414055 bytes successfully
   ✅ Successfully attached: Market Planner(Cancel reference).mp4 (verified in storage)
  Attached Market Planner(Cancel reference).mp4 to defect ISP-1544 (service_exists=true)

📊 Attachment Summary for ISP-1544:
   ✅ Uploaded: 2
   ⏭️  Skipped: 0
   ❌ Failed: 0

[LABEL] Processing 1 label(s) for ISP-1544
[LABEL-MATCH] Found existing label 'QA' (stored as 'qa') -> f66526ba-6a94-47b5-8239-f9fae5aa2248
[LABEL-ATTACH] Successfully attached label 'qa' (ID: f66526ba-6a94-47b5-8239-f9fae5aa2248) to ISP-1544
[LABEL] Completed processing labels for ISP-1544. Total attached: 1
[COMMENTS] Importing 1 comment(s) for ISP-1544...
[USER-MATCH] Matched 'Robert Mbugua Kanyoro' by email: robert.mbugua@craftsilicon.com -> fb1e0a05-f047-4e22-a52b-b9b1fe4b4358
[IMPORT] Added rich text comment by Robert Mbugua Kanyoro to ISP-1544 (id=237a0c95-2463-4066-9731-882720592472, length=19)
[DESCRIPTION-VALIDATE] ISP-1544: new_len=294, existing_len=330
[DESCRIPTION-UPDATE] ISP-1544: Updated description (294 chars)
  Previous: <div class="trix-content">
  <p><strong>Repro steps</strong></p>
<p><strong>Actual results</strong></...
  Updated: <p><strong>Repro steps</strong></p>
<p><strong>Actual results</strong></p>
<p>The cancel button is un...
Processing issue 287/439: ISP-1542
[DEBUG-LABELS] Total labels found for ISP-1542: 1
[USER-MATCH] Matched 'Wilberforce Wakhungu' by parsed first+last: wilberforce Wakhungu -> 03c960cf-9cd1-41dc-8a6b-669843030d52
[USER-MATCH] Matched 'Robert Mbugua Kanyoro' by email: robert.mbugua@craftsilicon.com -> fb1e0a05-f047-4e22-a52b-b9b1fe4b4358
[STATUS-MATCH] Matched status 'Failed-QA' by normalized name: Failed QA -> 42911275-9770-4690-9c7d-9f71e090f491
[BANKING-MATCH] Found existing banking type 'ERP' -> d9a45733-9624-42c2-afcc-888ce998dbbe
📥 DOWNLOADING ISSUE-LEVEL ATTACHMENTS FOR ISP-1542
   Total files: 3 (5.37 MB)

   [1/3] 📥 Downloading: image-20251126-125214.png (0.03 MB)
  Attempt 1/3: Downloading from https://craftsilicon.atlassian.net/rest/api/3/attachment/content/129869...
  Following redirect 1/6 to: https://api.media.atlassian.com/file/e807528d-e61e-48be-941d-7c6df5cd13d9/binary?token=eyJhbGciOiJIUzI1NiJ9.eyJpc3MiOiJiN...
  Attempt 1/3: Downloading from https://api.media.atlassian.com/file/e807528d-e61e-48be-941d-7c6df5cd13d9/binary?token=eyJhbGciOiJIUzI1NiJ9.eyJpc3MiOiJiN...
  ✅ Downloaded 31697 bytes successfully
   ✅ Successfully attached: image-20251126-125214.png (verified in storage)
  Attached image-20251126-125214.png to defect ISP-1542 (service_exists=true)
   [2/3] 📥 Downloading: Leads(Phone Number).mp4 (1.86 MB)
  Attempt 1/3: Downloading from https://craftsilicon.atlassian.net/rest/api/3/attachment/content/123160...
  Following redirect 1/6 to: https://api.media.atlassian.com/file/1618d5b1-0593-496e-99f4-2b6fbd431c51/binary?token=eyJhbGciOiJIUzI1NiJ9.eyJpc3MiOiJiN...
  Attempt 1/3: Downloading from https://api.media.atlassian.com/file/1618d5b1-0593-496e-99f4-2b6fbd431c51/binary?token=eyJhbGciOiJIUzI1NiJ9.eyJpc3MiOiJiN...
  ✅ Downloaded 1945829 bytes successfully
   ✅ Successfully attached: Leads(Phone Number).mp4 (verified in storage)
  Attached Leads(Phone Number).mp4 to defect ISP-1542 (service_exists=true)
   [3/3] 📥 Downloading: Retest -ISP 1542 Fail.mp4 (3.48 MB)
  Attempt 1/3: Downloading from https://craftsilicon.atlassian.net/rest/api/3/attachment/content/129909...
  Following redirect 1/6 to: https://api.media.atlassian.com/file/5e9e9d13-fe7d-4069-a7b8-557e9bf1b9ee/binary?token=eyJhbGciOiJIUzI1NiJ9.eyJpc3MiOiJiN...
  Attempt 1/3: Downloading from https://api.media.atlassian.com/file/5e9e9d13-fe7d-4069-a7b8-557e9bf1b9ee/binary?token=eyJhbGciOiJIUzI1NiJ9.eyJpc3MiOiJiN...
  ✅ Downloaded 3652792 bytes successfully
   ✅ Successfully attached: Retest -ISP 1542 Fail.mp4 (verified in storage)
  Attached Retest -ISP 1542 Fail.mp4 to defect ISP-1542 (service_exists=true)

📊 Attachment Summary for ISP-1542:
   ✅ Uploaded: 3
   ⏭️  Skipped: 0
   ❌ Failed: 0

[LABEL] Processing 1 label(s) for ISP-1542
[LABEL-MATCH] Found existing label 'QA' (stored as 'qa') -> f66526ba-6a94-47b5-8239-f9fae5aa2248
[LABEL-ATTACH] Successfully attached label 'qa' (ID: f66526ba-6a94-47b5-8239-f9fae5aa2248) to ISP-1542
[LABEL] Completed processing labels for ISP-1542. Total attached: 1
[COMMENTS] Importing 3 comment(s) for ISP-1542...
[USER-MATCH] Matched 'Robert Mbugua Kanyoro' by email: robert.mbugua@craftsilicon.com -> fb1e0a05-f047-4e22-a52b-b9b1fe4b4358
[IMPORT] Added rich text comment by Robert Mbugua Kanyoro to ISP-1542 (id=2bc3d3b5-e532-49c3-a447-735c9191f1c7, length=42)
[USER-MATCH] Matched 'Robert Mbugua Kanyoro' by email: robert.mbugua@craftsilicon.com -> fb1e0a05-f047-4e22-a52b-b9b1fe4b4358
[IMPORT] Added rich text comment by Robert Mbugua Kanyoro to ISP-1542 (id=edff7c58-096e-4224-8d63-11f9e8654d5b, length=44)
[USER-MATCH] Matched 'nicholas.mbithuka' by parsed first+last: nicholas Mbithuka -> a4ac82e1-0812-4298-a390-eb72c4248f1a
[IMPORT] Added rich text comment by nicholas.mbithuka to ISP-1542 (id=65178f3e-e22a-47a2-b368-bf55038a731a, length=122)
[DESCRIPTION-VALIDATE] ISP-1542: new_len=307, existing_len=343
[DESCRIPTION-UPDATE] ISP-1542: Updated description (307 chars)
  Previous: <div class="trix-content">
  <p><strong>Repro steps</strong></p>
<p><strong>Actual results</strong></...
  Updated: <p><strong>Repro steps</strong></p>
<p><strong>Actual results</strong></p>
<p>Individual and Corporat...
Processing issue 288/439: ISP-1537
[DEBUG-LABELS] Total labels found for ISP-1537: 1
[USER-MATCH] Matched 'Wilberforce Wakhungu' by parsed first+last: wilberforce Wakhungu -> 03c960cf-9cd1-41dc-8a6b-669843030d52
[USER-MATCH] Matched 'Mureithi Maina' by parsed first+last: Mureithi Maina -> 48b6b96d-6b97-44ef-b692-40a2ad9d967e
[STATUS-MATCH] Matched status 'In Progress' by name: In Progress -> c805a0e9-73fc-4726-a1ab-d28b9a36469e
[BANKING-MATCH] Found existing banking type 'ERP' -> d9a45733-9624-42c2-afcc-888ce998dbbe
📥 DOWNLOADING ISSUE-LEVEL ATTACHMENTS FOR ISP-1537
   Total files: 2 (1.53 MB)

   [1/2] 📥 Downloading: Campaigns(search).mp4 (0.52 MB)
  Attempt 1/3: Downloading from https://craftsilicon.atlassian.net/rest/api/3/attachment/content/122690...
  Following redirect 1/6 to: https://api.media.atlassian.com/file/c49faf3f-7140-4d67-8b9f-51010c78109d/binary?token=eyJhbGciOiJIUzI1NiJ9.eyJpc3MiOiJiN...
  Attempt 1/3: Downloading from https://api.media.atlassian.com/file/c49faf3f-7140-4d67-8b9f-51010c78109d/binary?token=eyJhbGciOiJIUzI1NiJ9.eyJpc3MiOiJiN...
  ✅ Downloaded 541477 bytes successfully
   ✅ Successfully attached: Campaigns(search).mp4 (verified in storage)
  Attached Campaigns(search).mp4 to defect ISP-1537 (service_exists=true)
   [2/2] 📥 Downloading: Product development(search).mp4 (1.01 MB)
  Attempt 1/3: Downloading from https://craftsilicon.atlassian.net/rest/api/3/attachment/content/123198...
  Following redirect 1/6 to: https://api.media.atlassian.com/file/69b9f25e-542e-4c7b-8915-a377c1874dc2/binary?token=eyJhbGciOiJIUzI1NiJ9.eyJpc3MiOiJiN...
  Attempt 1/3: Downloading from https://api.media.atlassian.com/file/69b9f25e-542e-4c7b-8915-a377c1874dc2/binary?token=eyJhbGciOiJIUzI1NiJ9.eyJpc3MiOiJiN...
  ✅ Downloaded 1062419 bytes successfully
   ✅ Successfully attached: Product development(search).mp4 (verified in storage)
  Attached Product development(search).mp4 to defect ISP-1537 (service_exists=true)

📊 Attachment Summary for ISP-1537:
   ✅ Uploaded: 2
   ⏭️  Skipped: 0
   ❌ Failed: 0

[LABEL] Processing 1 label(s) for ISP-1537
[LABEL-MATCH] Found existing label 'QA' (stored as 'qa') -> f66526ba-6a94-47b5-8239-f9fae5aa2248
[LABEL-ATTACH] Successfully attached label 'qa' (ID: f66526ba-6a94-47b5-8239-f9fae5aa2248) to ISP-1537
[LABEL] Completed processing labels for ISP-1537. Total attached: 1
[COMMENTS] Importing 1 comment(s) for ISP-1537...
[USER-MATCH] Matched 'Robert Mbugua Kanyoro' by email: robert.mbugua@craftsilicon.com -> fb1e0a05-f047-4e22-a52b-b9b1fe4b4358
[IMPORT] Added rich text comment by Robert Mbugua Kanyoro to ISP-1537 (id=cefad2a7-e15f-4d47-af4b-0be33dcfe973, length=19)
[DESCRIPTION-VALIDATE] ISP-1537: new_len=393, existing_len=429
[DESCRIPTION-UPDATE] ISP-1537: Updated description (393 chars)
  Previous: <div class="trix-content">
  <p><strong>Repro steps</strong></p>
<p><strong>Actual results</strong></...
  Updated: <p><strong>Repro steps</strong></p>
<p><strong>Actual results</strong></p>
<p><strong>Expected result...
Processing issue 289/439: ISP-1536
[DEBUG-LABELS] Total labels found for ISP-1536: 1
[USER-MATCH] Matched 'Wilberforce Wakhungu' by parsed first+last: wilberforce Wakhungu -> 03c960cf-9cd1-41dc-8a6b-669843030d52
[USER-MATCH] Matched 'Mureithi Maina' by parsed first+last: Mureithi Maina -> 48b6b96d-6b97-44ef-b692-40a2ad9d967e
[STATUS-MATCH] Matched status 'To Do' by name: TO DO -> 26ce9725-f948-4e26-8bfd-5e353e685e59
[BANKING-MATCH] Found existing banking type 'ERP' -> d9a45733-9624-42c2-afcc-888ce998dbbe
📥 DOWNLOADING ISSUE-LEVEL ATTACHMENTS FOR ISP-1536
   Total files: 1 (3.05 MB)

   [1/1] 📥 Downloading: Rights applicability.mp4 (3.05 MB)
  Attempt 1/3: Downloading from https://craftsilicon.atlassian.net/rest/api/3/attachment/content/122688...
  Following redirect 1/6 to: https://api.media.atlassian.com/file/ec4e5957-625f-4cec-8997-80c5e11a313e/binary?token=eyJhbGciOiJIUzI1NiJ9.eyJpc3MiOiJiN...
  Attempt 1/3: Downloading from https://api.media.atlassian.com/file/ec4e5957-625f-4cec-8997-80c5e11a313e/binary?token=eyJhbGciOiJIUzI1NiJ9.eyJpc3MiOiJiN...
  ✅ Downloaded 3198968 bytes successfully
   ✅ Successfully attached: Rights applicability.mp4 (verified in storage)
  Attached Rights applicability.mp4 to defect ISP-1536 (service_exists=true)

📊 Attachment Summary for ISP-1536:
   ✅ Uploaded: 1
   ⏭️  Skipped: 0
   ❌ Failed: 0

[LABEL] Processing 1 label(s) for ISP-1536
[LABEL-MATCH] Found existing label 'QA' (stored as 'qa') -> f66526ba-6a94-47b5-8239-f9fae5aa2248
[LABEL-ATTACH] Successfully attached label 'qa' (ID: f66526ba-6a94-47b5-8239-f9fae5aa2248) to ISP-1536
[LABEL] Completed processing labels for ISP-1536. Total attached: 1
[DESCRIPTION-VALIDATE] ISP-1536: new_len=76, existing_len=112
[DESCRIPTION-UPDATE] ISP-1536: Updated description (76 chars)
  Previous: <div class="trix-content">
  <p><strong>Repro steps</strong></p>
<p><strong>Expected results</strong>...
Processing issue 290/439: ISP-1534
[DEBUG-LABELS] Total labels found for ISP-1534: 1
[USER-MATCH] Matched 'gideon' by single name: gideon gideon -> a2f6fdcb-6a66-4ace-992b-0f3cd5e9cc53
[USER-MATCH] Matched 'Mureithi Maina' by parsed first+last: Mureithi Maina -> 48b6b96d-6b97-44ef-b692-40a2ad9d967e
[STATUS-MATCH] Matched status 'Awaiting Build' by name: Awaiting Build -> bf46baa0-8c97-4afe-a65a-a300e43d70e6
[BANKING-MATCH] Found existing banking type 'ERP' -> d9a45733-9624-42c2-afcc-888ce998dbbe
📥 DOWNLOADING ISSUE-LEVEL ATTACHMENTS FOR ISP-1534
   Total files: 1 (2.05 MB)

   [1/1] 📥 Downloading: Item-Categery-displays-incorrect-parent-category-at-sub-category-edit-mode_wDJ0OsbK (1).mp4 (2.05 MB)
  Attempt 1/3: Downloading from https://craftsilicon.atlassian.net/rest/api/3/attachment/content/122400...
  Following redirect 1/6 to: https://api.media.atlassian.com/file/9cd42f96-2581-4ee2-b5ed-2d44cd0d28c4/binary?token=eyJhbGciOiJIUzI1NiJ9.eyJpc3MiOiJiN...
  Attempt 1/3: Downloading from https://api.media.atlassian.com/file/9cd42f96-2581-4ee2-b5ed-2d44cd0d28c4/binary?token=eyJhbGciOiJIUzI1NiJ9.eyJpc3MiOiJiN...
  ✅ Downloaded 2151040 bytes successfully
   ✅ Successfully attached: Item-Categery-displays-incorrect-parent-category-at-sub-category-edit-mode_wDJ0OsbK (1).mp4 (verified in storage)
  Attached Item-Categery-displays-incorrect-parent-category-at-sub-category-edit-mode_wDJ0OsbK (1).mp4 to defect ISP-1534 (service_exists=true)

📊 Attachment Summary for ISP-1534:
   ✅ Uploaded: 1
   ⏭️  Skipped: 0
   ❌ Failed: 0

[LABEL] Processing 1 label(s) for ISP-1534
[LABEL-MATCH] Found existing label 'QA' (stored as 'qa') -> f66526ba-6a94-47b5-8239-f9fae5aa2248
[LABEL-ATTACH] Successfully attached label 'qa' (ID: f66526ba-6a94-47b5-8239-f9fae5aa2248) to ISP-1534
[LABEL] Completed processing labels for ISP-1534. Total attached: 1
[COMMENTS] Importing 1 comment(s) for ISP-1534...
[USER-MATCH] Matched 'Mureithi Maina' by parsed first+last: Mureithi Maina -> 48b6b96d-6b97-44ef-b692-40a2ad9d967e
[RICH-TEXT] Comment 1 contains: color
[IMPORT] Added rich text comment by Mureithi Maina to ISP-1534 (id=90f65fd5-6a28-49a3-a6ea-0d2c037ddd5f, length=65)
[DESCRIPTION-VALIDATE] ISP-1534: new_len=418, existing_len=469
[DESCRIPTION-UPDATE] ISP-1534: Updated description (418 chars)
  Previous: <div class="trix-content">
  <p><strong>Repro steps</strong></p>
<p><strong>Actual Results –</strong>...
  Updated: <p><strong>Repro steps</strong></p>
<p><strong>Actual Results –</strong></p>
<p>The Parent Category i...
Processing issue 291/439: ISP-1531
[DEBUG-LABELS] Total labels found for ISP-1531: 1
[USER-MATCH] Matched 'Wilberforce Wakhungu' by parsed first+last: wilberforce Wakhungu -> 03c960cf-9cd1-41dc-8a6b-669843030d52
[USER-MATCH] Matched 'Mureithi Maina' by parsed first+last: Mureithi Maina -> 48b6b96d-6b97-44ef-b692-40a2ad9d967e
[STATUS-MATCH] Matched status 'In Progress' by name: In Progress -> c805a0e9-73fc-4726-a1ab-d28b9a36469e
[BANKING-MATCH] Found existing banking type 'ERP' -> d9a45733-9624-42c2-afcc-888ce998dbbe
📥 DOWNLOADING ISSUE-LEVEL ATTACHMENTS FOR ISP-1531
   Total files: 2 (2.77 MB)

   [1/2] 📥 Downloading: Cancel reference video.mp4 (0.42 MB)
  Attempt 1/3: Downloading from https://craftsilicon.atlassian.net/rest/api/3/attachment/content/122336...
  Following redirect 1/6 to: https://api.media.atlassian.com/file/6e74ab32-8f0e-45f4-93fc-0df1dd76103f/binary?token=eyJhbGciOiJIUzI1NiJ9.eyJpc3MiOiJiN...
  Attempt 1/3: Downloading from https://api.media.atlassian.com/file/6e74ab32-8f0e-45f4-93fc-0df1dd76103f/binary?token=eyJhbGciOiJIUzI1NiJ9.eyJpc3MiOiJiN...
  ✅ Downloaded 438590 bytes successfully
   ✅ Successfully attached: Cancel reference video.mp4 (verified in storage)
  Attached Cancel reference video.mp4 to defect ISP-1531 (service_exists=true)
   [2/2] 📥 Downloading: Market List-Cancel Option.mp4 (2.35 MB)
  Attempt 1/3: Downloading from https://craftsilicon.atlassian.net/rest/api/3/attachment/content/122335...
  Following redirect 1/6 to: https://api.media.atlassian.com/file/16c09518-6ace-401a-b774-4fd6b32905f5/binary?token=eyJhbGciOiJIUzI1NiJ9.eyJpc3MiOiJiN...
  Attempt 1/3: Downloading from https://api.media.atlassian.com/file/16c09518-6ace-401a-b774-4fd6b32905f5/binary?token=eyJhbGciOiJIUzI1NiJ9.eyJpc3MiOiJiN...
  ✅ Downloaded 2460754 bytes successfully
   ✅ Successfully attached: Market List-Cancel Option.mp4 (verified in storage)
  Attached Market List-Cancel Option.mp4 to defect ISP-1531 (service_exists=true)

📊 Attachment Summary for ISP-1531:
   ✅ Uploaded: 2
   ⏭️  Skipped: 0
   ❌ Failed: 0

[LABEL] Processing 1 label(s) for ISP-1531
[LABEL-MATCH] Found existing label 'QA' (stored as 'qa') -> f66526ba-6a94-47b5-8239-f9fae5aa2248
[LABEL-ATTACH] Successfully attached label 'qa' (ID: f66526ba-6a94-47b5-8239-f9fae5aa2248) to ISP-1531
[LABEL] Completed processing labels for ISP-1531. Total attached: 1
[COMMENTS] Importing 1 comment(s) for ISP-1531...
[USER-MATCH] Matched 'Robert Mbugua Kanyoro' by email: robert.mbugua@craftsilicon.com -> fb1e0a05-f047-4e22-a52b-b9b1fe4b4358
[IMPORT] Added rich text comment by Robert Mbugua Kanyoro to ISP-1531 (id=1cfae988-314d-426d-b1d5-ee1709b9f32e, length=19)
[DESCRIPTION-VALIDATE] ISP-1531: new_len=291, existing_len=327
[DESCRIPTION-UPDATE] ISP-1531: Updated description (291 chars)
  Previous: <div class="trix-content">
  <p><strong>Repro steps</strong></p>
<p><strong>Actual results</strong></...
  Updated: <p><strong>Repro steps</strong></p>
<p><strong>Actual results</strong></p>
<p>The cancel button unres...
Processing issue 292/439: ISP-1530
[DEBUG-LABELS] Total labels found for ISP-1530: 1
[USER-MATCH] Matched 'Wilberforce Wakhungu' by parsed first+last: wilberforce Wakhungu -> 03c960cf-9cd1-41dc-8a6b-669843030d52
[USER-MATCH] Matched 'Robert Mbugua Kanyoro' by email: robert.mbugua@craftsilicon.com -> fb1e0a05-f047-4e22-a52b-b9b1fe4b4358
[STATUS-MATCH] Matched status 'Awaiting Build' by name: Awaiting Build -> bf46baa0-8c97-4afe-a65a-a300e43d70e6
[BANKING-MATCH] Found existing banking type 'ERP' -> d9a45733-9624-42c2-afcc-888ce998dbbe
📥 DOWNLOADING ISSUE-LEVEL ATTACHMENTS FOR ISP-1530
   Total files: 3 (9.41 MB)

   [1/3] 📥 Downloading: image-20251126-133626.png (0.03 MB)
  Attempt 1/3: Downloading from https://craftsilicon.atlassian.net/rest/api/3/attachment/content/129872...
  Following redirect 1/6 to: https://api.media.atlassian.com/file/3bbdb43f-2447-43f4-9172-3c1beac24587/binary?token=eyJhbGciOiJIUzI1NiJ9.eyJpc3MiOiJiN...
  Attempt 1/3: Downloading from https://api.media.atlassian.com/file/3bbdb43f-2447-43f4-9172-3c1beac24587/binary?token=eyJhbGciOiJIUzI1NiJ9.eyJpc3MiOiJiN...
  ✅ Downloaded 28096 bytes successfully
   ✅ Successfully attached: image-20251126-133626.png (verified in storage)
  Attached image-20251126-133626.png to defect ISP-1530 (service_exists=true)
   [2/3] 📥 Downloading: Market List-Dynamic-Values.mp4 (2.36 MB)
  Attempt 1/3: Downloading from https://craftsilicon.atlassian.net/rest/api/3/attachment/content/122330...
  Following redirect 1/6 to: https://api.media.atlassian.com/file/d0deb63c-e38c-47f5-bed9-e52fe2b646ac/binary?token=eyJhbGciOiJIUzI1NiJ9.eyJpc3MiOiJiN...
  Attempt 1/3: Downloading from https://api.media.atlassian.com/file/d0deb63c-e38c-47f5-bed9-e52fe2b646ac/binary?token=eyJhbGciOiJIUzI1NiJ9.eyJpc3MiOiJiN...
  ✅ Downloaded 2478542 bytes successfully
   ✅ Successfully attached: Market List-Dynamic-Values.mp4 (verified in storage)
  Attached Market List-Dynamic-Values.mp4 to defect ISP-1530 (service_exists=true)
   [3/3] 📥 Downloading: Retest ISP 1530 Fail.mp4 (7.02 MB)
  Attempt 1/3: Downloading from https://craftsilicon.atlassian.net/rest/api/3/attachment/content/129910...
  Following redirect 1/6 to: https://api.media.atlassian.com/file/558f1427-fae8-4a7b-99ea-6f3d8564ceb4/binary?token=eyJhbGciOiJIUzI1NiJ9.eyJpc3MiOiJiN...
  Attempt 1/3: Downloading from https://api.media.atlassian.com/file/558f1427-fae8-4a7b-99ea-6f3d8564ceb4/binary?token=eyJhbGciOiJIUzI1NiJ9.eyJpc3MiOiJiN...
  ✅ Downloaded 7361381 bytes successfully
   ✅ Successfully attached: Retest ISP 1530 Fail.mp4 (verified in storage)
  Attached Retest ISP 1530 Fail.mp4 to defect ISP-1530 (service_exists=true)

📊 Attachment Summary for ISP-1530:
   ✅ Uploaded: 3
   ⏭️  Skipped: 0
   ❌ Failed: 0

[LABEL] Processing 1 label(s) for ISP-1530
[LABEL-MATCH] Found existing label 'QA' (stored as 'qa') -> f66526ba-6a94-47b5-8239-f9fae5aa2248
[LABEL-ATTACH] Successfully attached label 'qa' (ID: f66526ba-6a94-47b5-8239-f9fae5aa2248) to ISP-1530
[LABEL] Completed processing labels for ISP-1530. Total attached: 1
[COMMENTS] Importing 3 comment(s) for ISP-1530...
[USER-MATCH] Matched 'Robert Mbugua Kanyoro' by email: robert.mbugua@craftsilicon.com -> fb1e0a05-f047-4e22-a52b-b9b1fe4b4358
[IMPORT] Added rich text comment by Robert Mbugua Kanyoro to ISP-1530 (id=c616f76e-3667-4dfe-b890-dc271c91c062, length=93)
[USER-MATCH] Matched 'nicholas.mbithuka' by parsed first+last: nicholas Mbithuka -> a4ac82e1-0812-4298-a390-eb72c4248f1a
[IMPORT] Added rich text comment by nicholas.mbithuka to ISP-1530 (id=fcc78af4-ac84-4e63-82e3-0bfa6e0b5a8b, length=296)
[USER-MATCH] Matched 'Robert Mbugua Kanyoro' by email: robert.mbugua@craftsilicon.com -> fb1e0a05-f047-4e22-a52b-b9b1fe4b4358
[IMPORT] Added rich text comment by Robert Mbugua Kanyoro to ISP-1530 (id=61456d8c-0fce-499f-82f5-21dd98da59e6, length=98)
[DESCRIPTION-VALIDATE] ISP-1530: new_len=225, existing_len=261
[DESCRIPTION-UPDATE] ISP-1530: Updated description (225 chars)
  Previous: <div class="trix-content">
  <p><strong>Repro steps</strong></p>
<p><strong>Actual results</strong></...
  Updated: <p><strong>Repro steps</strong></p>
<p><strong>Actual results</strong></p>
<p>User is not able to add...
Processing issue 293/439: ISP-1529
[DEBUG-LABELS] Total labels found for ISP-1529: 1
[USER-MATCH] Matched 'Wilberforce Wakhungu' by parsed first+last: wilberforce Wakhungu -> 03c960cf-9cd1-41dc-8a6b-669843030d52
[USER-MATCH] Matched 'Mureithi Maina' by parsed first+last: Mureithi Maina -> 48b6b96d-6b97-44ef-b692-40a2ad9d967e
[STATUS-MATCH] Matched status 'Awaiting Build' by name: Awaiting Build -> bf46baa0-8c97-4afe-a65a-a300e43d70e6
[BANKING-MATCH] Found existing banking type 'ERP' -> d9a45733-9624-42c2-afcc-888ce998dbbe
📥 DOWNLOADING ISSUE-LEVEL ATTACHMENTS FOR ISP-1529
   Total files: 3 (3.85 MB)

   [1/3] 📥 Downloading: Market List-Dynamic-Client.mp4 (1.25 MB)
  Attempt 1/3: Downloading from https://craftsilicon.atlassian.net/rest/api/3/attachment/content/122327...
  Following redirect 1/6 to: https://api.media.atlassian.com/file/12dd8235-bd01-4406-832d-31719fb2d181/binary?token=eyJhbGciOiJIUzI1NiJ9.eyJpc3MiOiJiN...
  Attempt 1/3: Downloading from https://api.media.atlassian.com/file/12dd8235-bd01-4406-832d-31719fb2d181/binary?token=eyJhbGciOiJIUzI1NiJ9.eyJpc3MiOiJiN...
  ✅ Downloaded 1305989 bytes successfully
   ✅ Successfully attached: Market List-Dynamic-Client.mp4 (verified in storage)
  Attached Market List-Dynamic-Client.mp4 to defect ISP-1529 (service_exists=true)
   [2/3] 📥 Downloading: Market List-Dynamic-Lead.mp4 (0.74 MB)
  Attempt 1/3: Downloading from https://craftsilicon.atlassian.net/rest/api/3/attachment/content/122326...
  Following redirect 1/6 to: https://api.media.atlassian.com/file/9ca38c1a-f9f3-4ac3-9855-ca51ac82b2d7/binary?token=eyJhbGciOiJIUzI1NiJ9.eyJpc3MiOiJiN...
  Attempt 1/3: Downloading from https://api.media.atlassian.com/file/9ca38c1a-f9f3-4ac3-9855-ca51ac82b2d7/binary?token=eyJhbGciOiJIUzI1NiJ9.eyJpc3MiOiJiN...
  ✅ Downloaded 775544 bytes successfully
   ✅ Successfully attached: Market List-Dynamic-Lead.mp4 (verified in storage)
  Attached Market List-Dynamic-Lead.mp4 to defect ISP-1529 (service_exists=true)
   [3/3] 📥 Downloading: Market List-Filter.mp4 (1.87 MB)
  Attempt 1/3: Downloading from https://craftsilicon.atlassian.net/rest/api/3/attachment/content/122328...
  Following redirect 1/6 to: https://api.media.atlassian.com/file/c87e68fc-467b-4f15-8664-f50f20438533/binary?token=eyJhbGciOiJIUzI1NiJ9.eyJpc3MiOiJiN...
  Attempt 1/3: Downloading from https://api.media.atlassian.com/file/c87e68fc-467b-4f15-8664-f50f20438533/binary?token=eyJhbGciOiJIUzI1NiJ9.eyJpc3MiOiJiN...
  ✅ Downloaded 1959737 bytes successfully
   ✅ Successfully attached: Market List-Filter.mp4 (verified in storage)
  Attached Market List-Filter.mp4 to defect ISP-1529 (service_exists=true)

📊 Attachment Summary for ISP-1529:
   ✅ Uploaded: 3
   ⏭️  Skipped: 0
   ❌ Failed: 0

[LABEL] Processing 1 label(s) for ISP-1529
[LABEL-MATCH] Found existing label 'QA' (stored as 'qa') -> f66526ba-6a94-47b5-8239-f9fae5aa2248
[LABEL-ATTACH] Successfully attached label 'qa' (ID: f66526ba-6a94-47b5-8239-f9fae5aa2248) to ISP-1529
[LABEL] Completed processing labels for ISP-1529. Total attached: 1
[COMMENTS] Importing 1 comment(s) for ISP-1529...
[USER-MATCH] Matched 'archana.verma' by parsed first+last: archana verma -> 7b5370b5-abcd-4ad2-908b-1791ca40d9c9
[IMPORT] Added rich text comment by archana.verma to ISP-1529 (id=3883da17-d20f-4715-9c45-15fb6fbc6e6a, length=155)
[DESCRIPTION-VALIDATE] ISP-1529: new_len=359, existing_len=395
[DESCRIPTION-UPDATE] ISP-1529: Updated description (359 chars)
  Previous: <div class="trix-content">
  <p><strong>Repro steps</strong></p>
<p><strong>Actual results</strong></...
  Updated: <p><strong>Repro steps</strong></p>
<p><strong>Actual results</strong></p>
<p><strong>Expected result...
Processing issue 294/439: ISP-1528
[DEBUG-LABELS] Total labels found for ISP-1528: 1
[USER-MATCH] Matched 'Wilberforce Wakhungu' by parsed first+last: wilberforce Wakhungu -> 03c960cf-9cd1-41dc-8a6b-669843030d52
[USER-MATCH] Matched 'Mureithi Maina' by parsed first+last: Mureithi Maina -> 48b6b96d-6b97-44ef-b692-40a2ad9d967e
[STATUS-MATCH] Matched status 'In Progress' by name: In Progress -> c805a0e9-73fc-4726-a1ab-d28b9a36469e
[BANKING-MATCH] Found existing banking type 'ERP' -> d9a45733-9624-42c2-afcc-888ce998dbbe
📥 DOWNLOADING ISSUE-LEVEL ATTACHMENTS FOR ISP-1528
   Total files: 1 (1.92 MB)

   [1/1] 📥 Downloading: Lead(Gender).mp4 (1.92 MB)
  Attempt 1/3: Downloading from https://craftsilicon.atlassian.net/rest/api/3/attachment/content/122300...
  Following redirect 1/6 to: https://api.media.atlassian.com/file/8cbf0496-066a-405f-a4a9-b57fb094d31e/binary?token=eyJhbGciOiJIUzI1NiJ9.eyJpc3MiOiJiN...
  Attempt 1/3: Downloading from https://api.media.atlassian.com/file/8cbf0496-066a-405f-a4a9-b57fb094d31e/binary?token=eyJhbGciOiJIUzI1NiJ9.eyJpc3MiOiJiN...
  ✅ Downloaded 2010200 bytes successfully
   ✅ Successfully attached: Lead(Gender).mp4 (verified in storage)
  Attached Lead(Gender).mp4 to defect ISP-1528 (service_exists=true)

📊 Attachment Summary for ISP-1528:
   ✅ Uploaded: 1
   ⏭️  Skipped: 0
   ❌ Failed: 0

[LABEL] Processing 1 label(s) for ISP-1528
[LABEL-MATCH] Found existing label 'QA' (stored as 'qa') -> f66526ba-6a94-47b5-8239-f9fae5aa2248
[LABEL-ATTACH] Successfully attached label 'qa' (ID: f66526ba-6a94-47b5-8239-f9fae5aa2248) to ISP-1528
[LABEL] Completed processing labels for ISP-1528. Total attached: 1
[COMMENTS] Importing 1 comment(s) for ISP-1528...
[USER-MATCH] Matched 'Robert Mbugua Kanyoro' by email: robert.mbugua@craftsilicon.com -> fb1e0a05-f047-4e22-a52b-b9b1fe4b4358
[IMPORT] Added rich text comment by Robert Mbugua Kanyoro to ISP-1528 (id=9c9d2c74-5b5f-4f98-90b6-5b08f1c7ca77, length=19)
[DESCRIPTION-VALIDATE] ISP-1528: new_len=287, existing_len=323
[DESCRIPTION-UPDATE] ISP-1528: Updated description (287 chars)
  Previous: <div class="trix-content">
  <p><strong>Repro steps</strong></p>
<p><strong>Actual results</strong></...
  Updated: <p><strong>Repro steps</strong></p>
<p><strong>Actual results</strong></p>
<p><strong>Expected result...
Processing issue 295/439: ISP-1527
[DEBUG-LABELS] Total labels found for ISP-1527: 1
[USER-MATCH] Matched 'Wilberforce Wakhungu' by parsed first+last: wilberforce Wakhungu -> 03c960cf-9cd1-41dc-8a6b-669843030d52
[USER-MATCH] Matched 'Mureithi Maina' by parsed first+last: Mureithi Maina -> 48b6b96d-6b97-44ef-b692-40a2ad9d967e
[STATUS-MATCH] Matched status 'In Progress' by name: In Progress -> c805a0e9-73fc-4726-a1ab-d28b9a36469e
[BANKING-MATCH] Found existing banking type 'ERP' -> d9a45733-9624-42c2-afcc-888ce998dbbe
📥 DOWNLOADING ISSUE-LEVEL ATTACHMENTS FOR ISP-1527
   Total files: 1 (1.8 MB)

   [1/1] 📥 Downloading: Lead(Corporate_Website).mp4 (1.8 MB)
  Attempt 1/3: Downloading from https://craftsilicon.atlassian.net/rest/api/3/attachment/content/122298...
  Following redirect 1/6 to: https://api.media.atlassian.com/file/7d8f79a2-c941-431a-98ad-be3f23f08b01/binary?token=eyJhbGciOiJIUzI1NiJ9.eyJpc3MiOiJiN...
  Attempt 1/3: Downloading from https://api.media.atlassian.com/file/7d8f79a2-c941-431a-98ad-be3f23f08b01/binary?token=eyJhbGciOiJIUzI1NiJ9.eyJpc3MiOiJiN...
  ✅ Downloaded 1891647 bytes successfully
   ✅ Successfully attached: Lead(Corporate_Website).mp4 (verified in storage)
  Attached Lead(Corporate_Website).mp4 to defect ISP-1527 (service_exists=true)

📊 Attachment Summary for ISP-1527:
   ✅ Uploaded: 1
   ⏭️  Skipped: 0
   ❌ Failed: 0

[LABEL] Processing 1 label(s) for ISP-1527
[LABEL-MATCH] Found existing label 'QA' (stored as 'qa') -> f66526ba-6a94-47b5-8239-f9fae5aa2248
[LABEL-ATTACH] Successfully attached label 'qa' (ID: f66526ba-6a94-47b5-8239-f9fae5aa2248) to ISP-1527
[LABEL] Completed processing labels for ISP-1527. Total attached: 1
[COMMENTS] Importing 1 comment(s) for ISP-1527...
[USER-MATCH] Matched 'Robert Mbugua Kanyoro' by email: robert.mbugua@craftsilicon.com -> fb1e0a05-f047-4e22-a52b-b9b1fe4b4358
[IMPORT] Added rich text comment by Robert Mbugua Kanyoro to ISP-1527 (id=0eb00000-a6c5-4460-9d3c-99a3f33b6b84, length=24)
[DESCRIPTION-VALIDATE] ISP-1527: new_len=366, existing_len=402
[DESCRIPTION-UPDATE] ISP-1527: Updated description (366 chars)
  Previous: <div class="trix-content">
  <p><strong>Repro steps</strong></p>
<p><strong>Actual results</strong></...
  Updated: <p><strong>Repro steps</strong></p>
<p><strong>Actual results</strong></p>
<p>Website is missing unde...
Processing issue 296/439: ISP-1526
[DEBUG-LABELS] Total labels found for ISP-1526: 1
[USER-MATCH] Matched 'Wilberforce Wakhungu' by parsed first+last: wilberforce Wakhungu -> 03c960cf-9cd1-41dc-8a6b-669843030d52
[USER-MATCH] Matched 'Mureithi Maina' by parsed first+last: Mureithi Maina -> 48b6b96d-6b97-44ef-b692-40a2ad9d967e
[STATUS-MATCH] Matched status 'Awaiting Build' by name: Awaiting Build -> bf46baa0-8c97-4afe-a65a-a300e43d70e6
[BANKING-MATCH] Found existing banking type 'ERP' -> d9a45733-9624-42c2-afcc-888ce998dbbe
📥 DOWNLOADING ISSUE-LEVEL ATTACHMENTS FOR ISP-1526
   Total files: 1 (13.63 MB)

   [1/1] 📥 Downloading: Market list- duplicates.mp4 (13.63 MB)
  Attempt 1/3: Downloading from https://craftsilicon.atlassian.net/rest/api/3/attachment/content/122296...
  Following redirect 1/6 to: https://api.media.atlassian.com/file/9a4bc3cb-5b51-4e9e-9962-2d8826926c2a/binary?token=eyJhbGciOiJIUzI1NiJ9.eyJpc3MiOiJiN...
  Attempt 1/3: Downloading from https://api.media.atlassian.com/file/9a4bc3cb-5b51-4e9e-9962-2d8826926c2a/binary?token=eyJhbGciOiJIUzI1NiJ9.eyJpc3MiOiJiN...
  📊 Downloaded 10.0/13.63 MB...
  ✅ Downloaded 14295942 bytes successfully
   ✅ Successfully attached: Market list- duplicates.mp4 (verified in storage)
  Attached Market list- duplicates.mp4 to defect ISP-1526 (service_exists=true)

📊 Attachment Summary for ISP-1526:
   ✅ Uploaded: 1
   ⏭️  Skipped: 0
   ❌ Failed: 0

[LABEL] Processing 1 label(s) for ISP-1526
[LABEL-MATCH] Found existing label 'QA' (stored as 'qa') -> f66526ba-6a94-47b5-8239-f9fae5aa2248
[LABEL-ATTACH] Successfully attached label 'qa' (ID: f66526ba-6a94-47b5-8239-f9fae5aa2248) to ISP-1526
[LABEL] Completed processing labels for ISP-1526. Total attached: 1
[COMMENTS] Importing 2 comment(s) for ISP-1526...
[USER-MATCH] Matched 'Mureithi Maina' by parsed first+last: Mureithi Maina -> 48b6b96d-6b97-44ef-b692-40a2ad9d967e
[IMPORT] Added rich text comment by Mureithi Maina to ISP-1526 (id=e9945b3c-a41b-46b1-a1e7-337f8aa0aa3a, length=40)
[USER-MATCH] Matched 'archana.verma' by parsed first+last: archana verma -> 7b5370b5-abcd-4ad2-908b-1791ca40d9c9
[IMPORT] Added rich text comment by archana.verma to ISP-1526 (id=4dce6f9f-fd94-4768-a973-4d5015de9036, length=155)
[DESCRIPTION-VALIDATE] ISP-1526: new_len=347, existing_len=383
[DESCRIPTION-UPDATE] ISP-1526: Updated description (347 chars)
  Previous: <div class="trix-content">
  <p><strong>Repro steps</strong></p>
<p><strong>Actual results</strong></...
  Updated: <p><strong>Repro steps</strong></p>
<p><strong>Actual results</strong></p>
<p>Filters for Date Added ...
Processing issue 297/439: ISP-1525
[DEBUG-LABELS] Total labels found for ISP-1525: 1
[USER-MATCH] Matched 'Wilberforce Wakhungu' by parsed first+last: wilberforce Wakhungu -> 03c960cf-9cd1-41dc-8a6b-669843030d52
[USER-MATCH] Matched 'Mureithi Maina' by parsed first+last: Mureithi Maina -> 48b6b96d-6b97-44ef-b692-40a2ad9d967e
[STATUS-MATCH] Matched status 'Awaiting Build' by name: Awaiting Build -> bf46baa0-8c97-4afe-a65a-a300e43d70e6
[BANKING-MATCH] Found existing banking type 'ERP' -> d9a45733-9624-42c2-afcc-888ce998dbbe
📥 DOWNLOADING ISSUE-LEVEL ATTACHMENTS FOR ISP-1525
   Total files: 3 (5.77 MB)

   [1/3] 📥 Downloading: Lead(Corporate_missing details).mp4 (2.04 MB)
  Attempt 1/3: Downloading from https://craftsilicon.atlassian.net/rest/api/3/attachment/content/122290...
  Following redirect 1/6 to: https://api.media.atlassian.com/file/364477e5-74e4-474c-a307-d5bd327994b3/binary?token=eyJhbGciOiJIUzI1NiJ9.eyJpc3MiOiJiN...
  Attempt 1/3: Downloading from https://api.media.atlassian.com/file/364477e5-74e4-474c-a307-d5bd327994b3/binary?token=eyJhbGciOiJIUzI1NiJ9.eyJpc3MiOiJiN...
  ✅ Downloaded 2134619 bytes successfully
   ✅ Successfully attached: Lead(Corporate_missing details).mp4 (verified in storage)
  Attached Lead(Corporate_missing details).mp4 to defect ISP-1525 (service_exists=true)
   [2/3] 📥 Downloading: Leads(edit).mp4 (0.73 MB)
  Attempt 1/3: Downloading from https://craftsilicon.atlassian.net/rest/api/3/attachment/content/122291...
  Following redirect 1/6 to: https://api.media.atlassian.com/file/aaec2e1b-79e0-4cec-a121-bc5268fd78ba/binary?token=eyJhbGciOiJIUzI1NiJ9.eyJpc3MiOiJiN...
  Attempt 1/3: Downloading from https://api.media.atlassian.com/file/aaec2e1b-79e0-4cec-a121-bc5268fd78ba/binary?token=eyJhbGciOiJIUzI1NiJ9.eyJpc3MiOiJiN...
  ✅ Downloaded 760689 bytes successfully
   ✅ Successfully attached: Leads(edit).mp4 (verified in storage)
  Attached Leads(edit).mp4 to defect ISP-1525 (service_exists=true)
   [3/3] 📥 Downloading: Leads(Updated details)(1).mp4 (3.01 MB)
  Attempt 1/3: Downloading from https://craftsilicon.atlassian.net/rest/api/3/attachment/content/122292...
  Following redirect 1/6 to: https://api.media.atlassian.com/file/3711c3ae-77f1-4efe-8b6b-194cc66f2295/binary?token=eyJhbGciOiJIUzI1NiJ9.eyJpc3MiOiJiN...
  Attempt 1/3: Downloading from https://api.media.atlassian.com/file/3711c3ae-77f1-4efe-8b6b-194cc66f2295/binary?token=eyJhbGciOiJIUzI1NiJ9.eyJpc3MiOiJiN...
  ✅ Downloaded 3157869 bytes successfully
   ✅ Successfully attached: Leads(Updated details)(1).mp4 (verified in storage)
  Attached Leads(Updated details)(1).mp4 to defect ISP-1525 (service_exists=true)

📊 Attachment Summary for ISP-1525:
   ✅ Uploaded: 3
   ⏭️  Skipped: 0
   ❌ Failed: 0

[LABEL] Processing 1 label(s) for ISP-1525
[LABEL-MATCH] Found existing label 'QA' (stored as 'qa') -> f66526ba-6a94-47b5-8239-f9fae5aa2248
[LABEL-ATTACH] Successfully attached label 'qa' (ID: f66526ba-6a94-47b5-8239-f9fae5aa2248) to ISP-1525
[LABEL] Completed processing labels for ISP-1525. Total attached: 1
[COMMENTS] Importing 1 comment(s) for ISP-1525...
[USER-MATCH] Matched 'Robert Mbugua Kanyoro' by email: robert.mbugua@craftsilicon.com -> fb1e0a05-f047-4e22-a52b-b9b1fe4b4358
[IMPORT] Added rich text comment by Robert Mbugua Kanyoro to ISP-1525 (id=f3f3a735-ca10-4814-8914-8823fa841085, length=146)
[DESCRIPTION-VALIDATE] ISP-1525: new_len=115, existing_len=151
[DESCRIPTION-UPDATE] ISP-1525: Updated description (115 chars)
  Previous: <div class="trix-content">
  <p><strong>Repro steps</strong></p>
<p><strong>Actual results</strong></...
  Updated: <p><strong>Repro steps</strong></p>
<p><strong>Actual results</strong></p>
<p><strong>Expected result...
Processing issue 298/439: ISP-1520
[DEBUG-LABELS] Total labels found for ISP-1520: 2
[USER-MATCH] Matched 'archana.verma' by parsed first+last: archana verma -> 7b5370b5-abcd-4ad2-908b-1791ca40d9c9
[USER-MATCH] Matched 'Robert Mbugua Kanyoro' by email: robert.mbugua@craftsilicon.com -> fb1e0a05-f047-4e22-a52b-b9b1fe4b4358
[STATUS-MATCH] Matched status 'In Progress' by name: In Progress -> c805a0e9-73fc-4726-a1ab-d28b9a36469e
[BANKING-MATCH] Found existing banking type 'ERP' -> d9a45733-9624-42c2-afcc-888ce998dbbe
📥 DOWNLOADING ISSUE-LEVEL ATTACHMENTS FOR ISP-1520
   Total files: 1 (15.45 MB)

   [1/1] 📥 Downloading: ISP-1520.webm (15.45 MB)
  Attempt 1/3: Downloading from https://craftsilicon.atlassian.net/rest/api/3/attachment/content/122151...
  Following redirect 1/6 to: https://api.media.atlassian.com/file/c718ca78-ddd3-489a-a990-10d8a831f085/binary?token=eyJhbGciOiJIUzI1NiJ9.eyJpc3MiOiJiN...
  Attempt 1/3: Downloading from https://api.media.atlassian.com/file/c718ca78-ddd3-489a-a990-10d8a831f085/binary?token=eyJhbGciOiJIUzI1NiJ9.eyJpc3MiOiJiN...
  📊 Downloaded 10.0/15.45 MB...
  ✅ Downloaded 16202226 bytes successfully
   ✅ Successfully attached: ISP-1520.webm (verified in storage)
  Attached ISP-1520.webm to defect ISP-1520 (service_exists=true)

📊 Attachment Summary for ISP-1520:
   ✅ Uploaded: 1
   ⏭️  Skipped: 0
   ❌ Failed: 0

[LABEL] Processing 2 label(s) for ISP-1520
[LABEL-MATCH] Found existing label 'Blocker' (stored as 'blocker') -> 53446826-4aac-4ac5-bcac-9aadd9a0f375
[LABEL-ATTACH] Successfully attached label 'blocker' (ID: 53446826-4aac-4ac5-bcac-9aadd9a0f375) to ISP-1520
[LABEL-MATCH] Found existing label 'QA' (stored as 'qa') -> f66526ba-6a94-47b5-8239-f9fae5aa2248
[LABEL-ATTACH] Successfully attached label 'qa' (ID: f66526ba-6a94-47b5-8239-f9fae5aa2248) to ISP-1520
[LABEL] Completed processing labels for ISP-1520. Total attached: 2
[COMMENTS] Importing 2 comment(s) for ISP-1520...
[USER-MATCH] Matched 'Edwin Luseno Amalemba' by parsed first+last (Edwin+Amalemba): Edwin Amalemba -> bb3df791-898f-4274-9814-14bb24a55c8b
[IMPORT] Added rich text comment by Edwin Luseno Amalemba to ISP-1520 (id=f2a452cf-573d-46bf-acc1-ed537c0ac83f, length=232)
[USER-MATCH] Matched 'Daniel Mbugua' by parsed first+last: Daniel Mbugua -> 6715b9f3-0d67-4dc0-b8c7-dd0cc9e3740a
[IMPORT] Added rich text comment by Daniel Mbugua to ISP-1520 (id=5dd73070-0a89-4335-add0-dfac7564fb76, length=234)
[DESCRIPTION-VALIDATE] ISP-1520: new_len=198, existing_len=211
[DESCRIPTION-UPDATE] ISP-1520: Updated description (198 chars)
  Previous: <div class="trix-content">
  <p><strong>Actual Result</strong>-<span>Getting an error-Sorry our serve...
  Updated: <p><strong>Actual Result</strong>-<span style="color: #ff5630">Getting an error-Sorry our servers enc...
Processing issue 299/439: ISP-1519
[DEBUG-LABELS] Total labels found for ISP-1519: 1
[USER-MATCH] Matched 'archana.verma' by parsed first+last: archana verma -> 7b5370b5-abcd-4ad2-908b-1791ca40d9c9
[USER-MATCH] Matched 'Robert Mbugua Kanyoro' by email: robert.mbugua@craftsilicon.com -> fb1e0a05-f047-4e22-a52b-b9b1fe4b4358
[STATUS-MATCH] Matched status 'Awaiting Build' by name: Awaiting Build -> bf46baa0-8c97-4afe-a65a-a300e43d70e6
[BANKING-MATCH] Found existing banking type 'ERP' -> d9a45733-9624-42c2-afcc-888ce998dbbe
📥 DOWNLOADING ISSUE-LEVEL ATTACHMENTS FOR ISP-1519
   Total files: 3 (24.52 MB)

   [1/3] 📥 Downloading: image-20251127-124252.png (0.02 MB)
  Attempt 1/3: Downloading from https://craftsilicon.atlassian.net/rest/api/3/attachment/content/130015...
  Following redirect 1/6 to: https://api.media.atlassian.com/file/dd24e4e1-b95d-4a15-9143-063aeedf3210/binary?token=eyJhbGciOiJIUzI1NiJ9.eyJpc3MiOiJiN...
  Attempt 1/3: Downloading from https://api.media.atlassian.com/file/dd24e4e1-b95d-4a15-9143-063aeedf3210/binary?token=eyJhbGciOiJIUzI1NiJ9.eyJpc3MiOiJiN...
  ✅ Downloaded 22850 bytes successfully
   ✅ Successfully attached: image-20251127-124252.png (verified in storage)
  Attached image-20251127-124252.png to defect ISP-1519 (service_exists=true)
   [2/3] 📥 Downloading: ISP-1519.webm (13.84 MB)
  Attempt 1/3: Downloading from https://craftsilicon.atlassian.net/rest/api/3/attachment/content/122150...
  Following redirect 1/6 to: https://api.media.atlassian.com/file/85da702f-2109-4e63-afff-622ab271a042/binary?token=eyJhbGciOiJIUzI1NiJ9.eyJpc3MiOiJiN...
  Attempt 1/3: Downloading from https://api.media.atlassian.com/file/85da702f-2109-4e63-afff-622ab271a042/binary?token=eyJhbGciOiJIUzI1NiJ9.eyJpc3MiOiJiN...
  📊 Downloaded 10.0/13.84 MB...
  ✅ Downloaded 14516122 bytes successfully
   ✅ Successfully attached: ISP-1519.webm (verified in storage)
  Attached ISP-1519.webm to defect ISP-1519 (service_exists=true)
   [3/3] 📥 Downloading: Retest ISP-1519-Fail.mp4 (10.66 MB)
  Attempt 1/3: Downloading from https://craftsilicon.atlassian.net/rest/api/3/attachment/content/129353...
  Following redirect 1/6 to: https://api.media.atlassian.com/file/9579e6a0-e261-45ee-9e24-646847da1cac/binary?token=eyJhbGciOiJIUzI1NiJ9.eyJpc3MiOiJiN...
  Attempt 1/3: Downloading from https://api.media.atlassian.com/file/9579e6a0-e261-45ee-9e24-646847da1cac/binary?token=eyJhbGciOiJIUzI1NiJ9.eyJpc3MiOiJiN...
  📊 Downloaded 10.0/10.66 MB...
  ✅ Downloaded 11174699 bytes successfully
   ✅ Successfully attached: Retest ISP-1519-Fail.mp4 (verified in storage)
  Attached Retest ISP-1519-Fail.mp4 to defect ISP-1519 (service_exists=true)

📊 Attachment Summary for ISP-1519:
   ✅ Uploaded: 3
   ⏭️  Skipped: 0
   ❌ Failed: 0

[LABEL] Processing 1 label(s) for ISP-1519
[LABEL-MATCH] Found existing label 'QA' (stored as 'qa') -> f66526ba-6a94-47b5-8239-f9fae5aa2248
[LABEL-ATTACH] Successfully attached label 'qa' (ID: f66526ba-6a94-47b5-8239-f9fae5aa2248) to ISP-1519
[LABEL] Completed processing labels for ISP-1519. Total attached: 1
[COMMENTS] Importing 3 comment(s) for ISP-1519...
[USER-MATCH] Matched 'Edwin Luseno Amalemba' by parsed first+last (Edwin+Amalemba): Edwin Amalemba -> bb3df791-898f-4274-9814-14bb24a55c8b
[IMPORT] Added rich text comment by Edwin Luseno Amalemba to ISP-1519 (id=3f74dbf0-ac21-42b7-8756-d9cbd96ef57d, length=115)
[USER-MATCH] Matched 'archana.verma' by parsed first+last: archana verma -> 7b5370b5-abcd-4ad2-908b-1791ca40d9c9
[RICH-TEXT] Comment 2 contains: color
[IMPORT] Added rich text comment by archana.verma to ISP-1519 (id=5fe103db-f1d0-4140-8512-5ef531108d4e, length=1044)
[USER-MATCH] Matched 'Robert Mbugua Kanyoro' by email: robert.mbugua@craftsilicon.com -> fb1e0a05-f047-4e22-a52b-b9b1fe4b4358
[IMPORT] Added rich text comment by Robert Mbugua Kanyoro to ISP-1519 (id=6c4f72de-f4e9-4281-9047-ee2dd5a94af6, length=89)
[DESCRIPTION-VALIDATE] ISP-1519: new_len=213, existing_len=226
[DESCRIPTION-UPDATE] ISP-1519: Updated description (213 chars)
  Previous: <div class="trix-content">
  <p><strong>Actual Result-</strong><span>Line Total is calculated as a ne...
  Updated: <p><strong>Actual Result-</strong><span style="color: #ff5630">Line Total is calculated as a negative...
Processing issue 300/439: ISP-1518
[DEBUG-LABELS] Total labels found for ISP-1518: 1
[USER-MATCH] Matched 'archana.verma' by parsed first+last: archana verma -> 7b5370b5-abcd-4ad2-908b-1791ca40d9c9
[USER-MATCH] Matched 'Wilberforce Wakhungu' by parsed first+last: wilberforce Wakhungu -> 03c960cf-9cd1-41dc-8a6b-669843030d52
[STATUS-MATCH] Matched status 'Closed' by name: Closed -> 8c60b5b6-b9e9-405d-8d7d-d672cb9b23f1
[BANKING-MATCH] Found existing banking type 'ERP' -> d9a45733-9624-42c2-afcc-888ce998dbbe
📥 DOWNLOADING ISSUE-LEVEL ATTACHMENTS FOR ISP-1518
   Total files: 3 (3.48 MB)

   [1/3] 📥 Downloading: image-20251113-062926.png (0.03 MB)
  Attempt 1/3: Downloading from https://craftsilicon.atlassian.net/rest/api/3/attachment/content/128903...
  Following redirect 1/6 to: https://api.media.atlassian.com/file/31029bd4-5a8a-412c-a28d-a0a7e6588930/binary?token=eyJhbGciOiJIUzI1NiJ9.eyJpc3MiOiJiN...
  Attempt 1/3: Downloading from https://api.media.atlassian.com/file/31029bd4-5a8a-412c-a28d-a0a7e6588930/binary?token=eyJhbGciOiJIUzI1NiJ9.eyJpc3MiOiJiN...
  ✅ Downloaded 30414 bytes successfully
   ✅ Successfully attached: image-20251113-062926.png (verified in storage)
  Attached image-20251113-062926.png to defect ISP-1518 (service_exists=true)
   [2/3] 📥 Downloading: image-20251113-070048.png (0.1 MB)
  Attempt 1/3: Downloading from https://craftsilicon.atlassian.net/rest/api/3/attachment/content/128906...
  Following redirect 1/6 to: https://api.media.atlassian.com/file/484e1e5a-7ba5-4924-93b7-87eaaf07ffa6/binary?token=eyJhbGciOiJIUzI1NiJ9.eyJpc3MiOiJiN...
  Attempt 1/3: Downloading from https://api.media.atlassian.com/file/484e1e5a-7ba5-4924-93b7-87eaaf07ffa6/binary?token=eyJhbGciOiJIUzI1NiJ9.eyJpc3MiOiJiN...
  ✅ Downloaded 105615 bytes successfully
   ✅ Successfully attached: image-20251113-070048.png (verified in storage)
  Attached image-20251113-070048.png to defect ISP-1518 (service_exists=true)
   [3/3] 📥 Downloading: ISP-1518-Item Pricing.webm (3.35 MB)
  Attempt 1/3: Downloading from https://craftsilicon.atlassian.net/rest/api/3/attachment/content/122149...
  Following redirect 1/6 to: https://api.media.atlassian.com/file/bf671f3e-3016-4f82-9a6f-701e53c5fd29/binary?token=eyJhbGciOiJIUzI1NiJ9.eyJpc3MiOiJiN...
  Attempt 1/3: Downloading from https://api.media.atlassian.com/file/bf671f3e-3016-4f82-9a6f-701e53c5fd29/binary?token=eyJhbGciOiJIUzI1NiJ9.eyJpc3MiOiJiN...
  ✅ Downloaded 3508054 bytes successfully
   ✅ Successfully attached: ISP-1518-Item Pricing.webm (verified in storage)
  Attached ISP-1518-Item Pricing.webm to defect ISP-1518 (service_exists=true)

📊 Attachment Summary for ISP-1518:
   ✅ Uploaded: 3
   ⏭️  Skipped: 0
   ❌ Failed: 0

[LABEL] Processing 1 label(s) for ISP-1518
[LABEL-MATCH] Found existing label 'QA' (stored as 'qa') -> f66526ba-6a94-47b5-8239-f9fae5aa2248
[LABEL-ATTACH] Successfully attached label 'qa' (ID: f66526ba-6a94-47b5-8239-f9fae5aa2248) to ISP-1518
[LABEL] Completed processing labels for ISP-1518. Total attached: 1
[COMMENTS] Importing 3 comment(s) for ISP-1518...
[USER-MATCH] Matched 'Mureithi Maina' by parsed first+last: Mureithi Maina -> 48b6b96d-6b97-44ef-b692-40a2ad9d967e
[RICH-TEXT] Comment 1 contains: color
[IMPORT] Added rich text comment by Mureithi Maina to ISP-1518 (id=0756345a-9167-4240-9b7f-076fea530f51, length=65)
[USER-MATCH] Matched 'Mureithi Maina' by parsed first+last: Mureithi Maina -> 48b6b96d-6b97-44ef-b692-40a2ad9d967e
[IMPORT] Added rich text comment by Mureithi Maina to ISP-1518 (id=f9e0a17e-f10d-4300-8b8d-7b479e370617, length=28)
[USER-MATCH] Matched 'Wilberforce Wakhungu' by parsed first+last: wilberforce Wakhungu -> 03c960cf-9cd1-41dc-8a6b-669843030d52
[RICH-TEXT] Comment 3 contains: color
[IMPORT] Added rich text comment by Wilberforce Wakhungu to ISP-1518 (id=32a2d491-01ba-42c3-80c4-5e986ac2e264, length=192)
[DESCRIPTION-VALIDATE] ISP-1518: new_len=446, existing_len=459
[DESCRIPTION-UPDATE] ISP-1518: Updated description (446 chars)
  Previous: <div class="trix-content">
  <p><strong>Actual Result-</strong><span>Actual Price field is available ...
  Updated: <p><strong>Actual Result-</strong><span style="color: #ff5630">Actual Price field is available and it...
Processing issue 301/439: ISP-1517
[DEBUG-LABELS] Total labels found for ISP-1517: 1
[USER-MATCH] Matched 'archana.verma' by parsed first+last: archana verma -> 7b5370b5-abcd-4ad2-908b-1791ca40d9c9
[USER-MATCH] Matched 'Robert Mbugua Kanyoro' by email: robert.mbugua@craftsilicon.com -> fb1e0a05-f047-4e22-a52b-b9b1fe4b4358
[STATUS-MATCH] Matched status 'In Progress' by name: In Progress -> c805a0e9-73fc-4726-a1ab-d28b9a36469e
[BANKING-MATCH] Found existing banking type 'ERP' -> d9a45733-9624-42c2-afcc-888ce998dbbe
📥 DOWNLOADING ISSUE-LEVEL ATTACHMENTS FOR ISP-1517
   Total files: 1 (6.91 MB)

   [1/1] 📥 Downloading: ISP-1517.webm (6.91 MB)
  Attempt 1/3: Downloading from https://craftsilicon.atlassian.net/rest/api/3/attachment/content/122148...
  Following redirect 1/6 to: https://api.media.atlassian.com/file/925fc3c1-c261-4be1-a448-66dc48baf91f/binary?token=eyJhbGciOiJIUzI1NiJ9.eyJpc3MiOiJiN...
  Attempt 1/3: Downloading from https://api.media.atlassian.com/file/925fc3c1-c261-4be1-a448-66dc48baf91f/binary?token=eyJhbGciOiJIUzI1NiJ9.eyJpc3MiOiJiN...
  ✅ Downloaded 7250222 bytes successfully
   ✅ Successfully attached: ISP-1517.webm (verified in storage)
  Attached ISP-1517.webm to defect ISP-1517 (service_exists=true)

📊 Attachment Summary for ISP-1517:
   ✅ Uploaded: 1
   ⏭️  Skipped: 0
   ❌ Failed: 0

[LABEL] Processing 1 label(s) for ISP-1517
[LABEL-MATCH] Found existing label 'QA' (stored as 'qa') -> f66526ba-6a94-47b5-8239-f9fae5aa2248
[LABEL-ATTACH] Successfully attached label 'qa' (ID: f66526ba-6a94-47b5-8239-f9fae5aa2248) to ISP-1517
[LABEL] Completed processing labels for ISP-1517. Total attached: 1
[COMMENTS] Importing 1 comment(s) for ISP-1517...
[USER-MATCH] Matched 'Edwin Luseno Amalemba' by parsed first+last (Edwin+Amalemba): Edwin Amalemba -> bb3df791-898f-4274-9814-14bb24a55c8b
[IMPORT] Added rich text comment by Edwin Luseno Amalemba to ISP-1517 (id=3e998db7-a6b1-49b8-9274-b72d76e9cdc6, length=72)
[DESCRIPTION-VALIDATE] ISP-1517: new_len=79, existing_len=115
[DESCRIPTION-UPDATE] ISP-1517: Updated description (79 chars)
  Previous: <div class="trix-content">
  <p><strong>Actual Result-</strong></p>
<p><strong>Expected Result-</stro...
Processing issue 302/439: ISP-1516
[DEBUG-LABELS] Total labels found for ISP-1516: 1
[USER-MATCH] Matched 'archana.verma' by parsed first+last: archana verma -> 7b5370b5-abcd-4ad2-908b-1791ca40d9c9
[USER-MATCH] Matched 'Robert Mbugua Kanyoro' by email: robert.mbugua@craftsilicon.com -> fb1e0a05-f047-4e22-a52b-b9b1fe4b4358
[STATUS-MATCH] Matched status 'Awaiting Build' by name: Awaiting Build -> bf46baa0-8c97-4afe-a65a-a300e43d70e6
[BANKING-MATCH] Found existing banking type 'ERP' -> d9a45733-9624-42c2-afcc-888ce998dbbe
📥 DOWNLOADING ISSUE-LEVEL ATTACHMENTS FOR ISP-1516
   Total files: 1 (6.75 MB)

   [1/1] 📥 Downloading: ISP-1516.webm (6.75 MB)
  Attempt 1/3: Downloading from https://craftsilicon.atlassian.net/rest/api/3/attachment/content/122147...
  Following redirect 1/6 to: https://api.media.atlassian.com/file/3a1cc875-825f-4181-8be4-a5e37313203d/binary?token=eyJhbGciOiJIUzI1NiJ9.eyJpc3MiOiJiN...
  Attempt 1/3: Downloading from https://api.media.atlassian.com/file/3a1cc875-825f-4181-8be4-a5e37313203d/binary?token=eyJhbGciOiJIUzI1NiJ9.eyJpc3MiOiJiN...
  ✅ Downloaded 7073225 bytes successfully
   ✅ Successfully attached: ISP-1516.webm (verified in storage)
  Attached ISP-1516.webm to defect ISP-1516 (service_exists=true)

📊 Attachment Summary for ISP-1516:
   ✅ Uploaded: 1
   ⏭️  Skipped: 0
   ❌ Failed: 0

[LABEL] Processing 1 label(s) for ISP-1516
[LABEL-MATCH] Found existing label 'QA' (stored as 'qa') -> f66526ba-6a94-47b5-8239-f9fae5aa2248
[LABEL-ATTACH] Successfully attached label 'qa' (ID: f66526ba-6a94-47b5-8239-f9fae5aa2248) to ISP-1516
[LABEL] Completed processing labels for ISP-1516. Total attached: 1
[COMMENTS] Importing 1 comment(s) for ISP-1516...
[USER-MATCH] Matched 'Edwin Luseno Amalemba' by parsed first+last (Edwin+Amalemba): Edwin Amalemba -> bb3df791-898f-4274-9814-14bb24a55c8b
[IMPORT] Added rich text comment by Edwin Luseno Amalemba to ISP-1516 (id=c8297aae-b20a-4fa5-9ed5-525d0e4d9304, length=54)
[DESCRIPTION-VALIDATE] ISP-1516: new_len=483, existing_len=519
[DESCRIPTION-UPDATE] ISP-1516: Updated description (483 chars)
  Previous: <div class="trix-content">
  <p><strong>Actual Result-</strong>Remove button is not available to Remo...
  Updated: <p><strong>Actual Result-</strong>Remove button is not available to Remove the Line Item which might ...
Processing issue 303/439: ISP-1515
[DEBUG-LABELS] Total labels found for ISP-1515: 1
[USER-MATCH] Matched 'archana.verma' by parsed first+last: archana verma -> 7b5370b5-abcd-4ad2-908b-1791ca40d9c9
[USER-MATCH] Matched 'Robert Mbugua Kanyoro' by email: robert.mbugua@craftsilicon.com -> fb1e0a05-f047-4e22-a52b-b9b1fe4b4358
[STATUS-MATCH] Matched status 'Failed-QA' by normalized name: Failed QA -> 42911275-9770-4690-9c7d-9f71e090f491
[BANKING-MATCH] Found existing banking type 'ERP' -> d9a45733-9624-42c2-afcc-888ce998dbbe
📥 DOWNLOADING ISSUE-LEVEL ATTACHMENTS FOR ISP-1515
   Total files: 4 (4.12 MB)

   [1/4] 📥 Downloading: ISP-1515, 1514.webm (2.0 MB)
  Attempt 1/3: Downloading from https://craftsilicon.atlassian.net/rest/api/3/attachment/content/122146...
  Following redirect 1/6 to: https://api.media.atlassian.com/file/e5d8cf8a-888b-43ef-ad8c-2e1617ad7fa4/binary?token=eyJhbGciOiJIUzI1NiJ9.eyJpc3MiOiJiN...
  Attempt 1/3: Downloading from https://api.media.atlassian.com/file/e5d8cf8a-888b-43ef-ad8c-2e1617ad7fa4/binary?token=eyJhbGciOiJIUzI1NiJ9.eyJpc3MiOiJiN...
  ✅ Downloaded 2095629 bytes successfully
   ✅ Successfully attached: ISP-1515, 1514.webm (verified in storage)
  Attached ISP-1515, 1514.webm to defect ISP-1515 (service_exists=true)
   [2/4] 📥 Downloading: Retest ISP-1515-Fail.mp4 (1.82 MB)
  Attempt 1/3: Downloading from https://craftsilicon.atlassian.net/rest/api/3/attachment/content/129008...
  Following redirect 1/6 to: https://api.media.atlassian.com/file/ddbd3e9f-e582-4806-84b1-d87f7d584699/binary?token=eyJhbGciOiJIUzI1NiJ9.eyJpc3MiOiJiN...
  Attempt 1/3: Downloading from https://api.media.atlassian.com/file/ddbd3e9f-e582-4806-84b1-d87f7d584699/binary?token=eyJhbGciOiJIUzI1NiJ9.eyJpc3MiOiJiN...
  ✅ Downloaded 1909385 bytes successfully
   ✅ Successfully attached: Retest ISP-1515-Fail.mp4 (verified in storage)
  Attached Retest ISP-1515-Fail.mp4 to defect ISP-1515 (service_exists=true)
   [3/4] 📥 Downloading: Screenshot 2025-11-06 112005.png (0.15 MB)
  Attempt 1/3: Downloading from https://craftsilicon.atlassian.net/rest/api/3/attachment/content/128380...
  Following redirect 1/6 to: https://api.media.atlassian.com/file/ea6b3194-38d6-439e-8033-2497c2976c39/binary?token=eyJhbGciOiJIUzI1NiJ9.eyJpc3MiOiJiN...
  Attempt 1/3: Downloading from https://api.media.atlassian.com/file/ea6b3194-38d6-439e-8033-2497c2976c39/binary?token=eyJhbGciOiJIUzI1NiJ9.eyJpc3MiOiJiN...
  ✅ Downloaded 161895 bytes successfully
   ✅ Successfully attached: Screenshot 2025-11-06 112005.png (verified in storage)
  Attached Screenshot 2025-11-06 112005.png to defect ISP-1515 (service_exists=true)
   [4/4] 📥 Downloading: Screenshot 2025-11-06 112018.png (0.15 MB)
  Attempt 1/3: Downloading from https://craftsilicon.atlassian.net/rest/api/3/attachment/content/128381...
  Following redirect 1/6 to: https://api.media.atlassian.com/file/fbfc5d84-7064-4a1c-aaec-64464007ef28/binary?token=eyJhbGciOiJIUzI1NiJ9.eyJpc3MiOiJiN...
  Attempt 1/3: Downloading from https://api.media.atlassian.com/file/fbfc5d84-7064-4a1c-aaec-64464007ef28/binary?token=eyJhbGciOiJIUzI1NiJ9.eyJpc3MiOiJiN...
  ✅ Downloaded 155199 bytes successfully
   ✅ Successfully attached: Screenshot 2025-11-06 112018.png (verified in storage)
  Attached Screenshot 2025-11-06 112018.png to defect ISP-1515 (service_exists=true)

📊 Attachment Summary for ISP-1515:
   ✅ Uploaded: 4
   ⏭️  Skipped: 0
   ❌ Failed: 0

[LABEL] Processing 1 label(s) for ISP-1515
[LABEL-MATCH] Found existing label 'QA' (stored as 'qa') -> f66526ba-6a94-47b5-8239-f9fae5aa2248
[LABEL-ATTACH] Successfully attached label 'qa' (ID: f66526ba-6a94-47b5-8239-f9fae5aa2248) to ISP-1515
[LABEL] Completed processing labels for ISP-1515. Total attached: 1
[COMMENTS] Importing 2 comment(s) for ISP-1515...
[USER-MATCH] Matched 'Robert Mbugua Kanyoro' by email: robert.mbugua@craftsilicon.com -> fb1e0a05-f047-4e22-a52b-b9b1fe4b4358
[IMPORT] Added rich text comment by Robert Mbugua Kanyoro to ISP-1515 (id=979d7ed3-5f47-4697-bc8a-23d836ab082a, length=23)
[USER-MATCH] Matched 'archana.verma' by parsed first+last: archana verma -> 7b5370b5-abcd-4ad2-908b-1791ca40d9c9
[RICH-TEXT] Comment 2 contains: color
[IMPORT] Added rich text comment by archana.verma to ISP-1515 (id=5663e23d-dbf9-48e4-b27b-3a7462a1e488, length=102)
[DESCRIPTION-VALIDATE] ISP-1515: new_len=41, existing_len=77
[DESCRIPTION-UPDATE] ISP-1515: Updated description (41 chars)
Processing issue 304/439: ISP-1514
[DEBUG-LABELS] Total labels found for ISP-1514: 1
[USER-MATCH] Matched 'archana.verma' by parsed first+last: archana verma -> 7b5370b5-abcd-4ad2-908b-1791ca40d9c9
[USER-MATCH] Matched 'Robert Mbugua Kanyoro' by email: robert.mbugua@craftsilicon.com -> fb1e0a05-f047-4e22-a52b-b9b1fe4b4358
[STATUS-MATCH] Matched status 'Awaiting Build' by name: Awaiting Build -> bf46baa0-8c97-4afe-a65a-a300e43d70e6
[BANKING-MATCH] Found existing banking type 'ERP' -> d9a45733-9624-42c2-afcc-888ce998dbbe
📥 DOWNLOADING ISSUE-LEVEL ATTACHMENTS FOR ISP-1514
   Total files: 1 (2.0 MB)

   [1/1] 📥 Downloading: ISP-1514.webm (2.0 MB)
  Attempt 1/3: Downloading from https://craftsilicon.atlassian.net/rest/api/3/attachment/content/122145...
  Following redirect 1/6 to: https://api.media.atlassian.com/file/1f6b7692-0745-4531-bbf0-ba565b117150/binary?token=eyJhbGciOiJIUzI1NiJ9.eyJpc3MiOiJiN...
  Attempt 1/3: Downloading from https://api.media.atlassian.com/file/1f6b7692-0745-4531-bbf0-ba565b117150/binary?token=eyJhbGciOiJIUzI1NiJ9.eyJpc3MiOiJiN...
  ✅ Downloaded 2095629 bytes successfully
   ✅ Successfully attached: ISP-1514.webm (verified in storage)
  Attached ISP-1514.webm to defect ISP-1514 (service_exists=true)

📊 Attachment Summary for ISP-1514:
   ✅ Uploaded: 1
   ⏭️  Skipped: 0
   ❌ Failed: 0

[LABEL] Processing 1 label(s) for ISP-1514
[LABEL-MATCH] Found existing label 'QA' (stored as 'qa') -> f66526ba-6a94-47b5-8239-f9fae5aa2248
[LABEL-ATTACH] Successfully attached label 'qa' (ID: f66526ba-6a94-47b5-8239-f9fae5aa2248) to ISP-1514
[LABEL] Completed processing labels for ISP-1514. Total attached: 1
[COMMENTS] Importing 1 comment(s) for ISP-1514...
[USER-MATCH] Matched 'Edwin Luseno Amalemba' by parsed first+last (Edwin+Amalemba): Edwin Amalemba -> bb3df791-898f-4274-9814-14bb24a55c8b
[IMPORT] Added rich text comment by Edwin Luseno Amalemba to ISP-1514 (id=a6ae1ff1-8350-42d2-8a50-7ed694b5afff, length=38)
[DESCRIPTION-VALIDATE] ISP-1514: new_len=274, existing_len=310
[DESCRIPTION-UPDATE] ISP-1514: Updated description (274 chars)
  Previous: <div class="trix-content">
  <p><strong>Actual Result-</strong>Payment Terms is available as a Textbo...
  Updated: <p><strong>Actual Result-</strong>Payment Terms is available as a Textbox which is prone to errors an...
Processing issue 305/439: ISP-1513
[DEBUG-LABELS] Total labels found for ISP-1513: 2
[USER-MATCH] Matched 'archana.verma' by parsed first+last: archana verma -> 7b5370b5-abcd-4ad2-908b-1791ca40d9c9
[USER-MATCH] Matched 'Robert Mbugua Kanyoro' by email: robert.mbugua@craftsilicon.com -> fb1e0a05-f047-4e22-a52b-b9b1fe4b4358
[STATUS-MATCH] Matched status 'Failed-QA' by normalized name: Failed QA -> 42911275-9770-4690-9c7d-9f71e090f491
[BANKING-MATCH] Found existing banking type 'ERP' -> d9a45733-9624-42c2-afcc-888ce998dbbe
📥 DOWNLOADING ISSUE-LEVEL ATTACHMENTS FOR ISP-1513
   Total files: 4 (41.02 MB)

   [1/4] 📥 Downloading: isp1513_oIPAEqBX.mp4 (16.23 MB)
  Attempt 1/3: Downloading from https://craftsilicon.atlassian.net/rest/api/3/attachment/content/122144...
  Following redirect 1/6 to: https://api.media.atlassian.com/file/3995afe2-fe46-4974-ba80-433b7c465e4e/binary?token=eyJhbGciOiJIUzI1NiJ9.eyJpc3MiOiJiN...
  Attempt 1/3: Downloading from https://api.media.atlassian.com/file/3995afe2-fe46-4974-ba80-433b7c465e4e/binary?token=eyJhbGciOiJIUzI1NiJ9.eyJpc3MiOiJiN...
  📊 Downloaded 10.0/16.23 MB...
  ✅ Downloaded 17016677 bytes successfully
   ✅ Successfully attached: isp1513_oIPAEqBX.mp4 (verified in storage)
  Attached isp1513_oIPAEqBX.mp4 to defect ISP-1513 (service_exists=true)
   [2/4] 📥 Downloading: Retest ISP-1513-Fail.mp4 (24.47 MB)
  Attempt 1/5: Downloading from https://craftsilicon.atlassian.net/rest/api/3/attachment/content/129555...
  Following redirect 1/6 to: https://api.media.atlassian.com/file/cc3fdf2e-8e9b-4886-91c0-89a6ff4ea855/binary?token=eyJhbGciOiJIUzI1NiJ9.eyJpc3MiOiJiN...
  Attempt 1/5: Downloading from https://api.media.atlassian.com/file/cc3fdf2e-8e9b-4886-91c0-89a6ff4ea855/binary?token=eyJhbGciOiJIUzI1NiJ9.eyJpc3MiOiJiN...
  📊 Downloaded 10.0/24.47 MB...
  📊 Downloaded 20.0/24.47 MB...
  ✅ Downloaded 25653487 bytes successfully
   ✅ Successfully attached: Retest ISP-1513-Fail.mp4 (verified in storage)
  Attached Retest ISP-1513-Fail.mp4 to defect ISP-1513 (service_exists=true)
   [3/4] 📥 Downloading: Screenshot 2025-11-06 112923.png (0.16 MB)
  Attempt 1/3: Downloading from https://craftsilicon.atlassian.net/rest/api/3/attachment/content/128384...
  Following redirect 1/6 to: https://api.media.atlassian.com/file/010c45af-6e1e-4bae-b407-117535c15632/binary?token=eyJhbGciOiJIUzI1NiJ9.eyJpc3MiOiJiN...
  Attempt 1/3: Downloading from https://api.media.atlassian.com/file/010c45af-6e1e-4bae-b407-117535c15632/binary?token=eyJhbGciOiJIUzI1NiJ9.eyJpc3MiOiJiN...
  ✅ Downloaded 165632 bytes successfully
   ✅ Successfully attached: Screenshot 2025-11-06 112923.png (verified in storage)
  Attached Screenshot 2025-11-06 112923.png to defect ISP-1513 (service_exists=true)
   [4/4] 📥 Downloading: Screenshot 2025-11-06 113221.png (0.17 MB)
  Attempt 1/3: Downloading from https://craftsilicon.atlassian.net/rest/api/3/attachment/content/128383...
  Following redirect 1/6 to: https://api.media.atlassian.com/file/a582ca03-be0f-41d1-a58c-c1ab8e14c8df/binary?token=eyJhbGciOiJIUzI1NiJ9.eyJpc3MiOiJiN...
  Attempt 1/3: Downloading from https://api.media.atlassian.com/file/a582ca03-be0f-41d1-a58c-c1ab8e14c8df/binary?token=eyJhbGciOiJIUzI1NiJ9.eyJpc3MiOiJiN...
  ✅ Downloaded 174533 bytes successfully
   ✅ Successfully attached: Screenshot 2025-11-06 113221.png (verified in storage)
  Attached Screenshot 2025-11-06 113221.png to defect ISP-1513 (service_exists=true)

📊 Attachment Summary for ISP-1513:
   ✅ Uploaded: 4
   ⏭️  Skipped: 0
   ❌ Failed: 0

[LABEL] Processing 2 label(s) for ISP-1513
[LABEL-MATCH] Found existing label 'Blocker' (stored as 'blocker') -> 53446826-4aac-4ac5-bcac-9aadd9a0f375
[LABEL-ATTACH] Successfully attached label 'blocker' (ID: 53446826-4aac-4ac5-bcac-9aadd9a0f375) to ISP-1513
[LABEL-MATCH] Found existing label 'QA' (stored as 'qa') -> f66526ba-6a94-47b5-8239-f9fae5aa2248
[LABEL-ATTACH] Successfully attached label 'qa' (ID: f66526ba-6a94-47b5-8239-f9fae5aa2248) to ISP-1513
[LABEL] Completed processing labels for ISP-1513. Total attached: 2
[COMMENTS] Importing 2 comment(s) for ISP-1513...
[USER-MATCH] Matched 'Robert Mbugua Kanyoro' by email: robert.mbugua@craftsilicon.com -> fb1e0a05-f047-4e22-a52b-b9b1fe4b4358
[IMPORT] Added rich text comment by Robert Mbugua Kanyoro to ISP-1513 (id=acf6e752-217c-4f31-82b3-1b7571807bd0, length=100)
[USER-MATCH] Matched 'archana.verma' by parsed first+last: archana verma -> 7b5370b5-abcd-4ad2-908b-1791ca40d9c9
[RICH-TEXT] Comment 2 contains: color
[IMPORT] Added rich text comment by archana.verma to ISP-1513 (id=4c5291fe-c083-42e5-9152-9ac9fa69c701, length=370)
[DESCRIPTION-VALIDATE] ISP-1513: new_len=79, existing_len=115
[DESCRIPTION-UPDATE] ISP-1513: Updated description (79 chars)
  Previous: <div class="trix-content">
  <p><strong>Actual Result-</strong></p>
<p><strong>Expected Result-</stro...
Processing issue 306/439: ISP-1512
[DEBUG-LABELS] Total labels found for ISP-1512: 2
[USER-MATCH] Matched 'archana.verma' by parsed first+last: archana verma -> 7b5370b5-abcd-4ad2-908b-1791ca40d9c9
[USER-MATCH] Matched 'archana.verma' by parsed first+last: archana verma -> 7b5370b5-abcd-4ad2-908b-1791ca40d9c9
[STATUS-MATCH] Matched status 'Closed' by name: Closed -> 8c60b5b6-b9e9-405d-8d7d-d672cb9b23f1
[BANKING-MATCH] Found existing banking type 'ERP' -> d9a45733-9624-42c2-afcc-888ce998dbbe
📥 DOWNLOADING ISSUE-LEVEL ATTACHMENTS FOR ISP-1512
   Total files: 5 (11.22 MB)

   [1/5] 📥 Downloading: ISP-1512-Link Tender to PO.webm (8.96 MB)
  Attempt 1/3: Downloading from https://craftsilicon.atlassian.net/rest/api/3/attachment/content/122124...
  Following redirect 1/6 to: https://api.media.atlassian.com/file/68f7b26d-36f7-469b-9738-29e41f6fba96/binary?token=eyJhbGciOiJIUzI1NiJ9.eyJpc3MiOiJiN...
  Attempt 1/3: Downloading from https://api.media.atlassian.com/file/68f7b26d-36f7-469b-9738-29e41f6fba96/binary?token=eyJhbGciOiJIUzI1NiJ9.eyJpc3MiOiJiN...
  ✅ Downloaded 9393119 bytes successfully
   ✅ Successfully attached: ISP-1512-Link Tender to PO.webm (verified in storage)
  Attached ISP-1512-Link Tender to PO.webm to defect ISP-1512 (service_exists=true)
   [2/5] 📥 Downloading: Retest ISP-1512-Pass.mp4 (1.96 MB)
  Attempt 1/3: Downloading from https://craftsilicon.atlassian.net/rest/api/3/attachment/content/129006...
  Following redirect 1/6 to: https://api.media.atlassian.com/file/66bc08ba-9af2-4e93-b246-fc92922037eb/binary?token=eyJhbGciOiJIUzI1NiJ9.eyJpc3MiOiJiN...
  Attempt 1/3: Downloading from https://api.media.atlassian.com/file/66bc08ba-9af2-4e93-b246-fc92922037eb/binary?token=eyJhbGciOiJIUzI1NiJ9.eyJpc3MiOiJiN...
  ✅ Downloaded 2057092 bytes successfully
   ✅ Successfully attached: Retest ISP-1512-Pass.mp4 (verified in storage)
  Attached Retest ISP-1512-Pass.mp4 to defect ISP-1512 (service_exists=true)
   [3/5] 📥 Downloading: View of PO menu.png (0.01 MB)
  Attempt 1/3: Downloading from https://craftsilicon.atlassian.net/rest/api/3/attachment/content/128386...
  Following redirect 1/6 to: https://api.media.atlassian.com/file/2e12b7e3-6223-40d0-adaf-c8160bde7daf/binary?token=eyJhbGciOiJIUzI1NiJ9.eyJpc3MiOiJiN...
  Attempt 1/3: Downloading from https://api.media.atlassian.com/file/2e12b7e3-6223-40d0-adaf-c8160bde7daf/binary?token=eyJhbGciOiJIUzI1NiJ9.eyJpc3MiOiJiN...
  ✅ Downloaded 9562 bytes successfully
   ✅ Successfully attached: View of PO menu.png (verified in storage)
  Attached View of PO menu.png to defect ISP-1512 (service_exists=true)
   [4/5] 📥 Downloading: View of RFQs under POs.png (0.15 MB)
  Attempt 1/3: Downloading from https://craftsilicon.atlassian.net/rest/api/3/attachment/content/128387...
  Following redirect 1/6 to: https://api.media.atlassian.com/file/53d56257-5553-4acb-b389-408157b86bb9/binary?token=eyJhbGciOiJIUzI1NiJ9.eyJpc3MiOiJiN...
  Attempt 1/3: Downloading from https://api.media.atlassian.com/file/53d56257-5553-4acb-b389-408157b86bb9/binary?token=eyJhbGciOiJIUzI1NiJ9.eyJpc3MiOiJiN...
  ✅ Downloaded 156540 bytes successfully
   ✅ Successfully attached: View of RFQs under POs.png (verified in storage)
  Attached View of RFQs under POs.png to defect ISP-1512 (service_exists=true)
   [5/5] 📥 Downloading: View of Tender under POs.png (0.15 MB)
  Attempt 1/3: Downloading from https://craftsilicon.atlassian.net/rest/api/3/attachment/content/128385...
  Following redirect 1/6 to: https://api.media.atlassian.com/file/479a67ef-18d6-4bfb-8724-46d239fe7020/binary?token=eyJhbGciOiJIUzI1NiJ9.eyJpc3MiOiJiN...
  Attempt 1/3: Downloading from https://api.media.atlassian.com/file/479a67ef-18d6-4bfb-8724-46d239fe7020/binary?token=eyJhbGciOiJIUzI1NiJ9.eyJpc3MiOiJiN...
  ✅ Downloaded 152698 bytes successfully
   ✅ Successfully attached: View of Tender under POs.png (verified in storage)
  Attached View of Tender under POs.png to defect ISP-1512 (service_exists=true)

📊 Attachment Summary for ISP-1512:
   ✅ Uploaded: 5
   ⏭️  Skipped: 0
   ❌ Failed: 0

[LABEL] Processing 2 label(s) for ISP-1512
[LABEL-MATCH] Found existing label 'Blocker' (stored as 'blocker') -> 53446826-4aac-4ac5-bcac-9aadd9a0f375
[LABEL-ATTACH] Successfully attached label 'blocker' (ID: 53446826-4aac-4ac5-bcac-9aadd9a0f375) to ISP-1512
[LABEL-MATCH] Found existing label 'QA' (stored as 'qa') -> f66526ba-6a94-47b5-8239-f9fae5aa2248
[LABEL-ATTACH] Successfully attached label 'qa' (ID: f66526ba-6a94-47b5-8239-f9fae5aa2248) to ISP-1512
[LABEL] Completed processing labels for ISP-1512. Total attached: 2
[COMMENTS] Importing 2 comment(s) for ISP-1512...
[USER-MATCH] Matched 'Robert Mbugua Kanyoro' by email: robert.mbugua@craftsilicon.com -> fb1e0a05-f047-4e22-a52b-b9b1fe4b4358
[IMPORT] Added rich text comment by Robert Mbugua Kanyoro to ISP-1512 (id=7ef9c481-54e6-4b67-8b3d-9196f8bdde2e, length=242)
[USER-MATCH] Matched 'archana.verma' by parsed first+last: archana verma -> 7b5370b5-abcd-4ad2-908b-1791ca40d9c9
[IMPORT] Added rich text comment by archana.verma to ISP-1512 (id=787e59dc-e73d-4907-a712-29758aad849c, length=267)
[DESCRIPTION-VALIDATE] ISP-1512: new_len=280, existing_len=316
[DESCRIPTION-UPDATE] ISP-1512: Updated description (280 chars)
  Previous: <div class="trix-content">
  <p>There is no screen available in the system to link Tender to a Purcha...
  Updated: <p>There is no screen available in the system to link Tender to a Purchase Order</p>
<p><strong>Expec...
Processing issue 307/439: ISP-1511
[DEBUG-LABELS] Total labels found for ISP-1511: 1
[USER-MATCH] Matched 'archana.verma' by parsed first+last: archana verma -> 7b5370b5-abcd-4ad2-908b-1791ca40d9c9
[USER-MATCH] Matched 'Robert Mbugua Kanyoro' by email: robert.mbugua@craftsilicon.com -> fb1e0a05-f047-4e22-a52b-b9b1fe4b4358
[STATUS-MATCH] Matched status 'Awaiting Build' by name: Awaiting Build -> bf46baa0-8c97-4afe-a65a-a300e43d70e6
[BANKING-MATCH] Found existing banking type 'ERP' -> d9a45733-9624-42c2-afcc-888ce998dbbe
📥 DOWNLOADING ISSUE-LEVEL ATTACHMENTS FOR ISP-1511
   Total files: 2 (45.51 MB)

   [1/2] 📥 Downloading: ISP-1511,1510, 1509, 1508-tendermanual_lBzMMbMa.mp4 (23.76 MB)
  Attempt 1/5: Downloading from https://craftsilicon.atlassian.net/rest/api/3/attachment/content/122120...
  Following redirect 1/6 to: https://api.media.atlassian.com/file/67c3ae1a-90dd-45a1-af7a-984006a4fe21/binary?token=eyJhbGciOiJIUzI1NiJ9.eyJpc3MiOiJiN...
  Attempt 1/5: Downloading from https://api.media.atlassian.com/file/67c3ae1a-90dd-45a1-af7a-984006a4fe21/binary?token=eyJhbGciOiJIUzI1NiJ9.eyJpc3MiOiJiN...
  📊 Downloaded 10.0/23.76 MB...
  📊 Downloaded 20.0/23.76 MB...
  ✅ Downloaded 24914256 bytes successfully
   ✅ Successfully attached: ISP-1511,1510, 1509, 1508-tendermanual_lBzMMbMa.mp4 (verified in storage)
  Attached ISP-1511,1510, 1509, 1508-tendermanual_lBzMMbMa.mp4 to defect ISP-1511 (service_exists=true)
   [2/2] 📥 Downloading: ISP-1511.webm (21.75 MB)
  Attempt 1/5: Downloading from https://craftsilicon.atlassian.net/rest/api/3/attachment/content/122121...
  Following redirect 1/6 to: https://api.media.atlassian.com/file/ad70f3ce-95f1-474d-a7e2-5f32b370754a/binary?token=eyJhbGciOiJIUzI1NiJ9.eyJpc3MiOiJiN...
  Attempt 1/5: Downloading from https://api.media.atlassian.com/file/ad70f3ce-95f1-474d-a7e2-5f32b370754a/binary?token=eyJhbGciOiJIUzI1NiJ9.eyJpc3MiOiJiN...
  📊 Downloaded 10.0/21.75 MB...
  📊 Downloaded 20.0/21.75 MB...
  ✅ Downloaded 22808777 bytes successfully
   ✅ Successfully attached: ISP-1511.webm (verified in storage)
  Attached ISP-1511.webm to defect ISP-1511 (service_exists=true)

📊 Attachment Summary for ISP-1511:
   ✅ Uploaded: 2
   ⏭️  Skipped: 0
   ❌ Failed: 0

[LABEL] Processing 1 label(s) for ISP-1511
[LABEL-MATCH] Found existing label 'QA' (stored as 'qa') -> f66526ba-6a94-47b5-8239-f9fae5aa2248
[LABEL-ATTACH] Successfully attached label 'qa' (ID: f66526ba-6a94-47b5-8239-f9fae5aa2248) to ISP-1511
[LABEL] Completed processing labels for ISP-1511. Total attached: 1
[COMMENTS] Importing 1 comment(s) for ISP-1511...
[USER-MATCH] Matched 'Edwin Luseno Amalemba' by parsed first+last (Edwin+Amalemba): Edwin Amalemba -> bb3df791-898f-4274-9814-14bb24a55c8b
[IMPORT] Added rich text comment by Edwin Luseno Amalemba to ISP-1511 (id=44b1c9aa-964b-4c43-b435-e5d0077fbf2c, length=194)
[DESCRIPTION-VALIDATE] ISP-1511: new_len=1146, existing_len=1142
[DESCRIPTION-UPDATE] ISP-1511: Updated description (1146 chars)
  Previous: <div class="trix-content">
  <p>Try to create a New Tender through Tender Setup&gt;&gt;Tender Initiat...
  Updated: <p>Try to create a New Tender through Tender Setup>>Tender Initiation screen. Without providing value...
Processing issue 308/439: ISP-1510
[DEBUG-LABELS] Total labels found for ISP-1510: 2
[USER-MATCH] Matched 'archana.verma' by parsed first+last: archana verma -> 7b5370b5-abcd-4ad2-908b-1791ca40d9c9
[USER-MATCH] Matched 'Daniel Mbugua' by parsed first+last: Daniel Mbugua -> 6715b9f3-0d67-4dc0-b8c7-dd0cc9e3740a
[STATUS-MATCH] Matched status 'Awaiting Build' by name: Awaiting Build -> bf46baa0-8c97-4afe-a65a-a300e43d70e6
[BANKING-MATCH] Found existing banking type 'ERP' -> d9a45733-9624-42c2-afcc-888ce998dbbe
📥 DOWNLOADING ISSUE-LEVEL ATTACHMENTS FOR ISP-1510
   Total files: 3 (53.11 MB)

   [1/3] 📥 Downloading: ISP-1510, 1509, 1508-tendermanual_lBzMMbMa.mp4 (23.76 MB)
  Attempt 1/5: Downloading from https://craftsilicon.atlassian.net/rest/api/3/attachment/content/122118...
  Following redirect 1/6 to: https://api.media.atlassian.com/file/5122b3cc-44bc-4d43-b81c-3f836722de66/binary?token=eyJhbGciOiJIUzI1NiJ9.eyJpc3MiOiJiN...
  Attempt 1/5: Downloading from https://api.media.atlassian.com/file/5122b3cc-44bc-4d43-b81c-3f836722de66/binary?token=eyJhbGciOiJIUzI1NiJ9.eyJpc3MiOiJiN...
  📊 Downloaded 10.0/23.76 MB...
  📊 Downloaded 20.0/23.76 MB...
  ✅ Downloaded 24914256 bytes successfully
   ✅ Successfully attached: ISP-1510, 1509, 1508-tendermanual_lBzMMbMa.mp4 (verified in storage)
  Attached ISP-1510, 1509, 1508-tendermanual_lBzMMbMa.mp4 to defect ISP-1510 (service_exists=true)
   [2/3] 📥 Downloading: ISP-1510.webm (10.75 MB)
  Attempt 1/3: Downloading from https://craftsilicon.atlassian.net/rest/api/3/attachment/content/122117...
  Following redirect 1/6 to: https://api.media.atlassian.com/file/cea92791-b170-47d9-b9a7-3eb3c6c758e6/binary?token=eyJhbGciOiJIUzI1NiJ9.eyJpc3MiOiJiN...
  Attempt 1/3: Downloading from https://api.media.atlassian.com/file/cea92791-b170-47d9-b9a7-3eb3c6c758e6/binary?token=eyJhbGciOiJIUzI1NiJ9.eyJpc3MiOiJiN...
  📊 Downloaded 10.0/10.75 MB...
  ✅ Downloaded 11271349 bytes successfully
   ✅ Successfully attached: ISP-1510.webm (verified in storage)
  Attached ISP-1510.webm to defect ISP-1510 (service_exists=true)
   [3/3] 📥 Downloading: ISP-1510-Tender-Proc Plan based.mp4 (18.6 MB)
  Attempt 1/3: Downloading from https://craftsilicon.atlassian.net/rest/api/3/attachment/content/122123...
  Following redirect 1/6 to: https://api.media.atlassian.com/file/0c012480-5014-4223-b6d9-07f4dd2f90ce/binary?token=eyJhbGciOiJIUzI1NiJ9.eyJpc3MiOiJiN...
  Attempt 1/3: Downloading from https://api.media.atlassian.com/file/0c012480-5014-4223-b6d9-07f4dd2f90ce/binary?token=eyJhbGciOiJIUzI1NiJ9.eyJpc3MiOiJiN...
  📊 Downloaded 10.0/18.6 MB...
  ✅ Downloaded 19504261 bytes successfully
   ✅ Successfully attached: ISP-1510-Tender-Proc Plan based.mp4 (verified in storage)
  Attached ISP-1510-Tender-Proc Plan based.mp4 to defect ISP-1510 (service_exists=true)

📊 Attachment Summary for ISP-1510:
   ✅ Uploaded: 3
   ⏭️  Skipped: 0
   ❌ Failed: 0

[LABEL] Processing 2 label(s) for ISP-1510
[LABEL-MATCH] Found existing label 'Blocker' (stored as 'blocker') -> 53446826-4aac-4ac5-bcac-9aadd9a0f375
[LABEL-ATTACH] Successfully attached label 'blocker' (ID: 53446826-4aac-4ac5-bcac-9aadd9a0f375) to ISP-1510
[LABEL-MATCH] Found existing label 'QA' (stored as 'qa') -> f66526ba-6a94-47b5-8239-f9fae5aa2248
[LABEL-ATTACH] Successfully attached label 'qa' (ID: f66526ba-6a94-47b5-8239-f9fae5aa2248) to ISP-1510
[LABEL] Completed processing labels for ISP-1510. Total attached: 2
[COMMENTS] Importing 1 comment(s) for ISP-1510...
[USER-MATCH] Matched 'Edwin Luseno Amalemba' by parsed first+last (Edwin+Amalemba): Edwin Amalemba -> bb3df791-898f-4274-9814-14bb24a55c8b
[IMPORT] Added rich text comment by Edwin Luseno Amalemba to ISP-1510 (id=c5ed4caf-ec07-46ee-9f5d-eaf8c417b5c5, length=83)
[DESCRIPTION-VALIDATE] ISP-1510: new_len=1063, existing_len=1076
[DESCRIPTION-UPDATE] ISP-1510: Updated description (1063 chars)
  Previous: <div class="trix-content">
  <p><strong>Actual Result</strong>-<span>Tender cannot be saved. Instead ...
  Updated: <p><strong>Actual Result</strong>-<span style="color: #ff5630">Tender cannot be saved. Instead it dis...
Processing issue 309/439: ISP-1509
[DEBUG-LABELS] Total labels found for ISP-1509: 1
[USER-MATCH] Matched 'archana.verma' by parsed first+last: archana verma -> 7b5370b5-abcd-4ad2-908b-1791ca40d9c9
[USER-MATCH] Matched 'Daniel Mbugua' by parsed first+last: Daniel Mbugua -> 6715b9f3-0d67-4dc0-b8c7-dd0cc9e3740a
[STATUS-MATCH] Matched status 'Awaiting Build' by name: Awaiting Build -> bf46baa0-8c97-4afe-a65a-a300e43d70e6
[BANKING-MATCH] Found existing banking type 'ERP' -> d9a45733-9624-42c2-afcc-888ce998dbbe
📥 DOWNLOADING ISSUE-LEVEL ATTACHMENTS FOR ISP-1509
   Total files: 1 (23.76 MB)

   [1/1] 📥 Downloading: ISP-1509, 1508-tendermanual_lBzMMbMa.mp4 (23.76 MB)
  Attempt 1/5: Downloading from https://craftsilicon.atlassian.net/rest/api/3/attachment/content/122116...
  Following redirect 1/6 to: https://api.media.atlassian.com/file/f93723ef-e0e5-4fed-bde1-98cd314332bb/binary?token=eyJhbGciOiJIUzI1NiJ9.eyJpc3MiOiJiN...
  Attempt 1/5: Downloading from https://api.media.atlassian.com/file/f93723ef-e0e5-4fed-bde1-98cd314332bb/binary?token=eyJhbGciOiJIUzI1NiJ9.eyJpc3MiOiJiN...
  📊 Downloaded 10.0/23.76 MB...
  📊 Downloaded 20.0/23.76 MB...
  ✅ Downloaded 24914256 bytes successfully
   ✅ Successfully attached: ISP-1509, 1508-tendermanual_lBzMMbMa.mp4 (verified in storage)
  Attached ISP-1509, 1508-tendermanual_lBzMMbMa.mp4 to defect ISP-1509 (service_exists=true)

📊 Attachment Summary for ISP-1509:
   ✅ Uploaded: 1
   ⏭️  Skipped: 0
   ❌ Failed: 0

[LABEL] Processing 1 label(s) for ISP-1509
[LABEL-MATCH] Found existing label 'QA' (stored as 'qa') -> f66526ba-6a94-47b5-8239-f9fae5aa2248
[LABEL-ATTACH] Successfully attached label 'qa' (ID: f66526ba-6a94-47b5-8239-f9fae5aa2248) to ISP-1509
[LABEL] Completed processing labels for ISP-1509. Total attached: 1
[COMMENTS] Importing 1 comment(s) for ISP-1509...
[USER-MATCH] Matched 'Edwin Luseno Amalemba' by parsed first+last (Edwin+Amalemba): Edwin Amalemba -> bb3df791-898f-4274-9814-14bb24a55c8b
[IMPORT] Added rich text comment by Edwin Luseno Amalemba to ISP-1509 (id=9cef6496-520d-4cc2-af3f-933162f46453, length=94)
[DESCRIPTION-VALIDATE] ISP-1509: new_len=321, existing_len=334
[DESCRIPTION-UPDATE] ISP-1509: Updated description (321 chars)
  Previous: <div class="trix-content">
  <p><strong>Actual Result</strong>-<span>Item Description dropdown is lis...
  Updated: <p><strong>Actual Result</strong>-<span style="color: #ff5630">Item Description dropdown is listing a...
Processing issue 310/439: ISP-1508
[DEBUG-LABELS] Total labels found for ISP-1508: 1
[USER-MATCH] Matched 'archana.verma' by parsed first+last: archana verma -> 7b5370b5-abcd-4ad2-908b-1791ca40d9c9
[USER-MATCH] Matched 'Daniel Mbugua' by parsed first+last: Daniel Mbugua -> 6715b9f3-0d67-4dc0-b8c7-dd0cc9e3740a
[STATUS-MATCH] Matched status 'Awaiting Build' by name: Awaiting Build -> bf46baa0-8c97-4afe-a65a-a300e43d70e6
[BANKING-MATCH] Found existing banking type 'ERP' -> d9a45733-9624-42c2-afcc-888ce998dbbe
📥 DOWNLOADING ISSUE-LEVEL ATTACHMENTS FOR ISP-1508
   Total files: 1 (23.76 MB)

   [1/1] 📥 Downloading: ISP-1508-tendermanual_lBzMMbMa.mp4 (23.76 MB)
  Attempt 1/5: Downloading from https://craftsilicon.atlassian.net/rest/api/3/attachment/content/122115...
  Following redirect 1/6 to: https://api.media.atlassian.com/file/ecd0b458-2940-43db-ab36-b5683eb6d30b/binary?token=eyJhbGciOiJIUzI1NiJ9.eyJpc3MiOiJiN...
  Attempt 1/5: Downloading from https://api.media.atlassian.com/file/ecd0b458-2940-43db-ab36-b5683eb6d30b/binary?token=eyJhbGciOiJIUzI1NiJ9.eyJpc3MiOiJiN...
  📊 Downloaded 10.0/23.76 MB...
  📊 Downloaded 20.0/23.76 MB...
  ✅ Downloaded 24914256 bytes successfully
   ✅ Successfully attached: ISP-1508-tendermanual_lBzMMbMa.mp4 (verified in storage)
  Attached ISP-1508-tendermanual_lBzMMbMa.mp4 to defect ISP-1508 (service_exists=true)

📊 Attachment Summary for ISP-1508:
   ✅ Uploaded: 1
   ⏭️  Skipped: 0
   ❌ Failed: 0

[LABEL] Processing 1 label(s) for ISP-1508
[LABEL-MATCH] Found existing label 'QA' (stored as 'qa') -> f66526ba-6a94-47b5-8239-f9fae5aa2248
[LABEL-ATTACH] Successfully attached label 'qa' (ID: f66526ba-6a94-47b5-8239-f9fae5aa2248) to ISP-1508
[LABEL] Completed processing labels for ISP-1508. Total attached: 1
[COMMENTS] Importing 1 comment(s) for ISP-1508...
[USER-MATCH] Matched 'Edwin Luseno Amalemba' by parsed first+last (Edwin+Amalemba): Edwin Amalemba -> bb3df791-898f-4274-9814-14bb24a55c8b
[IMPORT] Added rich text comment by Edwin Luseno Amalemba to ISP-1508 (id=2fa3ffcb-cd03-4a1c-bfaa-06e42c742181, length=80)
[DESCRIPTION-VALIDATE] ISP-1508: new_len=207, existing_len=243
[DESCRIPTION-UPDATE] ISP-1508: Updated description (207 chars)
  Previous: <div class="trix-content">
  <p><strong>Actual Result</strong>-</p>
<p><strong>Expected Result</stron...
  Updated: <p><strong>Actual Result</strong>-</p>
<p><strong>Expected Result</strong>-User should not be require...
Processing issue 311/439: ISP-1507
[DEBUG-LABELS] Total labels found for ISP-1507: 1
[USER-MATCH] Matched 'archana.verma' by parsed first+last: archana verma -> 7b5370b5-abcd-4ad2-908b-1791ca40d9c9
[USER-FALLBACK] Using default user for 'Meshack kitonga' -> b3613172-fc54-4742-b2ba-c10b97d15bf4
[STATUS-MATCH] Matched status 'To Do' by name: TO DO -> 26ce9725-f948-4e26-8bfd-5e353e685e59
[BANKING-MATCH] Found existing banking type 'ERP' -> d9a45733-9624-42c2-afcc-888ce998dbbe
📥 DOWNLOADING ISSUE-LEVEL ATTACHMENTS FOR ISP-1507
   Total files: 1 (28.95 MB)

   [1/1] 📥 Downloading: isp-1507_CKoZcGlR.mp4 (28.95 MB)
  Attempt 1/5: Downloading from https://craftsilicon.atlassian.net/rest/api/3/attachment/content/122114...
  Following redirect 1/6 to: https://api.media.atlassian.com/file/4734c736-1cfb-4fb9-ba5a-ed88749ee422/binary?token=eyJhbGciOiJIUzI1NiJ9.eyJpc3MiOiJiN...
  Attempt 1/5: Downloading from https://api.media.atlassian.com/file/4734c736-1cfb-4fb9-ba5a-ed88749ee422/binary?token=eyJhbGciOiJIUzI1NiJ9.eyJpc3MiOiJiN...
  📊 Downloaded 10.0/28.95 MB...
  📊 Downloaded 20.0/28.95 MB...
  ✅ Downloaded 30353232 bytes successfully
   ✅ Successfully attached: isp-1507_CKoZcGlR.mp4 (verified in storage)
  Attached isp-1507_CKoZcGlR.mp4 to defect ISP-1507 (service_exists=true)

📊 Attachment Summary for ISP-1507:
   ✅ Uploaded: 1
   ⏭️  Skipped: 0
   ❌ Failed: 0

[LABEL] Processing 1 label(s) for ISP-1507
[LABEL-MATCH] Found existing label 'QA' (stored as 'qa') -> f66526ba-6a94-47b5-8239-f9fae5aa2248
[LABEL-ATTACH] Successfully attached label 'qa' (ID: f66526ba-6a94-47b5-8239-f9fae5aa2248) to ISP-1507
[LABEL] Completed processing labels for ISP-1507. Total attached: 1
[DESCRIPTION-VALIDATE] ISP-1507: new_len=819, existing_len=809
[DESCRIPTION-UPDATE] ISP-1507: Updated description (819 chars)
  Previous: <div class="trix-content">
  <p><strong>Actual Result</strong>-<span>None of the Suppliers are listed...
  Updated: <p><strong>Actual Result</strong>-<span style="color: #ff5630">None of the Suppliers are listed in Ad...
Processing issue 312/439: ISP-1506
[DEBUG-LABELS] Total labels found for ISP-1506: 1
[USER-MATCH] Matched 'archana.verma' by parsed first+last: archana verma -> 7b5370b5-abcd-4ad2-908b-1791ca40d9c9
[USER-MATCH] Matched 'Robert Mbugua Kanyoro' by email: robert.mbugua@craftsilicon.com -> fb1e0a05-f047-4e22-a52b-b9b1fe4b4358
[STATUS-MATCH] Matched status 'In Progress' by name: In Progress -> c805a0e9-73fc-4726-a1ab-d28b9a36469e
[BANKING-MATCH] Found existing banking type 'ERP' -> d9a45733-9624-42c2-afcc-888ce998dbbe
📥 DOWNLOADING ISSUE-LEVEL ATTACHMENTS FOR ISP-1506
   Total files: 1 (15.45 MB)

   [1/1] 📥 Downloading: ISP-1506.mp4 (15.45 MB)
  Attempt 1/3: Downloading from https://craftsilicon.atlassian.net/rest/api/3/attachment/content/122113...
  Following redirect 1/6 to: https://api.media.atlassian.com/file/e918ee9d-d7ad-42fe-8bf8-6b6e0fbf9e3a/binary?token=eyJhbGciOiJIUzI1NiJ9.eyJpc3MiOiJiN...
  Attempt 1/3: Downloading from https://api.media.atlassian.com/file/e918ee9d-d7ad-42fe-8bf8-6b6e0fbf9e3a/binary?token=eyJhbGciOiJIUzI1NiJ9.eyJpc3MiOiJiN...
  📊 Downloaded 10.0/15.45 MB...
  ✅ Downloaded 16201621 bytes successfully
   ✅ Successfully attached: ISP-1506.mp4 (verified in storage)
  Attached ISP-1506.mp4 to defect ISP-1506 (service_exists=true)

📊 Attachment Summary for ISP-1506:
   ✅ Uploaded: 1
   ⏭️  Skipped: 0
   ❌ Failed: 0

[LABEL] Processing 1 label(s) for ISP-1506
[LABEL-MATCH] Found existing label 'QA' (stored as 'qa') -> f66526ba-6a94-47b5-8239-f9fae5aa2248
[LABEL-ATTACH] Successfully attached label 'qa' (ID: f66526ba-6a94-47b5-8239-f9fae5aa2248) to ISP-1506
[LABEL] Completed processing labels for ISP-1506. Total attached: 1
[COMMENTS] Importing 1 comment(s) for ISP-1506...
[USER-MATCH] Matched 'Robert Mbugua Kanyoro' by email: robert.mbugua@craftsilicon.com -> fb1e0a05-f047-4e22-a52b-b9b1fe4b4358
[IMPORT] Added rich text comment by Robert Mbugua Kanyoro to ISP-1506 (id=587623e3-bbee-4829-84e9-11627950a2d1, length=93)
[DESCRIPTION-VALIDATE] ISP-1506: new_len=337, existing_len=350
[DESCRIPTION-UPDATE] ISP-1506: Updated description (337 chars)
  Previous: <div class="trix-content">
  <p><strong>Actual Result</strong>-<span>All the Approved Procurement pla...
  Updated: <p><strong>Actual Result</strong>-<span style="color: #ff5630">All the Approved Procurement plans are...
Processing issue 313/439: ISP-1505
[DEBUG-LABELS] Total labels found for ISP-1505: 2
[USER-MATCH] Matched 'gideon' by single name: gideon gideon -> a2f6fdcb-6a66-4ace-992b-0f3cd5e9cc53
[USER-MATCH] Matched 'gideon' by single name: gideon gideon -> a2f6fdcb-6a66-4ace-992b-0f3cd5e9cc53
[STATUS-MATCH] Matched status 'Closed' by name: Closed -> 8c60b5b6-b9e9-405d-8d7d-d672cb9b23f1
[BANKING-MATCH] Found existing banking type 'ERP' -> d9a45733-9624-42c2-afcc-888ce998dbbe
📥 DOWNLOADING ISSUE-LEVEL ATTACHMENTS FOR ISP-1505
   Total files: 2 (3.18 MB)

   [1/2] 📥 Downloading: CRM-product-development-hire-purchase-product_X6kJ48wh.mp4 (1.49 MB)
  Attempt 1/3: Downloading from https://craftsilicon.atlassian.net/rest/api/3/attachment/content/122097...
  Following redirect 1/6 to: https://api.media.atlassian.com/file/6ca95f72-f6c6-4bfc-80a2-968b9c58e3e7/binary?token=eyJhbGciOiJIUzI1NiJ9.eyJpc3MiOiJiN...
  Attempt 1/3: Downloading from https://api.media.atlassian.com/file/6ca95f72-f6c6-4bfc-80a2-968b9c58e3e7/binary?token=eyJhbGciOiJIUzI1NiJ9.eyJpc3MiOiJiN...
  ✅ Downloaded 1560662 bytes successfully
   ✅ Successfully attached: CRM-product-development-hire-purchase-product_X6kJ48wh.mp4 (verified in storage)
  Attached CRM-product-development-hire-purchase-product_X6kJ48wh.mp4 to defect ISP-1505 (service_exists=true)
   [2/2] 📥 Downloading: crm-product-development-user-can-now-add-without-errors_sRCgq2mp.mp4 (1.69 MB)
  Attempt 1/3: Downloading from https://craftsilicon.atlassian.net/rest/api/3/attachment/content/122386...
  Following redirect 1/6 to: https://api.media.atlassian.com/file/c004ad94-3dce-4519-83d6-949092dad038/binary?token=eyJhbGciOiJIUzI1NiJ9.eyJpc3MiOiJiN...
  Attempt 1/3: Downloading from https://api.media.atlassian.com/file/c004ad94-3dce-4519-83d6-949092dad038/binary?token=eyJhbGciOiJIUzI1NiJ9.eyJpc3MiOiJiN...
  ✅ Downloaded 1771105 bytes successfully
   ✅ Successfully attached: crm-product-development-user-can-now-add-without-errors_sRCgq2mp.mp4 (verified in storage)
  Attached crm-product-development-user-can-now-add-without-errors_sRCgq2mp.mp4 to defect ISP-1505 (service_exists=true)

📊 Attachment Summary for ISP-1505:
   ✅ Uploaded: 2
   ⏭️  Skipped: 0
   ❌ Failed: 0

[LABEL] Processing 2 label(s) for ISP-1505
[LABEL-MATCH] Found existing label 'Blocker' (stored as 'blocker') -> 53446826-4aac-4ac5-bcac-9aadd9a0f375
[LABEL-ATTACH] Successfully attached label 'blocker' (ID: 53446826-4aac-4ac5-bcac-9aadd9a0f375) to ISP-1505
[LABEL-MATCH] Found existing label 'QA' (stored as 'qa') -> f66526ba-6a94-47b5-8239-f9fae5aa2248
[LABEL-ATTACH] Successfully attached label 'qa' (ID: f66526ba-6a94-47b5-8239-f9fae5aa2248) to ISP-1505
[LABEL] Completed processing labels for ISP-1505. Total attached: 2
[COMMENTS] Importing 3 comment(s) for ISP-1505...
[USER-MATCH] Matched 'Mureithi Maina' by parsed first+last: Mureithi Maina -> 48b6b96d-6b97-44ef-b692-40a2ad9d967e
[RICH-TEXT] Comment 1 contains: color
[IMPORT] Added rich text comment by Mureithi Maina to ISP-1505 (id=14d984c0-de11-4148-8d23-650fec10e28d, length=65)
[USER-MATCH] Matched 'Daniel Mbugua' by parsed first+last: Daniel Mbugua -> 6715b9f3-0d67-4dc0-b8c7-dd0cc9e3740a
[IMPORT] Added rich text comment by Daniel Mbugua to ISP-1505 (id=fe2364a8-3595-4516-a108-a952960725df, length=106)
[USER-MATCH] Matched 'gideon' by single name: gideon gideon -> a2f6fdcb-6a66-4ace-992b-0f3cd5e9cc53
[IMPORT] Added rich text comment by gideon to ISP-1505 (id=7f25f77b-7d71-42c3-b389-ae8dfb4e9ee5, length=125)
[DESCRIPTION-VALIDATE] ISP-1505: new_len=529, existing_len=565
[DESCRIPTION-UPDATE] ISP-1505: Updated description (529 chars)
  Previous: <div class="trix-content">
  <p><strong>Repro Steps</strong></p>
<p>Navigate to CRM go to Product Dev...
  Updated: <p><strong>Repro Steps</strong></p>
<p>Navigate to CRM go to Product Development, click on add a new ...
Processing issue 314/439: ISP-1504
[DEBUG-LABELS] Total labels found for ISP-1504: 1
[USER-MATCH] Matched 'gideon' by single name: gideon gideon -> a2f6fdcb-6a66-4ace-992b-0f3cd5e9cc53
[USER-MATCH] Matched 'Robert Mbugua Kanyoro' by email: robert.mbugua@craftsilicon.com -> fb1e0a05-f047-4e22-a52b-b9b1fe4b4358
[STATUS-MATCH] Matched status 'In Progress' by name: In Progress -> c805a0e9-73fc-4726-a1ab-d28b9a36469e
[BANKING-MATCH] Found existing banking type 'ERP' -> d9a45733-9624-42c2-afcc-888ce998dbbe
📥 DOWNLOADING ISSUE-LEVEL ATTACHMENTS FOR ISP-1504
   Total files: 1 (1.94 MB)

   [1/1] 📥 Downloading: branches-operation-name-not-populated-at-brances-after-selecting-the-operation-m_HOzss29M.mp4 (1.94 MB)
  Attempt 1/3: Downloading from https://craftsilicon.atlassian.net/rest/api/3/attachment/content/122087...
  Following redirect 1/6 to: https://api.media.atlassian.com/file/61db0586-d68d-49a4-a7c2-ab3e2d6f5146/binary?token=eyJhbGciOiJIUzI1NiJ9.eyJpc3MiOiJiN...
  Attempt 1/3: Downloading from https://api.media.atlassian.com/file/61db0586-d68d-49a4-a7c2-ab3e2d6f5146/binary?token=eyJhbGciOiJIUzI1NiJ9.eyJpc3MiOiJiN...
  ✅ Downloaded 2031814 bytes successfully
   ✅ Successfully attached: branches-operation-name-not-populated-at-brances-after-selecting-the-operation-m_HOzss29M.mp4 (verified in storage)
  Attached branches-operation-name-not-populated-at-brances-after-selecting-the-operation-m_HOzss29M.mp4 to defect ISP-1504 (service_exists=true)

📊 Attachment Summary for ISP-1504:
   ✅ Uploaded: 1
   ⏭️  Skipped: 0
   ❌ Failed: 0

[LABEL] Processing 1 label(s) for ISP-1504
[LABEL-MATCH] Found existing label 'QA' (stored as 'qa') -> f66526ba-6a94-47b5-8239-f9fae5aa2248
[LABEL-ATTACH] Successfully attached label 'qa' (ID: f66526ba-6a94-47b5-8239-f9fae5aa2248) to ISP-1504
[LABEL] Completed processing labels for ISP-1504. Total attached: 1
[DESCRIPTION-VALIDATE] ISP-1504: new_len=519, existing_len=555
[DESCRIPTION-UPDATE] ISP-1504: Updated description (519 chars)
  Previous: <div class="trix-content">
  <p><strong>Repro Steps</strong></p>
<p>Navigate to Settings – Branches a...
  Updated: <p><strong>Repro Steps</strong></p>
<p>Navigate to Settings – Branches and click on Add a Branch. Ent...
Processing issue 315/439: ISP-1502
[DEBUG-LABELS] Total labels found for ISP-1502: 1
[USER-MATCH] Matched 'gideon' by single name: gideon gideon -> a2f6fdcb-6a66-4ace-992b-0f3cd5e9cc53
[USER-MATCH] Matched 'Wilberforce Wakhungu' by parsed first+last: wilberforce Wakhungu -> 03c960cf-9cd1-41dc-8a6b-669843030d52
[STATUS-MATCH] Matched status 'Closed' by name: Closed -> 8c60b5b6-b9e9-405d-8d7d-d672cb9b23f1
[BANKING-MATCH] Found existing banking type 'ERP' -> d9a45733-9624-42c2-afcc-888ce998dbbe
📥 DOWNLOADING ISSUE-LEVEL ATTACHMENTS FOR ISP-1502
   Total files: 2 (8.16 MB)

   [1/2] 📥 Downloading: BAR-code-accepting-alphanumeric-characters-it-should-accept-numeric-characters-o_jg53rtCm.mp4 (2.35 MB)
  Attempt 1/3: Downloading from https://craftsilicon.atlassian.net/rest/api/3/attachment/content/122083...
  Following redirect 1/6 to: https://api.media.atlassian.com/file/4a16faf9-38d0-497c-abef-6bd117ebbb67/binary?token=eyJhbGciOiJIUzI1NiJ9.eyJpc3MiOiJiN...
  Attempt 1/3: Downloading from https://api.media.atlassian.com/file/4a16faf9-38d0-497c-abef-6bd117ebbb67/binary?token=eyJhbGciOiJIUzI1NiJ9.eyJpc3MiOiJiN...
  ✅ Downloaded 2459062 bytes successfully
   ✅ Successfully attached: BAR-code-accepting-alphanumeric-characters-it-should-accept-numeric-characters-o_jg53rtCm.mp4 (verified in storage)
  Attached BAR-code-accepting-alphanumeric-characters-it-should-accept-numeric-characters-o_jg53rtCm.mp4 to defect ISP-1502 (service_exists=true)
   [2/2] 📥 Downloading: Pass-ISP-1502.mp4 (5.81 MB)
  Attempt 1/3: Downloading from https://craftsilicon.atlassian.net/rest/api/3/attachment/content/128909...
  Following redirect 1/6 to: https://api.media.atlassian.com/file/b258eb91-e0f0-4d02-9265-a7211b7a52a7/binary?token=eyJhbGciOiJIUzI1NiJ9.eyJpc3MiOiJiN...
  Attempt 1/3: Downloading from https://api.media.atlassian.com/file/b258eb91-e0f0-4d02-9265-a7211b7a52a7/binary?token=eyJhbGciOiJIUzI1NiJ9.eyJpc3MiOiJiN...
  ✅ Downloaded 6093127 bytes successfully
   ✅ Successfully attached: Pass-ISP-1502.mp4 (verified in storage)
  Attached Pass-ISP-1502.mp4 to defect ISP-1502 (service_exists=true)

📊 Attachment Summary for ISP-1502:
   ✅ Uploaded: 2
   ⏭️  Skipped: 0
   ❌ Failed: 0

[LABEL] Processing 1 label(s) for ISP-1502
[LABEL-MATCH] Found existing label 'QA' (stored as 'qa') -> f66526ba-6a94-47b5-8239-f9fae5aa2248
[LABEL-ATTACH] Successfully attached label 'qa' (ID: f66526ba-6a94-47b5-8239-f9fae5aa2248) to ISP-1502
[LABEL] Completed processing labels for ISP-1502. Total attached: 1
[COMMENTS] Importing 3 comment(s) for ISP-1502...
[USER-MATCH] Matched 'Edwin Luseno Amalemba' by parsed first+last (Edwin+Amalemba): Edwin Amalemba -> bb3df791-898f-4274-9814-14bb24a55c8b
[IMPORT] Added rich text comment by Edwin Luseno Amalemba to ISP-1502 (id=5660d861-6725-497c-a73f-2ccc2a3fa881, length=58)
[USER-MATCH] Matched 'Mureithi Maina' by parsed first+last: Mureithi Maina -> 48b6b96d-6b97-44ef-b692-40a2ad9d967e
[IMPORT] Added rich text comment by Mureithi Maina to ISP-1502 (id=b0663420-0408-40f9-83e9-b3b52cfbe64b, length=116)
[USER-MATCH] Matched 'Wilberforce Wakhungu' by parsed first+last: wilberforce Wakhungu -> 03c960cf-9cd1-41dc-8a6b-669843030d52
[IMPORT] Added rich text comment by Wilberforce Wakhungu to ISP-1502 (id=17a5bdf0-8cb2-445f-8dcd-c7be3a135f5d, length=213)
[DESCRIPTION-VALIDATE] ISP-1502: new_len=390, existing_len=431
[DESCRIPTION-UPDATE] ISP-1502: Updated description (390 chars)
  Previous: <div class="trix-content">
  <p><strong>Repro Steps</strong></p>
<p>Navigate to Inventory - Item Mast...
  Updated: <p><strong>Repro Steps</strong></p>
<p>Navigate to Inventory - Item Master- item master List – Click ...
Processing issue 316/439: ISP-1499
[DEBUG-LABELS] Total labels found for ISP-1499: 1
[USER-MATCH] Matched 'Wilberforce Wakhungu' by parsed first+last: wilberforce Wakhungu -> 03c960cf-9cd1-41dc-8a6b-669843030d52
[USER-MATCH] Matched 'Robert Mbugua Kanyoro' by email: robert.mbugua@craftsilicon.com -> fb1e0a05-f047-4e22-a52b-b9b1fe4b4358
[STATUS-MATCH] Matched status 'In Progress' by name: In Progress -> c805a0e9-73fc-4726-a1ab-d28b9a36469e
[BANKING-MATCH] Found existing banking type 'ERP' -> d9a45733-9624-42c2-afcc-888ce998dbbe
📥 DOWNLOADING ISSUE-LEVEL ATTACHMENTS FOR ISP-1499
   Total files: 1 (0.65 MB)

   [1/1] 📥 Downloading: User(Change password).mp4 (0.65 MB)
  Attempt 1/3: Downloading from https://craftsilicon.atlassian.net/rest/api/3/attachment/content/122026...
  Following redirect 1/6 to: https://api.media.atlassian.com/file/033cdf12-83d8-4327-907a-3e44992d792e/binary?token=eyJhbGciOiJIUzI1NiJ9.eyJpc3MiOiJiN...
  Attempt 1/3: Downloading from https://api.media.atlassian.com/file/033cdf12-83d8-4327-907a-3e44992d792e/binary?token=eyJhbGciOiJIUzI1NiJ9.eyJpc3MiOiJiN...
  ✅ Downloaded 686473 bytes successfully
   ✅ Successfully attached: User(Change password).mp4 (verified in storage)
  Attached User(Change password).mp4 to defect ISP-1499 (service_exists=true)

📊 Attachment Summary for ISP-1499:
   ✅ Uploaded: 1
   ⏭️  Skipped: 0
   ❌ Failed: 0

[LABEL] Processing 1 label(s) for ISP-1499
[LABEL-MATCH] Found existing label 'QA' (stored as 'qa') -> f66526ba-6a94-47b5-8239-f9fae5aa2248
[LABEL-ATTACH] Successfully attached label 'qa' (ID: f66526ba-6a94-47b5-8239-f9fae5aa2248) to ISP-1499
[LABEL] Completed processing labels for ISP-1499. Total attached: 1
[DESCRIPTION-VALIDATE] ISP-1499: new_len=303, existing_len=339
[DESCRIPTION-UPDATE] ISP-1499: Updated description (303 chars)
  Previous: <div class="trix-content">
  <p><strong>Repro steps</strong></p>
<p><strong>Actual results</strong></...
  Updated: <p><strong>Repro steps</strong></p>
<p><strong>Actual results</strong></p>
<p>System displays an erro...
Processing issue 317/439: ISP-1496
[DEBUG-LABELS] Total labels found for ISP-1496: 1
[USER-MATCH] Matched 'Wilberforce Wakhungu' by parsed first+last: wilberforce Wakhungu -> 03c960cf-9cd1-41dc-8a6b-669843030d52
[USER-MATCH] Matched 'Robert Mbugua Kanyoro' by email: robert.mbugua@craftsilicon.com -> fb1e0a05-f047-4e22-a52b-b9b1fe4b4358
[STATUS-MATCH] Matched status 'Failed-QA' by normalized name: Failed QA -> 42911275-9770-4690-9c7d-9f71e090f491
[BANKING-MATCH] Found existing banking type 'ERP' -> d9a45733-9624-42c2-afcc-888ce998dbbe
📥 DOWNLOADING ISSUE-LEVEL ATTACHMENTS FOR ISP-1496
   Total files: 3 (3.93 MB)

   [1/3] 📥 Downloading: Fail-ISP-1496.mp4 (1.84 MB)
  Attempt 1/3: Downloading from https://craftsilicon.atlassian.net/rest/api/3/attachment/content/128334...
  Following redirect 1/6 to: https://api.media.atlassian.com/file/92068817-8c33-44b2-a1fa-9a512a0ba120/binary?token=eyJhbGciOiJIUzI1NiJ9.eyJpc3MiOiJiN...
  Attempt 1/3: Downloading from https://api.media.atlassian.com/file/92068817-8c33-44b2-a1fa-9a512a0ba120/binary?token=eyJhbGciOiJIUzI1NiJ9.eyJpc3MiOiJiN...
  ✅ Downloaded 1931783 bytes successfully
   ✅ Successfully attached: Fail-ISP-1496.mp4 (verified in storage)
  Attached Fail-ISP-1496.mp4 to defect ISP-1496 (service_exists=true)
   [2/3] 📥 Downloading: image-20251105-084014.png (0.02 MB)
  Attempt 1/3: Downloading from https://craftsilicon.atlassian.net/rest/api/3/attachment/content/128315...
  Following redirect 1/6 to: https://api.media.atlassian.com/file/afcbffe4-1306-4168-a1ed-45e14ed7f22e/binary?token=eyJhbGciOiJIUzI1NiJ9.eyJpc3MiOiJiN...
  Attempt 1/3: Downloading from https://api.media.atlassian.com/file/afcbffe4-1306-4168-a1ed-45e14ed7f22e/binary?token=eyJhbGciOiJIUzI1NiJ9.eyJpc3MiOiJiN...
  ✅ Downloaded 25505 bytes successfully
   ✅ Successfully attached: image-20251105-084014.png (verified in storage)
  Attached image-20251105-084014.png to defect ISP-1496 (service_exists=true)
   [3/3] 📥 Downloading: Survey(Search).mp4 (2.07 MB)
  Attempt 1/3: Downloading from https://craftsilicon.atlassian.net/rest/api/3/attachment/content/122023...
  Following redirect 1/6 to: https://api.media.atlassian.com/file/c63720da-071b-49d0-a9ad-8cce1a734d48/binary?token=eyJhbGciOiJIUzI1NiJ9.eyJpc3MiOiJiN...
  Attempt 1/3: Downloading from https://api.media.atlassian.com/file/c63720da-071b-49d0-a9ad-8cce1a734d48/binary?token=eyJhbGciOiJIUzI1NiJ9.eyJpc3MiOiJiN...
  ✅ Downloaded 2167271 bytes successfully
   ✅ Successfully attached: Survey(Search).mp4 (verified in storage)
  Attached Survey(Search).mp4 to defect ISP-1496 (service_exists=true)

📊 Attachment Summary for ISP-1496:
   ✅ Uploaded: 3
   ⏭️  Skipped: 0
   ❌ Failed: 0

[LABEL] Processing 1 label(s) for ISP-1496
[LABEL-MATCH] Found existing label 'QA' (stored as 'qa') -> f66526ba-6a94-47b5-8239-f9fae5aa2248
[LABEL-ATTACH] Successfully attached label 'qa' (ID: f66526ba-6a94-47b5-8239-f9fae5aa2248) to ISP-1496
[LABEL] Completed processing labels for ISP-1496. Total attached: 1
[COMMENTS] Importing 4 comment(s) for ISP-1496...
[USER-MATCH] Matched 'Mureithi Maina' by parsed first+last: Mureithi Maina -> 48b6b96d-6b97-44ef-b692-40a2ad9d967e
[IMPORT] Added rich text comment by Mureithi Maina to ISP-1496 (id=9e34b8d7-fddc-4056-a752-cf7b1e38f5db, length=40)
[USER-MATCH] Matched 'archana.verma' by parsed first+last: archana verma -> 7b5370b5-abcd-4ad2-908b-1791ca40d9c9
[IMPORT] Added rich text comment by archana.verma to ISP-1496 (id=45f9403c-0f60-41da-9a3c-e21f8eec9d82, length=155)
[USER-MATCH] Matched 'Robert Mbugua Kanyoro' by email: robert.mbugua@craftsilicon.com -> fb1e0a05-f047-4e22-a52b-b9b1fe4b4358
[IMPORT] Added rich text comment by Robert Mbugua Kanyoro to ISP-1496 (id=35f01962-a29f-4173-9c56-e7bf7df9446b, length=13)
[USER-MATCH] Matched 'Wilberforce Wakhungu' by parsed first+last: wilberforce Wakhungu -> 03c960cf-9cd1-41dc-8a6b-669843030d52
[IMPORT] Added rich text comment by Wilberforce Wakhungu to ISP-1496 (id=0ad5c7ae-53ae-4039-b012-cd38648e4834, length=73)
[DESCRIPTION-VALIDATE] ISP-1496: new_len=115, existing_len=151
[DESCRIPTION-UPDATE] ISP-1496: Updated description (115 chars)
  Previous: <div class="trix-content">
  <p><strong>Repro steps</strong></p>
<p><strong>Actual results</strong></...
  Updated: <p><strong>Repro steps</strong></p>
<p><strong>Actual results</strong></p>
<p><strong>Expected result...
Processing issue 318/439: ISP-1493
[DEBUG-LABELS] Total labels found for ISP-1493: 1
[USER-MATCH] Matched 'Dominic Mungai' by parsed first+last: Dominic Mungai -> ff2ed53b-182f-452b-8890-24faeed8a955
[USER-MATCH] Matched 'Wilberforce Wakhungu' by parsed first+last: wilberforce Wakhungu -> 03c960cf-9cd1-41dc-8a6b-669843030d52
[STATUS-MATCH] Matched status 'Closed' by name: Closed -> 8c60b5b6-b9e9-405d-8d7d-d672cb9b23f1
[BANKING-MATCH] Found existing banking type 'ERP' -> d9a45733-9624-42c2-afcc-888ce998dbbe
📥 DOWNLOADING ISSUE-LEVEL ATTACHMENTS FOR ISP-1493
   Total files: 5 (10.02 MB)

   [1/5] 📥 Downloading: image-20251105-083724.png (0.03 MB)
  Attempt 1/3: Downloading from https://craftsilicon.atlassian.net/rest/api/3/attachment/content/128314...
  Following redirect 1/6 to: https://api.media.atlassian.com/file/332336f8-2131-40a9-b988-68213b5faa7e/binary?token=eyJhbGciOiJIUzI1NiJ9.eyJpc3MiOiJiN...
  Attempt 1/3: Downloading from https://api.media.atlassian.com/file/332336f8-2131-40a9-b988-68213b5faa7e/binary?token=eyJhbGciOiJIUzI1NiJ9.eyJpc3MiOiJiN...
  ✅ Downloaded 36545 bytes successfully
   ✅ Successfully attached: image-20251105-083724.png (verified in storage)
  Attached image-20251105-083724.png to defect ISP-1493 (service_exists=true)
   [2/5] 📥 Downloading: image-20251107-135211.png (0.02 MB)
  Attempt 1/3: Downloading from https://craftsilicon.atlassian.net/rest/api/3/attachment/content/128524...
  Following redirect 1/6 to: https://api.media.atlassian.com/file/9b7b237b-0da9-4ab7-8fac-ffccf8b9723f/binary?token=eyJhbGciOiJIUzI1NiJ9.eyJpc3MiOiJiN...
  Attempt 1/3: Downloading from https://api.media.atlassian.com/file/9b7b237b-0da9-4ab7-8fac-ffccf8b9723f/binary?token=eyJhbGciOiJIUzI1NiJ9.eyJpc3MiOiJiN...
  ✅ Downloaded 19470 bytes successfully
   ✅ Successfully attached: image-20251107-135211.png (verified in storage)
  Attached image-20251107-135211.png to defect ISP-1493 (service_exists=true)
   [3/5] 📥 Downloading: Pass-ISP-1493.mp4 (4.82 MB)
  Attempt 1/3: Downloading from https://craftsilicon.atlassian.net/rest/api/3/attachment/content/128547...
  Following redirect 1/6 to: https://api.media.atlassian.com/file/78a42312-478c-49a2-8d2a-9665a42137ac/binary?token=eyJhbGciOiJIUzI1NiJ9.eyJpc3MiOiJiN...
  Attempt 1/3: Downloading from https://api.media.atlassian.com/file/78a42312-478c-49a2-8d2a-9665a42137ac/binary?token=eyJhbGciOiJIUzI1NiJ9.eyJpc3MiOiJiN...
  ✅ Downloaded 5055445 bytes successfully
   ✅ Successfully attached: Pass-ISP-1493.mp4 (verified in storage)
  Attached Pass-ISP-1493.mp4 to defect ISP-1493 (service_exists=true)
   [4/5] 📥 Downloading: two titles for schedule and tickets.mp4 (0.88 MB)
  Attempt 1/3: Downloading from https://craftsilicon.atlassian.net/rest/api/3/attachment/content/121992...
  Following redirect 1/6 to: https://api.media.atlassian.com/file/f47cea38-30aa-4644-8481-6c4cfeb2a206/binary?token=eyJhbGciOiJIUzI1NiJ9.eyJpc3MiOiJiN...
  Attempt 1/3: Downloading from https://api.media.atlassian.com/file/f47cea38-30aa-4644-8481-6c4cfeb2a206/binary?token=eyJhbGciOiJIUzI1NiJ9.eyJpc3MiOiJiN...
  ✅ Downloaded 925885 bytes successfully
   ✅ Successfully attached: two titles for schedule and tickets.mp4 (verified in storage)
  Attached two titles for schedule and tickets.mp4 to defect ISP-1493 (service_exists=true)
   [5/5] 📥 Downloading: typo in feedback msg after adding qstn to survey.mp4 (4.26 MB)
  Attempt 1/3: Downloading from https://craftsilicon.atlassian.net/rest/api/3/attachment/content/121993...
  Following redirect 1/6 to: https://api.media.atlassian.com/file/3757f805-4abe-4d75-b009-0fd1c89e72a9/binary?token=eyJhbGciOiJIUzI1NiJ9.eyJpc3MiOiJiN...
  Attempt 1/3: Downloading from https://api.media.atlassian.com/file/3757f805-4abe-4d75-b009-0fd1c89e72a9/binary?token=eyJhbGciOiJIUzI1NiJ9.eyJpc3MiOiJiN...
  ✅ Downloaded 4472067 bytes successfully
   ✅ Successfully attached: typo in feedback msg after adding qstn to survey.mp4 (verified in storage)
  Attached typo in feedback msg after adding qstn to survey.mp4 to defect ISP-1493 (service_exists=true)

📊 Attachment Summary for ISP-1493:
   ✅ Uploaded: 5
   ⏭️  Skipped: 0
   ❌ Failed: 0

[LABEL] Processing 1 label(s) for ISP-1493
[LABEL-MATCH] Found existing label 'QA' (stored as 'qa') -> f66526ba-6a94-47b5-8239-f9fae5aa2248
[LABEL-ATTACH] Successfully attached label 'qa' (ID: f66526ba-6a94-47b5-8239-f9fae5aa2248) to ISP-1493
[LABEL] Completed processing labels for ISP-1493. Total attached: 1
[COMMENTS] Importing 7 comment(s) for ISP-1493...
[USER-MATCH] Matched 'Mureithi Maina' by parsed first+last: Mureithi Maina -> 48b6b96d-6b97-44ef-b692-40a2ad9d967e
[RICH-TEXT] Comment 1 contains: color
[IMPORT] Added rich text comment by Mureithi Maina to ISP-1493 (id=cd8024ad-ff9c-48cc-aa0f-c369ac9bcaa7, length=65)
[USER-MATCH] Matched 'Daniel Mbugua' by parsed first+last: Daniel Mbugua -> 6715b9f3-0d67-4dc0-b8c7-dd0cc9e3740a
[IMPORT] Added rich text comment by Daniel Mbugua to ISP-1493 (id=ed92ffd0-6698-40bf-b4ec-24733cd0ffd1, length=66)
[USER-MATCH] Matched 'Daniel Mbugua' by parsed first+last: Daniel Mbugua -> 6715b9f3-0d67-4dc0-b8c7-dd0cc9e3740a
[IMPORT] Added rich text comment by Daniel Mbugua to ISP-1493 (id=a94150ee-bec1-40a3-8abc-7cb4ba82f4b2, length=72)
[USER-MATCH] Matched 'archana.verma' by parsed first+last: archana verma -> 7b5370b5-abcd-4ad2-908b-1791ca40d9c9
[IMPORT] Added rich text comment by archana.verma to ISP-1493 (id=0288f707-57cd-49c1-9909-eb3f11e33b9a, length=155)
[USER-MATCH] Matched 'Robert Mbugua Kanyoro' by email: robert.mbugua@craftsilicon.com -> fb1e0a05-f047-4e22-a52b-b9b1fe4b4358
[IMPORT] Added rich text comment by Robert Mbugua Kanyoro to ISP-1493 (id=f3a52402-a0ef-4030-9f06-b9ef621252c1, length=39)
[USER-MATCH] Matched 'Mureithi Maina' by parsed first+last: Mureithi Maina -> 48b6b96d-6b97-44ef-b692-40a2ad9d967e
[IMPORT] Added rich text comment by Mureithi Maina to ISP-1493 (id=ecc8d11f-701e-40fa-ace9-d1ec9761f347, length=86)
[USER-MATCH] Matched 'Wilberforce Wakhungu' by parsed first+last: wilberforce Wakhungu -> 03c960cf-9cd1-41dc-8a6b-669843030d52
[IMPORT] Added rich text comment by Wilberforce Wakhungu to ISP-1493 (id=7a5431f7-caaf-49ca-a45e-706a7cec704a, length=58)
[DESCRIPTION-VALIDATE] ISP-1493: new_len=169, existing_len=191
[DESCRIPTION-UPDATE] ISP-1493: Updated description (169 chars)
  Previous: <div class="trix-content">
  <p><strong>Repro steps</strong></p>
<p>Scenario one</p>
<p>Scenario two<...
  Updated: <p><strong>Repro steps</strong></p>
<p><u>Scenario one</u></p>
<p><u>Scenario two</u></p>
<p><strong>...
Processing issue 319/439: ISP-1491
[DEBUG-LABELS] Total labels found for ISP-1491: 1
[USER-MATCH] Matched 'Dominic Mungai' by parsed first+last: Dominic Mungai -> ff2ed53b-182f-452b-8890-24faeed8a955
[USER-MATCH] Matched 'Michael Wakhungu' by parsed first+last: Michael Wakhungu -> 597e3fd3-bd8d-4416-b3c9-e513fe79905f
[STATUS-MATCH] Matched status 'Closed' by name: Closed -> 8c60b5b6-b9e9-405d-8d7d-d672cb9b23f1
[BANKING-MATCH] Found existing banking type 'ERP' -> d9a45733-9624-42c2-afcc-888ce998dbbe
📥 DOWNLOADING ISSUE-LEVEL ATTACHMENTS FOR ISP-1491
   Total files: 2 (3.79 MB)

   [1/2] 📥 Downloading: Cannot update ticket.mp4 (2.64 MB)
  Attempt 1/3: Downloading from https://craftsilicon.atlassian.net/rest/api/3/attachment/content/121988...
  Following redirect 1/6 to: https://api.media.atlassian.com/file/bcea73db-23b0-4eb4-8ead-4d5befdd2da1/binary?token=eyJhbGciOiJIUzI1NiJ9.eyJpc3MiOiJiN...
  Attempt 1/3: Downloading from https://api.media.atlassian.com/file/bcea73db-23b0-4eb4-8ead-4d5befdd2da1/binary?token=eyJhbGciOiJIUzI1NiJ9.eyJpc3MiOiJiN...
  ✅ Downloaded 2768341 bytes successfully
   ✅ Successfully attached: Cannot update ticket.mp4 (verified in storage)
  Attached Cannot update ticket.mp4 to defect ISP-1491 (service_exists=true)
   [2/2] 📥 Downloading: ISP-1491_Retests.mov (1.15 MB)
  Attempt 1/3: Downloading from https://craftsilicon.atlassian.net/rest/api/3/attachment/content/122696...
  Following redirect 1/6 to: https://api.media.atlassian.com/file/96a099e6-4726-42db-938d-4838bbec40d6/binary?token=eyJhbGciOiJIUzI1NiJ9.eyJpc3MiOiJiN...
  Attempt 1/3: Downloading from https://api.media.atlassian.com/file/96a099e6-4726-42db-938d-4838bbec40d6/binary?token=eyJhbGciOiJIUzI1NiJ9.eyJpc3MiOiJiN...
  ✅ Downloaded 1204082 bytes successfully
   ✅ Successfully attached: ISP-1491_Retests.mov (verified in storage)
  Attached ISP-1491_Retests.mov to defect ISP-1491 (service_exists=true)

📊 Attachment Summary for ISP-1491:
   ✅ Uploaded: 2
   ⏭️  Skipped: 0
   ❌ Failed: 0

[LABEL] Processing 1 label(s) for ISP-1491
[LABEL-MATCH] Found existing label 'QA' (stored as 'qa') -> f66526ba-6a94-47b5-8239-f9fae5aa2248
[LABEL-ATTACH] Successfully attached label 'qa' (ID: f66526ba-6a94-47b5-8239-f9fae5aa2248) to ISP-1491
[LABEL] Completed processing labels for ISP-1491. Total attached: 1
[COMMENTS] Importing 3 comment(s) for ISP-1491...
[USER-MATCH] Matched 'Mureithi Maina' by parsed first+last: Mureithi Maina -> 48b6b96d-6b97-44ef-b692-40a2ad9d967e
[RICH-TEXT] Comment 1 contains: color
[IMPORT] Added rich text comment by Mureithi Maina to ISP-1491 (id=a6c6e675-beac-4ae1-a27c-90ef7831ecb6, length=65)
[USER-MATCH] Matched 'Daniel Mbugua' by parsed first+last: Daniel Mbugua -> 6715b9f3-0d67-4dc0-b8c7-dd0cc9e3740a
[IMPORT] Added rich text comment by Daniel Mbugua to ISP-1491 (id=86a4f834-0cd2-46fb-9750-c42424243ada, length=80)
[USER-MATCH] Matched 'Michael Wakhungu' by parsed first+last: Michael Wakhungu -> 597e3fd3-bd8d-4416-b3c9-e513fe79905f
[IMPORT] Added rich text comment by Michael Wakhungu to ISP-1491 (id=129f559b-1199-4de9-9918-24a3797e3a85, length=63)
[DESCRIPTION-VALIDATE] ISP-1491: new_len=115, existing_len=151
[DESCRIPTION-UPDATE] ISP-1491: Updated description (115 chars)
  Previous: <div class="trix-content">
  <p><strong>Repro steps</strong></p>
<p><strong>Actual results</strong></...
  Updated: <p><strong>Repro steps</strong></p>
<p><strong>Actual results</strong></p>
<p><strong>Expected result...
Processing issue 320/439: ISP-1490
[DEBUG-LABELS] Total labels found for ISP-1490: 1
[USER-MATCH] Matched 'Dominic Mungai' by parsed first+last: Dominic Mungai -> ff2ed53b-182f-452b-8890-24faeed8a955
[USER-MATCH] Matched 'Mureithi Maina' by parsed first+last: Mureithi Maina -> 48b6b96d-6b97-44ef-b692-40a2ad9d967e
[STATUS-MATCH] Matched status 'In Progress' by name: In Progress -> c805a0e9-73fc-4726-a1ab-d28b9a36469e
[BANKING-MATCH] Found existing banking type 'ERP' -> d9a45733-9624-42c2-afcc-888ce998dbbe
📥 DOWNLOADING ISSUE-LEVEL ATTACHMENTS FOR ISP-1490
   Total files: 1 (4.76 MB)

   [1/1] 📥 Downloading: Surveys do not have option to view responses.mp4 (4.76 MB)
  Attempt 1/3: Downloading from https://craftsilicon.atlassian.net/rest/api/3/attachment/content/121986...
  Following redirect 1/6 to: https://api.media.atlassian.com/file/c8863c07-4b65-40b7-b5a8-aa79946e6127/binary?token=eyJhbGciOiJIUzI1NiJ9.eyJpc3MiOiJiN...
  Attempt 1/3: Downloading from https://api.media.atlassian.com/file/c8863c07-4b65-40b7-b5a8-aa79946e6127/binary?token=eyJhbGciOiJIUzI1NiJ9.eyJpc3MiOiJiN...
  ✅ Downloaded 4995657 bytes successfully
   ✅ Successfully attached: Surveys do not have option to view responses.mp4 (verified in storage)
  Attached Surveys do not have option to view responses.mp4 to defect ISP-1490 (service_exists=true)

📊 Attachment Summary for ISP-1490:
   ✅ Uploaded: 1
   ⏭️  Skipped: 0
   ❌ Failed: 0

[LABEL] Processing 1 label(s) for ISP-1490
[LABEL-MATCH] Found existing label 'QA' (stored as 'qa') -> f66526ba-6a94-47b5-8239-f9fae5aa2248
[LABEL-ATTACH] Successfully attached label 'qa' (ID: f66526ba-6a94-47b5-8239-f9fae5aa2248) to ISP-1490
[LABEL] Completed processing labels for ISP-1490. Total attached: 1
[COMMENTS] Importing 1 comment(s) for ISP-1490...
[USER-MATCH] Matched 'Mureithi Maina' by parsed first+last: Mureithi Maina -> 48b6b96d-6b97-44ef-b692-40a2ad9d967e
[SKIP] Empty comment at index 0 for ISP-1490
[DESCRIPTION-VALIDATE] ISP-1490: new_len=340, existing_len=376
[DESCRIPTION-UPDATE] ISP-1490: Updated description (340 chars)
  Previous: <div class="trix-content">
  <p><strong>Repro steps</strong></p>
<p><strong>Actual results</strong></...
  Updated: <p><strong>Repro steps</strong></p>
<p><strong>Actual results</strong></p>
<p>There is no provision t...
Processing issue 321/439: ISP-1489
[DEBUG-LABELS] Total labels found for ISP-1489: 1
[USER-MATCH] Matched 'archana.verma' by parsed first+last: archana verma -> 7b5370b5-abcd-4ad2-908b-1791ca40d9c9
[USER-MATCH] Matched 'Robert Mbugua Kanyoro' by email: robert.mbugua@craftsilicon.com -> fb1e0a05-f047-4e22-a52b-b9b1fe4b4358
[STATUS-MATCH] Matched status 'In Progress' by name: In Progress -> c805a0e9-73fc-4726-a1ab-d28b9a36469e
[BANKING-MATCH] Found existing banking type 'ERP' -> d9a45733-9624-42c2-afcc-888ce998dbbe
📥 DOWNLOADING ISSUE-LEVEL ATTACHMENTS FOR ISP-1489
   Total files: 1 (28.23 MB)

   [1/1] 📥 Downloading: ISP-1489-Feedback.webm (28.23 MB)
  Attempt 1/5: Downloading from https://craftsilicon.atlassian.net/rest/api/3/attachment/content/121956...
  Following redirect 1/6 to: https://api.media.atlassian.com/file/692d8a99-3114-4352-a788-72b761fcd7e9/binary?token=eyJhbGciOiJIUzI1NiJ9.eyJpc3MiOiJiN...
  Attempt 1/5: Downloading from https://api.media.atlassian.com/file/692d8a99-3114-4352-a788-72b761fcd7e9/binary?token=eyJhbGciOiJIUzI1NiJ9.eyJpc3MiOiJiN...
  📊 Downloaded 10.0/28.23 MB...
  📊 Downloaded 20.0/28.23 MB...
  ✅ Downloaded 29596058 bytes successfully
   ✅ Successfully attached: ISP-1489-Feedback.webm (verified in storage)
  Attached ISP-1489-Feedback.webm to defect ISP-1489 (service_exists=true)

📊 Attachment Summary for ISP-1489:
   ✅ Uploaded: 1
   ⏭️  Skipped: 0
   ❌ Failed: 0

[LABEL] Processing 1 label(s) for ISP-1489
[LABEL-MATCH] Found existing label 'QA' (stored as 'qa') -> f66526ba-6a94-47b5-8239-f9fae5aa2248
[LABEL-ATTACH] Successfully attached label 'qa' (ID: f66526ba-6a94-47b5-8239-f9fae5aa2248) to ISP-1489
[LABEL] Completed processing labels for ISP-1489. Total attached: 1
[DESCRIPTION-VALIDATE] ISP-1489: new_len=580, existing_len=616
[DESCRIPTION-UPDATE] ISP-1489: Updated description (580 chars)
  Previous: <div class="trix-content">
  <p>Try to Add, Edit or delete any record under any of the sub modules un...
  Updated: <p>Try to Add, Edit or delete any record under any of the sub modules under Procurement for instance ...
Processing issue 322/439: ISP-1488
[DEBUG-LABELS] Total labels found for ISP-1488: 1
[USER-MATCH] Matched 'archana.verma' by parsed first+last: archana verma -> 7b5370b5-abcd-4ad2-908b-1791ca40d9c9
[USER-MATCH] Matched 'Robert Mbugua Kanyoro' by email: robert.mbugua@craftsilicon.com -> fb1e0a05-f047-4e22-a52b-b9b1fe4b4358
[STATUS-MATCH] Matched status 'In Progress' by name: In Progress -> c805a0e9-73fc-4726-a1ab-d28b9a36469e
[BANKING-MATCH] Found existing banking type 'ERP' -> d9a45733-9624-42c2-afcc-888ce998dbbe
📥 DOWNLOADING ISSUE-LEVEL ATTACHMENTS FOR ISP-1488
   Total files: 1 (6.78 MB)

   [1/1] 📥 Downloading: ISP-1488-RFQ Criteria Setup.webm (6.78 MB)
  Attempt 1/3: Downloading from https://craftsilicon.atlassian.net/rest/api/3/attachment/content/121955...
  Following redirect 1/6 to: https://api.media.atlassian.com/file/215964fe-1665-44f8-a78d-79a798df491b/binary?token=eyJhbGciOiJIUzI1NiJ9.eyJpc3MiOiJiN...
  Attempt 1/3: Downloading from https://api.media.atlassian.com/file/215964fe-1665-44f8-a78d-79a798df491b/binary?token=eyJhbGciOiJIUzI1NiJ9.eyJpc3MiOiJiN...
  ✅ Downloaded 7111144 bytes successfully
   ✅ Successfully attached: ISP-1488-RFQ Criteria Setup.webm (verified in storage)
  Attached ISP-1488-RFQ Criteria Setup.webm to defect ISP-1488 (service_exists=true)

📊 Attachment Summary for ISP-1488:
   ✅ Uploaded: 1
   ⏭️  Skipped: 0
   ❌ Failed: 0

[LABEL] Processing 1 label(s) for ISP-1488
[LABEL-MATCH] Found existing label 'QA' (stored as 'qa') -> f66526ba-6a94-47b5-8239-f9fae5aa2248
[LABEL-ATTACH] Successfully attached label 'qa' (ID: f66526ba-6a94-47b5-8239-f9fae5aa2248) to ISP-1488
[LABEL] Completed processing labels for ISP-1488. Total attached: 1
[COMMENTS] Importing 2 comment(s) for ISP-1488...
[USER-MATCH] Matched 'Edwin Luseno Amalemba' by parsed first+last (Edwin+Amalemba): Edwin Amalemba -> bb3df791-898f-4274-9814-14bb24a55c8b
[IMPORT] Added rich text comment by Edwin Luseno Amalemba to ISP-1488 (id=6fcf6265-a1d8-4240-992b-d59743ba90b8, length=202)
[USER-MATCH] Matched 'Daniel Mbugua' by parsed first+last: Daniel Mbugua -> 6715b9f3-0d67-4dc0-b8c7-dd0cc9e3740a
[IMPORT] Added rich text comment by Daniel Mbugua to ISP-1488 (id=a101ecbf-6092-4e05-8f9d-c3c6929cfded, length=83)
[DESCRIPTION-VALIDATE] ISP-1488: new_len=432, existing_len=480
[DESCRIPTION-UPDATE] ISP-1488: Updated description (432 chars)
  Previous: <div class="trix-content">
  <p><strong>Actual Result</strong>-On the Supplier Evaluation screen, sta...
  Updated: <p><strong>Actual Result</strong>-On the Supplier Evaluation screen, static Evaluation Criteria are a...
Processing issue 323/439: ISP-1485
[DEBUG-LABELS] Total labels found for ISP-1485: 2
[USER-MATCH] Matched 'archana.verma' by parsed first+last: archana verma -> 7b5370b5-abcd-4ad2-908b-1791ca40d9c9
[USER-MATCH] Matched 'archana.verma' by parsed first+last: archana verma -> 7b5370b5-abcd-4ad2-908b-1791ca40d9c9
[STATUS-MATCH] Matched status 'Awaiting Build' by name: Awaiting Build -> bf46baa0-8c97-4afe-a65a-a300e43d70e6
[BANKING-MATCH] Found existing banking type 'ERP' -> d9a45733-9624-42c2-afcc-888ce998dbbe
📥 DOWNLOADING ISSUE-LEVEL ATTACHMENTS FOR ISP-1485
   Total files: 2 (50.44 MB)

   [1/2] 📥 Downloading: image-20251117-131526.png (0.05 MB)
  Attempt 1/3: Downloading from https://craftsilicon.atlassian.net/rest/api/3/attachment/content/129007...
  Following redirect 1/6 to: https://api.media.atlassian.com/file/a6d3ca27-8288-442e-a952-28f9980c6c4e/binary?token=eyJhbGciOiJIUzI1NiJ9.eyJpc3MiOiJiN...
  Attempt 1/3: Downloading from https://api.media.atlassian.com/file/a6d3ca27-8288-442e-a952-28f9980c6c4e/binary?token=eyJhbGciOiJIUzI1NiJ9.eyJpc3MiOiJiN...
  ✅ Downloaded 48178 bytes successfully
   ✅ Successfully attached: image-20251117-131526.png (verified in storage)
  Attached image-20251117-131526.png to defect ISP-1485 (service_exists=true)
   [2/2] 📥 Downloading: ISP-1485-poprocess_pPV2pjtY.mp4 (50.4 MB)
  Attempt 1/5: Downloading from https://craftsilicon.atlassian.net/rest/api/3/attachment/content/121952...
  Following redirect 1/6 to: https://api.media.atlassian.com/file/c6d12a5c-5461-465c-99a5-7b29bee8d5e0/binary?token=eyJhbGciOiJIUzI1NiJ9.eyJpc3MiOiJiN...
  Attempt 1/5: Downloading from https://api.media.atlassian.com/file/c6d12a5c-5461-465c-99a5-7b29bee8d5e0/binary?token=eyJhbGciOiJIUzI1NiJ9.eyJpc3MiOiJiN...
  📊 Downloaded 10.0/50.4 MB...
  📊 Downloaded 20.0/50.4 MB...
  📊 Downloaded 30.0/50.4 MB...
  📊 Downloaded 40.0/50.4 MB...
  📊 Downloaded 50.0/50.4 MB...
  ✅ Downloaded 52845624 bytes successfully
   ✅ Successfully attached: ISP-1485-poprocess_pPV2pjtY.mp4 (verified in storage)
  Attached ISP-1485-poprocess_pPV2pjtY.mp4 to defect ISP-1485 (service_exists=true)

📊 Attachment Summary for ISP-1485:
   ✅ Uploaded: 2
   ⏭️  Skipped: 0
   ❌ Failed: 0

[LABEL] Processing 2 label(s) for ISP-1485
[LABEL-MATCH] Found existing label 'Blocker' (stored as 'blocker') -> 53446826-4aac-4ac5-bcac-9aadd9a0f375
[LABEL-ATTACH] Successfully attached label 'blocker' (ID: 53446826-4aac-4ac5-bcac-9aadd9a0f375) to ISP-1485
[LABEL-MATCH] Found existing label 'QA' (stored as 'qa') -> f66526ba-6a94-47b5-8239-f9fae5aa2248
[LABEL-ATTACH] Successfully attached label 'qa' (ID: f66526ba-6a94-47b5-8239-f9fae5aa2248) to ISP-1485
[LABEL] Completed processing labels for ISP-1485. Total attached: 2
[COMMENTS] Importing 3 comment(s) for ISP-1485...
[USER-MATCH] Matched 'Edwin Luseno Amalemba' by parsed first+last (Edwin+Amalemba): Edwin Amalemba -> bb3df791-898f-4274-9814-14bb24a55c8b
[IMPORT] Added rich text comment by Edwin Luseno Amalemba to ISP-1485 (id=cd041ef4-f17b-47f5-aab4-3684165516d5, length=31)
[USER-MATCH] Matched 'Daniel Mbugua' by parsed first+last: Daniel Mbugua -> 6715b9f3-0d67-4dc0-b8c7-dd0cc9e3740a
[IMPORT] Added rich text comment by Daniel Mbugua to ISP-1485 (id=397cd204-5314-480c-aed0-709dd79ae69c, length=44)
[USER-MATCH] Matched 'Robert Mbugua Kanyoro' by email: robert.mbugua@craftsilicon.com -> fb1e0a05-f047-4e22-a52b-b9b1fe4b4358
[IMPORT] Added rich text comment by Robert Mbugua Kanyoro to ISP-1485 (id=4aa04a27-e48a-4d41-b1df-449f332dafc9, length=100)
[DESCRIPTION-VALIDATE] ISP-1485: new_len=430, existing_len=443
[DESCRIPTION-UPDATE] ISP-1485: Updated description (430 chars)
  Previous: <div class="trix-content">
  <p><strong>Actual Result</strong>-<span>RFQ is not getting Approved. It ...
  Updated: <p><strong>Actual Result</strong>-<span style="color: #ff5630">RFQ is not getting Approved. It still ...
Processing issue 324/439: ISP-1483
[DEBUG-LABELS] Total labels found for ISP-1483: 2
[USER-MATCH] Matched 'archana.verma' by parsed first+last: archana verma -> 7b5370b5-abcd-4ad2-908b-1791ca40d9c9
[USER-MATCH] Matched 'archana.verma' by parsed first+last: archana verma -> 7b5370b5-abcd-4ad2-908b-1791ca40d9c9
[STATUS-MATCH] Matched status 'Closed' by name: Closed -> 8c60b5b6-b9e9-405d-8d7d-d672cb9b23f1
[BANKING-MATCH] Found existing banking type 'ERP' -> d9a45733-9624-42c2-afcc-888ce998dbbe
📥 DOWNLOADING ISSUE-LEVEL ATTACHMENTS FOR ISP-1483
   Total files: 3 (43.13 MB)

   [1/3] 📥 Downloading: ISP-1483, 1481, 1482-purchaseorder_AC0vGRwh.mp4 (15.52 MB)
  Attempt 1/3: Downloading from https://craftsilicon.atlassian.net/rest/api/3/attachment/content/121948...
  Following redirect 1/6 to: https://api.media.atlassian.com/file/efe33740-0b01-422f-9ccf-cb8d64cbb363/binary?token=eyJhbGciOiJIUzI1NiJ9.eyJpc3MiOiJiN...
  Attempt 1/3: Downloading from https://api.media.atlassian.com/file/efe33740-0b01-422f-9ccf-cb8d64cbb363/binary?token=eyJhbGciOiJIUzI1NiJ9.eyJpc3MiOiJiN...
  📊 Downloaded 10.0/15.52 MB...
  ✅ Downloaded 16275695 bytes successfully
   ✅ Successfully attached: ISP-1483, 1481, 1482-purchaseorder_AC0vGRwh.mp4 (verified in storage)
  Attached ISP-1483, 1481, 1482-purchaseorder_AC0vGRwh.mp4 to defect ISP-1483 (service_exists=true)
   [2/3] 📥 Downloading: Retest ISP-1483-Pass-Purchase Order retests.mp4 (27.53 MB)
  Attempt 1/5: Downloading from https://craftsilicon.atlassian.net/rest/api/3/attachment/content/129235...
  Following redirect 1/6 to: https://api.media.atlassian.com/file/4d88e767-6911-4eb3-8507-1bfefd48f335/binary?token=eyJhbGciOiJIUzI1NiJ9.eyJpc3MiOiJiN...
  Attempt 1/5: Downloading from https://api.media.atlassian.com/file/4d88e767-6911-4eb3-8507-1bfefd48f335/binary?token=eyJhbGciOiJIUzI1NiJ9.eyJpc3MiOiJiN...
  📊 Downloaded 10.0/27.53 MB...
  📊 Downloaded 20.0/27.53 MB...
  ✅ Downloaded 28862973 bytes successfully
   ✅ Successfully attached: Retest ISP-1483-Pass-Purchase Order retests.mp4 (verified in storage)
  Attached Retest ISP-1483-Pass-Purchase Order retests.mp4 to defect ISP-1483 (service_exists=true)
   [3/3] 📥 Downloading: totals.png (0.09 MB)
  Attempt 1/3: Downloading from https://craftsilicon.atlassian.net/rest/api/3/attachment/content/123446...
  Following redirect 1/6 to: https://api.media.atlassian.com/file/cbfd67d9-8a3c-4f58-826b-f72559c60125/binary?token=eyJhbGciOiJIUzI1NiJ9.eyJpc3MiOiJiN...
  Attempt 1/3: Downloading from https://api.media.atlassian.com/file/cbfd67d9-8a3c-4f58-826b-f72559c60125/binary?token=eyJhbGciOiJIUzI1NiJ9.eyJpc3MiOiJiN...
  ✅ Downloaded 90809 bytes successfully
   ✅ Successfully attached: totals.png (verified in storage)
  Attached totals.png to defect ISP-1483 (service_exists=true)

📊 Attachment Summary for ISP-1483:
   ✅ Uploaded: 3
   ⏭️  Skipped: 0
   ❌ Failed: 0

[LABEL] Processing 2 label(s) for ISP-1483
[LABEL-MATCH] Found existing label 'Blocker' (stored as 'blocker') -> 53446826-4aac-4ac5-bcac-9aadd9a0f375
[LABEL-ATTACH] Successfully attached label 'blocker' (ID: 53446826-4aac-4ac5-bcac-9aadd9a0f375) to ISP-1483
[LABEL-MATCH] Found existing label 'QA' (stored as 'qa') -> f66526ba-6a94-47b5-8239-f9fae5aa2248
[LABEL-ATTACH] Successfully attached label 'qa' (ID: f66526ba-6a94-47b5-8239-f9fae5aa2248) to ISP-1483
[LABEL] Completed processing labels for ISP-1483. Total attached: 2
[COMMENTS] Importing 4 comment(s) for ISP-1483...
[USER-MATCH] Matched 'Edwin Luseno Amalemba' by parsed first+last (Edwin+Amalemba): Edwin Amalemba -> bb3df791-898f-4274-9814-14bb24a55c8b
[IMPORT] Added rich text comment by Edwin Luseno Amalemba to ISP-1483 (id=8fcfb922-5383-4aca-bf4b-69582160bd59, length=125)
[USER-MATCH] Matched 'Daniel Mbugua' by parsed first+last: Daniel Mbugua -> 6715b9f3-0d67-4dc0-b8c7-dd0cc9e3740a
[IMPORT] Added rich text comment by Daniel Mbugua to ISP-1483 (id=2859641c-d909-4759-860b-4760a6eb85fb, length=246)
[USER-MATCH] Matched 'Robert Mbugua Kanyoro' by email: robert.mbugua@craftsilicon.com -> fb1e0a05-f047-4e22-a52b-b9b1fe4b4358
[IMPORT] Added rich text comment by Robert Mbugua Kanyoro to ISP-1483 (id=8546235c-e521-4ab0-8608-bbbc771050d2, length=86)
[USER-MATCH] Matched 'archana.verma' by parsed first+last: archana verma -> 7b5370b5-abcd-4ad2-908b-1791ca40d9c9
[IMPORT] Added rich text comment by archana.verma to ISP-1483 (id=8f072c5d-9532-413b-b75e-f1de99890052, length=415)
[DESCRIPTION-VALIDATE] ISP-1483: new_len=253, existing_len=266
[DESCRIPTION-UPDATE] ISP-1483: Updated description (253 chars)
  Previous: <div class="trix-content">
  <p><strong>Actual Result</strong>-<span>Getting an error-Sorry our serve...
  Updated: <p><strong>Actual Result</strong>-<span style="color: #ff5630">Getting an error-Sorry our servers enc...
Processing issue 325/439: ISP-1482
[DEBUG-LABELS] Total labels found for ISP-1482: 1
[USER-MATCH] Matched 'archana.verma' by parsed first+last: archana verma -> 7b5370b5-abcd-4ad2-908b-1791ca40d9c9
[USER-MATCH] Matched 'Robert Mbugua Kanyoro' by email: robert.mbugua@craftsilicon.com -> fb1e0a05-f047-4e22-a52b-b9b1fe4b4358
[STATUS-MATCH] Matched status 'Awaiting Build' by name: Awaiting Build -> bf46baa0-8c97-4afe-a65a-a300e43d70e6
[BANKING-MATCH] Found existing banking type 'ERP' -> d9a45733-9624-42c2-afcc-888ce998dbbe
📥 DOWNLOADING ISSUE-LEVEL ATTACHMENTS FOR ISP-1482
   Total files: 4 (43.18 MB)

   [1/4] 📥 Downloading: image-20251107-083404.png (0.1 MB)
  Attempt 1/3: Downloading from https://craftsilicon.atlassian.net/rest/api/3/attachment/content/128467...
  Following redirect 1/6 to: https://api.media.atlassian.com/file/c5e9fe06-ad73-491d-8783-e85c2944191e/binary?token=eyJhbGciOiJIUzI1NiJ9.eyJpc3MiOiJiN...
  Attempt 1/3: Downloading from https://api.media.atlassian.com/file/c5e9fe06-ad73-491d-8783-e85c2944191e/binary?token=eyJhbGciOiJIUzI1NiJ9.eyJpc3MiOiJiN...
  ✅ Downloaded 106711 bytes successfully
   ✅ Successfully attached: image-20251107-083404.png (verified in storage)
  Attached image-20251107-083404.png to defect ISP-1482 (service_exists=true)
   [2/4] 📥 Downloading: image-20251127-072103.png (0.03 MB)
  Attempt 1/3: Downloading from https://craftsilicon.atlassian.net/rest/api/3/attachment/content/129911...
  Following redirect 1/6 to: https://api.media.atlassian.com/file/aab1e006-af6a-49a1-89c9-edc8c28c1094/binary?token=eyJhbGciOiJIUzI1NiJ9.eyJpc3MiOiJiN...
  Attempt 1/3: Downloading from https://api.media.atlassian.com/file/aab1e006-af6a-49a1-89c9-edc8c28c1094/binary?token=eyJhbGciOiJIUzI1NiJ9.eyJpc3MiOiJiN...
  ✅ Downloaded 31669 bytes successfully
   ✅ Successfully attached: image-20251127-072103.png (verified in storage)
  Attached image-20251127-072103.png to defect ISP-1482 (service_exists=true)
   [3/4] 📥 Downloading: ISP-1481, 1482-purchaseorder_AC0vGRwh.mp4 (15.52 MB)
  Attempt 1/3: Downloading from https://craftsilicon.atlassian.net/rest/api/3/attachment/content/121947...
  Following redirect 1/6 to: https://api.media.atlassian.com/file/bbbbeb13-b0df-43d1-b1cc-fd8b105aa245/binary?token=eyJhbGciOiJIUzI1NiJ9.eyJpc3MiOiJiN...
  Attempt 1/3: Downloading from https://api.media.atlassian.com/file/bbbbeb13-b0df-43d1-b1cc-fd8b105aa245/binary?token=eyJhbGciOiJIUzI1NiJ9.eyJpc3MiOiJiN...
  📊 Downloaded 10.0/15.52 MB...
  ✅ Downloaded 16275695 bytes successfully
   ✅ Successfully attached: ISP-1481, 1482-purchaseorder_AC0vGRwh.mp4 (verified in storage)
  Attached ISP-1481, 1482-purchaseorder_AC0vGRwh.mp4 to defect ISP-1482 (service_exists=true)
   [4/4] 📥 Downloading: Retest ISP-1482-Fail and ISP-1483-Pass-Purchase Order retests.mp4 (27.53 MB)
  Attempt 1/5: Downloading from https://craftsilicon.atlassian.net/rest/api/3/attachment/content/129240...
  Following redirect 1/6 to: https://api.media.atlassian.com/file/fc16885b-6cb7-4e2d-a3f1-08492f5aa16c/binary?token=eyJhbGciOiJIUzI1NiJ9.eyJpc3MiOiJiN...
  Attempt 1/5: Downloading from https://api.media.atlassian.com/file/fc16885b-6cb7-4e2d-a3f1-08492f5aa16c/binary?token=eyJhbGciOiJIUzI1NiJ9.eyJpc3MiOiJiN...
  📊 Downloaded 10.0/27.53 MB...
  📊 Downloaded 20.0/27.53 MB...
  ✅ Downloaded 28862973 bytes successfully
   ✅ Successfully attached: Retest ISP-1482-Fail and ISP-1483-Pass-Purchase Order retests.mp4 (verified in storage)
  Attached Retest ISP-1482-Fail and ISP-1483-Pass-Purchase Order retests.mp4 to defect ISP-1482 (service_exists=true)

📊 Attachment Summary for ISP-1482:
   ✅ Uploaded: 4
   ⏭️  Skipped: 0
   ❌ Failed: 0

[LABEL] Processing 1 label(s) for ISP-1482
[LABEL-MATCH] Found existing label 'QA' (stored as 'qa') -> f66526ba-6a94-47b5-8239-f9fae5aa2248
[LABEL-ATTACH] Successfully attached label 'qa' (ID: f66526ba-6a94-47b5-8239-f9fae5aa2248) to ISP-1482
[LABEL] Completed processing labels for ISP-1482. Total attached: 1
[COMMENTS] Importing 2 comment(s) for ISP-1482...
[USER-MATCH] Matched 'archana.verma' by parsed first+last: archana verma -> 7b5370b5-abcd-4ad2-908b-1791ca40d9c9
[RICH-TEXT] Comment 1 contains: color
[IMPORT] Added rich text comment by archana.verma to ISP-1482 (id=a6c615ec-8d50-4fd1-a597-1bfe912d8da6, length=951)
[USER-MATCH] Matched 'Robert Mbugua Kanyoro' by email: robert.mbugua@craftsilicon.com -> fb1e0a05-f047-4e22-a52b-b9b1fe4b4358
[IMPORT] Added rich text comment by Robert Mbugua Kanyoro to ISP-1482 (id=30906fbd-0047-4acb-9384-f463b5e6d3e1, length=27)
[DESCRIPTION-VALIDATE] ISP-1482: new_len=79, existing_len=115
[DESCRIPTION-UPDATE] ISP-1482: Updated description (79 chars)
  Previous: <div class="trix-content">
  <p><strong>Actual Result</strong>-</p>
<p><strong>Expected Result</stron...
Processing issue 326/439: ISP-1481
[DEBUG-LABELS] Total labels found for ISP-1481: 1
[USER-MATCH] Matched 'archana.verma' by parsed first+last: archana verma -> 7b5370b5-abcd-4ad2-908b-1791ca40d9c9
[USER-MATCH] Matched 'archana.verma' by parsed first+last: archana verma -> 7b5370b5-abcd-4ad2-908b-1791ca40d9c9
[STATUS-MATCH] Matched status 'Closed' by name: Closed -> 8c60b5b6-b9e9-405d-8d7d-d672cb9b23f1
[BANKING-MATCH] Found existing banking type 'ERP' -> d9a45733-9624-42c2-afcc-888ce998dbbe
📥 DOWNLOADING ISSUE-LEVEL ATTACHMENTS FOR ISP-1481
   Total files: 2 (43.05 MB)

   [1/2] 📥 Downloading: ISP-1481-purchaseorder_AC0vGRwh.mp4 (15.52 MB)
  Attempt 1/3: Downloading from https://craftsilicon.atlassian.net/rest/api/3/attachment/content/121946...
  Following redirect 1/6 to: https://api.media.atlassian.com/file/d5e8298a-9d31-4d93-be3d-ce563b16fa35/binary?token=eyJhbGciOiJIUzI1NiJ9.eyJpc3MiOiJiN...
  Attempt 1/3: Downloading from https://api.media.atlassian.com/file/d5e8298a-9d31-4d93-be3d-ce563b16fa35/binary?token=eyJhbGciOiJIUzI1NiJ9.eyJpc3MiOiJiN...
  📊 Downloaded 10.0/15.52 MB...
  ✅ Downloaded 16275695 bytes successfully
   ✅ Successfully attached: ISP-1481-purchaseorder_AC0vGRwh.mp4 (verified in storage)
  Attached ISP-1481-purchaseorder_AC0vGRwh.mp4 to defect ISP-1481 (service_exists=true)
   [2/2] 📥 Downloading: Retest ISP-1481-Pass and ISP-1482-Fail and ISP-1483-Pass-Purchase Order retests.mp4 (27.53 MB)
  Attempt 1/5: Downloading from https://craftsilicon.atlassian.net/rest/api/3/attachment/content/129244...
  Following redirect 1/6 to: https://api.media.atlassian.com/file/65e8d56e-2d39-4d36-b8f5-06bb66e675fd/binary?token=eyJhbGciOiJIUzI1NiJ9.eyJpc3MiOiJiN...
  Attempt 1/5: Downloading from https://api.media.atlassian.com/file/65e8d56e-2d39-4d36-b8f5-06bb66e675fd/binary?token=eyJhbGciOiJIUzI1NiJ9.eyJpc3MiOiJiN...
  📊 Downloaded 10.0/27.53 MB...
  📊 Downloaded 20.0/27.53 MB...
  ✅ Downloaded 28862973 bytes successfully
   ✅ Successfully attached: Retest ISP-1481-Pass and ISP-1482-Fail and ISP-1483-Pass-Purchase Order retests.mp4 (verified in storage)
  Attached Retest ISP-1481-Pass and ISP-1482-Fail and ISP-1483-Pass-Purchase Order retests.mp4 to defect ISP-1481 (service_exists=true)

📊 Attachment Summary for ISP-1481:
   ✅ Uploaded: 2
   ⏭️  Skipped: 0
   ❌ Failed: 0

[LABEL] Processing 1 label(s) for ISP-1481
[LABEL-MATCH] Found existing label 'QA' (stored as 'qa') -> f66526ba-6a94-47b5-8239-f9fae5aa2248
[LABEL-ATTACH] Successfully attached label 'qa' (ID: f66526ba-6a94-47b5-8239-f9fae5aa2248) to ISP-1481
[LABEL] Completed processing labels for ISP-1481. Total attached: 1
[COMMENTS] Importing 3 comment(s) for ISP-1481...
[USER-MATCH] Matched 'archana.verma' by parsed first+last: archana verma -> 7b5370b5-abcd-4ad2-908b-1791ca40d9c9
[IMPORT] Added rich text comment by archana.verma to ISP-1481 (id=7f648a82-925a-4ac5-a20f-26cd167f6d54, length=119)
[USER-MATCH] Matched 'Robert Mbugua Kanyoro' by email: robert.mbugua@craftsilicon.com -> fb1e0a05-f047-4e22-a52b-b9b1fe4b4358
[IMPORT] Added rich text comment by Robert Mbugua Kanyoro to ISP-1481 (id=e1a06ec7-be32-4c40-900f-daed6baff1d9, length=431)
[USER-MATCH] Matched 'archana.verma' by parsed first+last: archana verma -> 7b5370b5-abcd-4ad2-908b-1791ca40d9c9
[RICH-TEXT] Comment 3 contains: color
[IMPORT] Added rich text comment by archana.verma to ISP-1481 (id=2f43b8bd-fd8b-406b-bbff-2599de3407a9, length=431)
[DESCRIPTION-VALIDATE] ISP-1481: new_len=239, existing_len=275
[DESCRIPTION-UPDATE] ISP-1481: Updated description (239 chars)
  Previous: <div class="trix-content">
  <p><strong>Actual Result</strong>-On this screen-New LPO, Open, Place Or...
  Updated: <p><strong>Actual Result</strong>-On this screen-New LPO, Open, Place Order buttons are non responsiv...
Processing issue 327/439: ISP-1479
[DEBUG-LABELS] Total labels found for ISP-1479: 1
[USER-MATCH] Matched 'gideon' by single name: gideon gideon -> a2f6fdcb-6a66-4ace-992b-0f3cd5e9cc53
[USER-MATCH] Matched 'gideon' by single name: gideon gideon -> a2f6fdcb-6a66-4ace-992b-0f3cd5e9cc53
[STATUS-MATCH] Matched status 'Closed' by name: Closed -> 8c60b5b6-b9e9-405d-8d7d-d672cb9b23f1
[BANKING-MATCH] Found existing banking type 'ERP' -> d9a45733-9624-42c2-afcc-888ce998dbbe
📥 DOWNLOADING ISSUE-LEVEL ATTACHMENTS FOR ISP-1479
   Total files: 3 (3.59 MB)

   [1/3] 📥 Downloading: image-20251107-133056.png (0.09 MB)
  Attempt 1/3: Downloading from https://craftsilicon.atlassian.net/rest/api/3/attachment/content/128519...
  Following redirect 1/6 to: https://api.media.atlassian.com/file/534ec9fd-1e79-4562-99b2-aec657c6de3a/binary?token=eyJhbGciOiJIUzI1NiJ9.eyJpc3MiOiJiN...
  Attempt 1/3: Downloading from https://api.media.atlassian.com/file/534ec9fd-1e79-4562-99b2-aec657c6de3a/binary?token=eyJhbGciOiJIUzI1NiJ9.eyJpc3MiOiJiN...
  ✅ Downloaded 96005 bytes successfully
   ✅ Successfully attached: image-20251107-133056.png (verified in storage)
  Attached image-20251107-133056.png to defect ISP-1479 (service_exists=true)
   [2/3] 📥 Downloading: Issue-no-1479-is-Pass-Item-Category-item-Status-is now-available-in-both-view-a_r430V1ET.mp4 (1.95 MB)
  Attempt 1/3: Downloading from https://craftsilicon.atlassian.net/rest/api/3/attachment/content/128540...
  Following redirect 1/6 to: https://api.media.atlassian.com/file/00de6cf4-45ac-4d1e-8147-25981239997e/binary?token=eyJhbGciOiJIUzI1NiJ9.eyJpc3MiOiJiN...
  Attempt 1/3: Downloading from https://api.media.atlassian.com/file/00de6cf4-45ac-4d1e-8147-25981239997e/binary?token=eyJhbGciOiJIUzI1NiJ9.eyJpc3MiOiJiN...
  ✅ Downloaded 2041736 bytes successfully
   ✅ Successfully attached: Issue-no-1479-is-Pass-Item-Category-item-Status-is now-available-in-both-view-a_r430V1ET.mp4 (verified in storage)
  Attached Issue-no-1479-is-Pass-Item-Category-item-Status-is now-available-in-both-view-a_r430V1ET.mp4 to defect ISP-1479 (service_exists=true)
   [3/3] 📥 Downloading: item-category-status-being-displayed-at-view-but-no-field-to-add-it_LLZr8cK5.mp4 (1.55 MB)
  Attempt 1/3: Downloading from https://craftsilicon.atlassian.net/rest/api/3/attachment/content/121905...
  Following redirect 1/6 to: https://api.media.atlassian.com/file/6929f6be-dd28-4fdc-9ac2-bba9f852374c/binary?token=eyJhbGciOiJIUzI1NiJ9.eyJpc3MiOiJiN...
  Attempt 1/3: Downloading from https://api.media.atlassian.com/file/6929f6be-dd28-4fdc-9ac2-bba9f852374c/binary?token=eyJhbGciOiJIUzI1NiJ9.eyJpc3MiOiJiN...
  ✅ Downloaded 1626673 bytes successfully
   ✅ Successfully attached: item-category-status-being-displayed-at-view-but-no-field-to-add-it_LLZr8cK5.mp4 (verified in storage)
  Attached item-category-status-being-displayed-at-view-but-no-field-to-add-it_LLZr8cK5.mp4 to defect ISP-1479 (service_exists=true)

📊 Attachment Summary for ISP-1479:
   ✅ Uploaded: 3
   ⏭️  Skipped: 0
   ❌ Failed: 0

[LABEL] Processing 1 label(s) for ISP-1479
[LABEL-MATCH] Found existing label 'QA' (stored as 'qa') -> f66526ba-6a94-47b5-8239-f9fae5aa2248
[LABEL-ATTACH] Successfully attached label 'qa' (ID: f66526ba-6a94-47b5-8239-f9fae5aa2248) to ISP-1479
[LABEL] Completed processing labels for ISP-1479. Total attached: 1
[COMMENTS] Importing 3 comment(s) for ISP-1479...
[USER-MATCH] Matched 'Mureithi Maina' by parsed first+last: Mureithi Maina -> 48b6b96d-6b97-44ef-b692-40a2ad9d967e
[RICH-TEXT] Comment 1 contains: color
[IMPORT] Added rich text comment by Mureithi Maina to ISP-1479 (id=015bcd4f-e3c7-46df-aed2-0ff10b84304c, length=65)
[USER-MATCH] Matched 'Mureithi Maina' by parsed first+last: Mureithi Maina -> 48b6b96d-6b97-44ef-b692-40a2ad9d967e
[IMPORT] Added rich text comment by Mureithi Maina to ISP-1479 (id=2ebcf6b0-200c-4a0e-9cf3-e3db4f600695, length=46)
[USER-MATCH] Matched 'gideon' by single name: gideon gideon -> a2f6fdcb-6a66-4ace-992b-0f3cd5e9cc53
[IMPORT] Added rich text comment by gideon to ISP-1479 (id=3732e4e2-1ba2-4922-adc1-cde00fa0e258, length=214)
[DESCRIPTION-VALIDATE] ISP-1479: new_len=663, existing_len=754
[DESCRIPTION-UPDATE] ISP-1479: Updated description (663 chars)
  Previous: <div class="trix-content">
  <p><strong>Repro Steps</strong></p>
<p>Navigate to Inventory – Settings ...
  Updated: <p><strong>Repro Steps</strong></p>
<p>Navigate to Inventory – Settings – Item Master Settings – Item...
Processing issue 328/439: ISP-1478
[DEBUG-LABELS] Total labels found for ISP-1478: 1
[USER-FALLBACK] Using default user for 'Stephen Mungai' -> b3613172-fc54-4742-b2ba-c10b97d15bf4
[USER-FALLBACK] Using default user for 'Stephen Mungai' -> b3613172-fc54-4742-b2ba-c10b97d15bf4
[STATUS-MATCH] Matched status 'Closed' by name: Closed -> 8c60b5b6-b9e9-405d-8d7d-d672cb9b23f1
[BANKING-MATCH] Found existing banking type 'ERP' -> d9a45733-9624-42c2-afcc-888ce998dbbe
📥 DOWNLOADING ISSUE-LEVEL ATTACHMENTS FOR ISP-1478
   Total files: 4 (10.84 MB)

   [1/4] 📥 Downloading: marketing-plan-branch-manager-craft.mp4 (4.5 MB)
  Attempt 1/3: Downloading from https://craftsilicon.atlassian.net/rest/api/3/attachment/content/121896...
  Following redirect 1/6 to: https://api.media.atlassian.com/file/0a070e03-b611-46ae-987f-86530c1d96aa/binary?token=eyJhbGciOiJIUzI1NiJ9.eyJpc3MiOiJiN...
  Attempt 1/3: Downloading from https://api.media.atlassian.com/file/0a070e03-b611-46ae-987f-86530c1d96aa/binary?token=eyJhbGciOiJIUzI1NiJ9.eyJpc3MiOiJiN...
  ✅ Downloaded 4720666 bytes successfully
   ✅ Successfully attached: marketing-plan-branch-manager-craft.mp4 (verified in storage)
  Attached marketing-plan-branch-manager-craft.mp4 to defect ISP-1478 (service_exists=true)
   [2/4] 📥 Downloading: Retest ISP-1478 Pass (Branch manager Moshi Submitting Dododma Marketing Plan).mp4 (2.49 MB)
  Attempt 1/3: Downloading from https://craftsilicon.atlassian.net/rest/api/3/attachment/content/128501...
  Following redirect 1/6 to: https://api.media.atlassian.com/file/c4422348-5174-4474-b1bc-3f3f82156ba9/binary?token=eyJhbGciOiJIUzI1NiJ9.eyJpc3MiOiJiN...
  Attempt 1/3: Downloading from https://api.media.atlassian.com/file/c4422348-5174-4474-b1bc-3f3f82156ba9/binary?token=eyJhbGciOiJIUzI1NiJ9.eyJpc3MiOiJiN...
  ✅ Downloaded 2610440 bytes successfully
   ✅ Successfully attached: Retest ISP-1478 Pass (Branch manager Moshi Submitting Dododma Marketing Plan).mp4 (verified in storage)
  Attached Retest ISP-1478 Pass (Branch manager Moshi Submitting Dododma Marketing Plan).mp4 to defect ISP-1478 (service_exists=true)
   [3/4] 📥 Downloading: Retest ISP-1478 Pass (Dodoma Branch Manager).mp4 (2.04 MB)
  Attempt 1/3: Downloading from https://craftsilicon.atlassian.net/rest/api/3/attachment/content/128500...
  Following redirect 1/6 to: https://api.media.atlassian.com/file/440b6936-596e-41d4-8eec-478d15b02ce9/binary?token=eyJhbGciOiJIUzI1NiJ9.eyJpc3MiOiJiN...
  Attempt 1/3: Downloading from https://api.media.atlassian.com/file/440b6936-596e-41d4-8eec-478d15b02ce9/binary?token=eyJhbGciOiJIUzI1NiJ9.eyJpc3MiOiJiN...
  ✅ Downloaded 2143426 bytes successfully
   ✅ Successfully attached: Retest ISP-1478 Pass (Dodoma Branch Manager).mp4 (verified in storage)
  Attached Retest ISP-1478 Pass (Dodoma Branch Manager).mp4 to defect ISP-1478 (service_exists=true)
   [4/4] 📥 Downloading: Retest ISP-1478 Pass (Moshi Branch Branch Manager).mp4 (1.8 MB)
  Attempt 1/3: Downloading from https://craftsilicon.atlassian.net/rest/api/3/attachment/content/128499...
  Following redirect 1/6 to: https://api.media.atlassian.com/file/4dbe887e-e0a6-455f-8de2-89c7d8dc8cd9/binary?token=eyJhbGciOiJIUzI1NiJ9.eyJpc3MiOiJiN...
  Attempt 1/3: Downloading from https://api.media.atlassian.com/file/4dbe887e-e0a6-455f-8de2-89c7d8dc8cd9/binary?token=eyJhbGciOiJIUzI1NiJ9.eyJpc3MiOiJiN...
  ✅ Downloaded 1892418 bytes successfully
   ✅ Successfully attached: Retest ISP-1478 Pass (Moshi Branch Branch Manager).mp4 (verified in storage)
  Attached Retest ISP-1478 Pass (Moshi Branch Branch Manager).mp4 to defect ISP-1478 (service_exists=true)

📊 Attachment Summary for ISP-1478:
   ✅ Uploaded: 4
   ⏭️  Skipped: 0
   ❌ Failed: 0

[LABEL] Processing 1 label(s) for ISP-1478
[LABEL-MATCH] Found existing label 'QA' (stored as 'qa') -> f66526ba-6a94-47b5-8239-f9fae5aa2248
[LABEL-ATTACH] Successfully attached label 'qa' (ID: f66526ba-6a94-47b5-8239-f9fae5aa2248) to ISP-1478
[LABEL] Completed processing labels for ISP-1478. Total attached: 1
[COMMENTS] Importing 3 comment(s) for ISP-1478...
[USER-MATCH] Matched 'Mureithi Maina' by parsed first+last: Mureithi Maina -> 48b6b96d-6b97-44ef-b692-40a2ad9d967e
[RICH-TEXT] Comment 1 contains: color
[IMPORT] Added rich text comment by Mureithi Maina to ISP-1478 (id=ee0c4567-eb92-4308-ad85-c069b0722677, length=65)
[USER-MATCH] Matched 'Mureithi Maina' by parsed first+last: Mureithi Maina -> 48b6b96d-6b97-44ef-b692-40a2ad9d967e
[SKIP] Empty comment at index 1 for ISP-1478
[USER-FALLBACK] Using default user for 'Stephen Mungai' -> b3613172-fc54-4742-b2ba-c10b97d15bf4
[IMPORT] Added rich text comment by Stephen Mungai to ISP-1478 (id=d79dac8f-0007-4153-bafb-548475609b4d, length=65)
[DESCRIPTION-VALIDATE] ISP-1478: new_len=271, existing_len=307
[DESCRIPTION-UPDATE] ISP-1478: Updated description (271 chars)
  Previous: <div class="trix-content">
  <p><strong>Pre-Condition User must be logged in as a branch manager and ...
  Updated: <p><strong>Pre-Condition User must be logged in as a branch manager and marketing manager role access...
Processing issue 329/439: ISP-1477
[DEBUG-LABELS] Total labels found for ISP-1477: 1
[USER-MATCH] Matched 'Dominic Mungai' by parsed first+last: Dominic Mungai -> ff2ed53b-182f-452b-8890-24faeed8a955
[USER-MATCH] Matched 'Robert Mbugua Kanyoro' by email: robert.mbugua@craftsilicon.com -> fb1e0a05-f047-4e22-a52b-b9b1fe4b4358
[STATUS-MATCH] Matched status 'In Progress' by name: In Progress -> c805a0e9-73fc-4726-a1ab-d28b9a36469e
[BANKING-MATCH] Found existing banking type 'ERP' -> d9a45733-9624-42c2-afcc-888ce998dbbe
📥 DOWNLOADING ISSUE-LEVEL ATTACHMENTS FOR ISP-1477
   Total files: 2 (2.89 MB)

   [1/2] 📥 Downloading: Machine 1.mp4 (0.87 MB)
  Attempt 1/3: Downloading from https://craftsilicon.atlassian.net/rest/api/3/attachment/content/121892...
  Following redirect 1/6 to: https://api.media.atlassian.com/file/45e5d3c1-75c9-489f-ad6d-6e8a013a9fe1/binary?token=eyJhbGciOiJIUzI1NiJ9.eyJpc3MiOiJiN...
  Attempt 1/3: Downloading from https://api.media.atlassian.com/file/45e5d3c1-75c9-489f-ad6d-6e8a013a9fe1/binary?token=eyJhbGciOiJIUzI1NiJ9.eyJpc3MiOiJiN...
  ✅ Downloaded 911638 bytes successfully
   ✅ Successfully attached: Machine 1.mp4 (verified in storage)
  Attached Machine 1.mp4 to defect ISP-1477 (service_exists=true)
   [2/2] 📥 Downloading: Machine 2.mp4 (2.02 MB)
  Attempt 1/3: Downloading from https://craftsilicon.atlassian.net/rest/api/3/attachment/content/121893...
  Following redirect 1/6 to: https://api.media.atlassian.com/file/3a16e350-3e13-43de-8d1a-8423dcee76c5/binary?token=eyJhbGciOiJIUzI1NiJ9.eyJpc3MiOiJiN...
  Attempt 1/3: Downloading from https://api.media.atlassian.com/file/3a16e350-3e13-43de-8d1a-8423dcee76c5/binary?token=eyJhbGciOiJIUzI1NiJ9.eyJpc3MiOiJiN...
  ✅ Downloaded 2117171 bytes successfully
   ✅ Successfully attached: Machine 2.mp4 (verified in storage)
  Attached Machine 2.mp4 to defect ISP-1477 (service_exists=true)

📊 Attachment Summary for ISP-1477:
   ✅ Uploaded: 2
   ⏭️  Skipped: 0
   ❌ Failed: 0

[LABEL] Processing 1 label(s) for ISP-1477
[LABEL-MATCH] Found existing label 'QA' (stored as 'qa') -> f66526ba-6a94-47b5-8239-f9fae5aa2248
[LABEL-ATTACH] Successfully attached label 'qa' (ID: f66526ba-6a94-47b5-8239-f9fae5aa2248) to ISP-1477
[LABEL] Completed processing labels for ISP-1477. Total attached: 1
[DESCRIPTION-VALIDATE] ISP-1477: new_len=243, existing_len=279
[DESCRIPTION-UPDATE] ISP-1477: Updated description (243 chars)
  Previous: <div class="trix-content">
  <p><strong>Repro steps</strong></p>
<p><strong>Actual results</strong></...
  Updated: <p><strong>Repro steps</strong></p>
<p><strong>Actual results</strong></p>
<p>The logged in user is n...
Processing issue 330/439: ISP-1476
[DEBUG-LABELS] Total labels found for ISP-1476: 1
[USER-MATCH] Matched 'gideon' by single name: gideon gideon -> a2f6fdcb-6a66-4ace-992b-0f3cd5e9cc53
[USER-MATCH] Matched 'gideon' by single name: gideon gideon -> a2f6fdcb-6a66-4ace-992b-0f3cd5e9cc53
[STATUS-MATCH] Matched status 'Closed' by name: Closed -> 8c60b5b6-b9e9-405d-8d7d-d672cb9b23f1
[BANKING-MATCH] Found existing banking type 'ERP' -> d9a45733-9624-42c2-afcc-888ce998dbbe
📥 DOWNLOADING ISSUE-LEVEL ATTACHMENTS FOR ISP-1476
   Total files: 2 (3.57 MB)

   [1/2] 📥 Downloading: Issue No. 1476 is a Pass Item Master List Screen has displayed only one (1) Search Field.mp4 (2.71 MB)
  Attempt 1/3: Downloading from https://craftsilicon.atlassian.net/rest/api/3/attachment/content/128538...
  Following redirect 1/6 to: https://api.media.atlassian.com/file/1d059e42-392d-4396-8d7f-edfc91c3f081/binary?token=eyJhbGciOiJIUzI1NiJ9.eyJpc3MiOiJiN...
  Attempt 1/3: Downloading from https://api.media.atlassian.com/file/1d059e42-392d-4396-8d7f-edfc91c3f081/binary?token=eyJhbGciOiJIUzI1NiJ9.eyJpc3MiOiJiN...
  ✅ Downloaded 2838320 bytes successfully
   ✅ Successfully attached: Issue No. 1476 is a Pass Item Master List Screen has displayed only one (1) Search Field.mp4 (verified in storage)
  Attached Issue No. 1476 is a Pass Item Master List Screen has displayed only one (1) Search Field.mp4 to defect ISP-1476 (service_exists=true)
   [2/2] 📥 Downloading: item-master-list-first-search-button-should-be-active-or-be-removed_Qg7vxTTg.mp4 (0.87 MB)
  Attempt 1/3: Downloading from https://craftsilicon.atlassian.net/rest/api/3/attachment/content/121888...
  Following redirect 1/6 to: https://api.media.atlassian.com/file/fad77452-e061-42d2-8ec6-fe08165e1cf2/binary?token=eyJhbGciOiJIUzI1NiJ9.eyJpc3MiOiJiN...
  Attempt 1/3: Downloading from https://api.media.atlassian.com/file/fad77452-e061-42d2-8ec6-fe08165e1cf2/binary?token=eyJhbGciOiJIUzI1NiJ9.eyJpc3MiOiJiN...
  ✅ Downloaded 908468 bytes successfully
   ✅ Successfully attached: item-master-list-first-search-button-should-be-active-or-be-removed_Qg7vxTTg.mp4 (verified in storage)
  Attached item-master-list-first-search-button-should-be-active-or-be-removed_Qg7vxTTg.mp4 to defect ISP-1476 (service_exists=true)

📊 Attachment Summary for ISP-1476:
   ✅ Uploaded: 2
   ⏭️  Skipped: 0
   ❌ Failed: 0

[LABEL] Processing 1 label(s) for ISP-1476
[LABEL-MATCH] Found existing label 'QA' (stored as 'qa') -> f66526ba-6a94-47b5-8239-f9fae5aa2248
[LABEL-ATTACH] Successfully attached label 'qa' (ID: f66526ba-6a94-47b5-8239-f9fae5aa2248) to ISP-1476
[LABEL] Completed processing labels for ISP-1476. Total attached: 1
[COMMENTS] Importing 3 comment(s) for ISP-1476...
[USER-MATCH] Matched 'Mureithi Maina' by parsed first+last: Mureithi Maina -> 48b6b96d-6b97-44ef-b692-40a2ad9d967e
[RICH-TEXT] Comment 1 contains: color
[IMPORT] Added rich text comment by Mureithi Maina to ISP-1476 (id=5928f016-4f62-45ef-83a8-41737eb80834, length=65)
[USER-MATCH] Matched 'Mureithi Maina' by parsed first+last: Mureithi Maina -> 48b6b96d-6b97-44ef-b692-40a2ad9d967e
[IMPORT] Added rich text comment by Mureithi Maina to ISP-1476 (id=cd5045d7-71f4-4515-a45d-3bde5e7619ab, length=91)
[USER-MATCH] Matched 'gideon' by single name: gideon gideon -> a2f6fdcb-6a66-4ace-992b-0f3cd5e9cc53
[IMPORT] Added rich text comment by gideon to ISP-1476 (id=5e373a5b-e266-44bb-92af-2d0b990fa9c7, length=145)
[DESCRIPTION-VALIDATE] ISP-1476: new_len=390, existing_len=431
[DESCRIPTION-UPDATE] ISP-1476: Updated description (390 chars)
  Previous: <div class="trix-content">
  <p><strong>Repro Steps</strong></p>
<p>Navigate to Inventory – Item Mast...
  Updated: <p><strong>Repro Steps</strong></p>
<p>Navigate to Inventory – Item Master – Item master list and tak...
Processing issue 331/439: ISP-1475
[DEBUG-LABELS] Total labels found for ISP-1475: 1
[USER-MATCH] Matched 'archana.verma' by parsed first+last: archana verma -> 7b5370b5-abcd-4ad2-908b-1791ca40d9c9
[USER-MATCH] Matched 'Robert Mbugua Kanyoro' by email: robert.mbugua@craftsilicon.com -> fb1e0a05-f047-4e22-a52b-b9b1fe4b4358
[STATUS-MATCH] Matched status 'BLOCKED' by name: Blocked -> 12440763-4efb-4592-9693-80aea558f7e0
[BANKING-MATCH] Found existing banking type 'ERP' -> d9a45733-9624-42c2-afcc-888ce998dbbe
📥 DOWNLOADING ISSUE-LEVEL ATTACHMENTS FOR ISP-1475
   Total files: 4 (8.57 MB)

   [1/4] 📥 Downloading: Ballpoints need saved in list.png (0.13 MB)
  Attempt 1/3: Downloading from https://craftsilicon.atlassian.net/rest/api/3/attachment/content/128392...
  Following redirect 1/6 to: https://api.media.atlassian.com/file/efcd43cb-08fe-49ec-be95-92cf004e64b6/binary?token=eyJhbGciOiJIUzI1NiJ9.eyJpc3MiOiJiN...
  Attempt 1/3: Downloading from https://api.media.atlassian.com/file/efcd43cb-08fe-49ec-be95-92cf004e64b6/binary?token=eyJhbGciOiJIUzI1NiJ9.eyJpc3MiOiJiN...
  ✅ Downloaded 131925 bytes successfully
   ✅ Successfully attached: Ballpoints need saved in list.png (verified in storage)
  Attached Ballpoints need saved in list.png to defect ISP-1475 (service_exists=true)
   [2/4] 📥 Downloading: Ballpoints not present under list of items selectable for needs.png (0.19 MB)
  Attempt 1/3: Downloading from https://craftsilicon.atlassian.net/rest/api/3/attachment/content/128394...
  Following redirect 1/6 to: https://api.media.atlassian.com/file/9b642264-67f5-47dc-8aa1-7637f734785c/binary?token=eyJhbGciOiJIUzI1NiJ9.eyJpc3MiOiJiN...
  Attempt 1/3: Downloading from https://api.media.atlassian.com/file/9b642264-67f5-47dc-8aa1-7637f734785c/binary?token=eyJhbGciOiJIUzI1NiJ9.eyJpc3MiOiJiN...
  ✅ Downloaded 202358 bytes successfully
   ✅ Successfully attached: Ballpoints not present under list of items selectable for needs.png (verified in storage)
  Attached Ballpoints not present under list of items selectable for needs.png to defect ISP-1475 (service_exists=true)
   [3/4] 📥 Downloading: ISP-1475.webm (8.05 MB)
  Attempt 1/3: Downloading from https://craftsilicon.atlassian.net/rest/api/3/attachment/content/121886...
  Following redirect 1/6 to: https://api.media.atlassian.com/file/ba9d5ff8-7f68-4ed6-b763-6b3280d13625/binary?token=eyJhbGciOiJIUzI1NiJ9.eyJpc3MiOiJiN...
  Attempt 1/3: Downloading from https://api.media.atlassian.com/file/ba9d5ff8-7f68-4ed6-b763-6b3280d13625/binary?token=eyJhbGciOiJIUzI1NiJ9.eyJpc3MiOiJiN...
  ✅ Downloaded 8440055 bytes successfully
   ✅ Successfully attached: ISP-1475.webm (verified in storage)
  Attached ISP-1475.webm to defect ISP-1475 (service_exists=true)
   [4/4] 📥 Downloading: Selecting item need - ballpoint pens.png (0.2 MB)
  Attempt 1/3: Downloading from https://craftsilicon.atlassian.net/rest/api/3/attachment/content/128393...
  Following redirect 1/6 to: https://api.media.atlassian.com/file/dba2e3eb-2071-412b-8efd-3dded5d24f8b/binary?token=eyJhbGciOiJIUzI1NiJ9.eyJpc3MiOiJiN...
  Attempt 1/3: Downloading from https://api.media.atlassian.com/file/dba2e3eb-2071-412b-8efd-3dded5d24f8b/binary?token=eyJhbGciOiJIUzI1NiJ9.eyJpc3MiOiJiN...
  ✅ Downloaded 213067 bytes successfully
   ✅ Successfully attached: Selecting item need - ballpoint pens.png (verified in storage)
  Attached Selecting item need - ballpoint pens.png to defect ISP-1475 (service_exists=true)

📊 Attachment Summary for ISP-1475:
   ✅ Uploaded: 4
   ⏭️  Skipped: 0
   ❌ Failed: 0

[LABEL] Processing 1 label(s) for ISP-1475
[LABEL-MATCH] Found existing label 'QA' (stored as 'qa') -> f66526ba-6a94-47b5-8239-f9fae5aa2248
[LABEL-ATTACH] Successfully attached label 'qa' (ID: f66526ba-6a94-47b5-8239-f9fae5aa2248) to ISP-1475
[LABEL] Completed processing labels for ISP-1475. Total attached: 1
[COMMENTS] Importing 2 comment(s) for ISP-1475...
[USER-MATCH] Matched 'Robert Mbugua Kanyoro' by email: robert.mbugua@craftsilicon.com -> fb1e0a05-f047-4e22-a52b-b9b1fe4b4358
[IMPORT] Added rich text comment by Robert Mbugua Kanyoro to ISP-1475 (id=8d9390ac-d177-4bc0-926f-152cbbd42124, length=423)
[USER-MATCH] Matched 'archana.verma' by parsed first+last: archana verma -> 7b5370b5-abcd-4ad2-908b-1791ca40d9c9
[IMPORT] Added rich text comment by archana.verma to ISP-1475 (id=6fd5edc2-7337-4c6a-b245-f868267b4758, length=201)
[DESCRIPTION-VALIDATE] ISP-1475: new_len=382, existing_len=418
[DESCRIPTION-UPDATE] ISP-1475: Updated description (382 chars)
  Previous: <div class="trix-content">
  <p>System is allowing to Raise Needs for the same Item multiple times. W...
  Updated: <p>System is allowing to Raise Needs for the same Item multiple times. When those needs have been App...
Processing issue 332/439: ISP-1474
[DEBUG-LABELS] Total labels found for ISP-1474: 1
[USER-MATCH] Matched 'Wilberforce Wakhungu' by parsed first+last: wilberforce Wakhungu -> 03c960cf-9cd1-41dc-8a6b-669843030d52
[USER-MATCH] Matched 'Wilberforce Wakhungu' by parsed first+last: wilberforce Wakhungu -> 03c960cf-9cd1-41dc-8a6b-669843030d52
[STATUS-MATCH] Matched status 'Closed' by name: Closed -> 8c60b5b6-b9e9-405d-8d7d-d672cb9b23f1
[BANKING-MATCH] Found existing banking type 'ERP' -> d9a45733-9624-42c2-afcc-888ce998dbbe
📥 DOWNLOADING ISSUE-LEVEL ATTACHMENTS FOR ISP-1474
   Total files: 2 (1.42 MB)

   [1/2] 📥 Downloading: Leads(spelling error).mp4 (0.91 MB)
  Attempt 1/3: Downloading from https://craftsilicon.atlassian.net/rest/api/3/attachment/content/122701...
  Following redirect 1/6 to: https://api.media.atlassian.com/file/45670fb4-966a-4009-942c-6ff3873538bd/binary?token=eyJhbGciOiJIUzI1NiJ9.eyJpc3MiOiJiN...
  Attempt 1/3: Downloading from https://api.media.atlassian.com/file/45670fb4-966a-4009-942c-6ff3873538bd/binary?token=eyJhbGciOiJIUzI1NiJ9.eyJpc3MiOiJiN...
  ✅ Downloaded 957232 bytes successfully
   ✅ Successfully attached: Leads(spelling error).mp4 (verified in storage)
  Attached Leads(spelling error).mp4 to defect ISP-1474 (service_exists=true)
   [2/2] 📥 Downloading: Products and Discussions wrongly spelled..mp4 (0.51 MB)
  Attempt 1/3: Downloading from https://craftsilicon.atlassian.net/rest/api/3/attachment/content/121885...
  Following redirect 1/6 to: https://api.media.atlassian.com/file/05da2ea7-b8fe-4b7b-924c-42eaf86b468c/binary?token=eyJhbGciOiJIUzI1NiJ9.eyJpc3MiOiJiN...
  Attempt 1/3: Downloading from https://api.media.atlassian.com/file/05da2ea7-b8fe-4b7b-924c-42eaf86b468c/binary?token=eyJhbGciOiJIUzI1NiJ9.eyJpc3MiOiJiN...
  ✅ Downloaded 530164 bytes successfully
   ✅ Successfully attached: Products and Discussions wrongly spelled..mp4 (verified in storage)
  Attached Products and Discussions wrongly spelled..mp4 to defect ISP-1474 (service_exists=true)

📊 Attachment Summary for ISP-1474:
   ✅ Uploaded: 2
   ⏭️  Skipped: 0
   ❌ Failed: 0

[LABEL] Processing 1 label(s) for ISP-1474
[LABEL-MATCH] Found existing label 'QA' (stored as 'qa') -> f66526ba-6a94-47b5-8239-f9fae5aa2248
[LABEL-ATTACH] Successfully attached label 'qa' (ID: f66526ba-6a94-47b5-8239-f9fae5aa2248) to ISP-1474
[LABEL] Completed processing labels for ISP-1474. Total attached: 1
[COMMENTS] Importing 4 comment(s) for ISP-1474...
[USER-MATCH] Matched 'Mureithi Maina' by parsed first+last: Mureithi Maina -> 48b6b96d-6b97-44ef-b692-40a2ad9d967e
[RICH-TEXT] Comment 1 contains: color
[IMPORT] Added rich text comment by Mureithi Maina to ISP-1474 (id=f35bfb55-c982-4580-b780-ae3f10355221, length=65)
[USER-MATCH] Matched 'Daniel Mbugua' by parsed first+last: Daniel Mbugua -> 6715b9f3-0d67-4dc0-b8c7-dd0cc9e3740a
[IMPORT] Added rich text comment by Daniel Mbugua to ISP-1474 (id=47380b8c-e229-48ac-b165-243f7deeb46c, length=45)
[USER-MATCH] Matched 'Daniel Mbugua' by parsed first+last: Daniel Mbugua -> 6715b9f3-0d67-4dc0-b8c7-dd0cc9e3740a
[IMPORT] Added rich text comment by Daniel Mbugua to ISP-1474 (id=75b00780-a2f3-4205-8899-d454a87d44d6, length=50)
[USER-MATCH] Matched 'Wilberforce Wakhungu' by parsed first+last: wilberforce Wakhungu -> 03c960cf-9cd1-41dc-8a6b-669843030d52
[IMPORT] Added rich text comment by Wilberforce Wakhungu to ISP-1474 (id=90fa7a7b-5197-41c1-9edf-bdbab4b52985, length=135)
[DESCRIPTION-VALIDATE] ISP-1474: new_len=76, existing_len=112
[DESCRIPTION-UPDATE] ISP-1474: Updated description (76 chars)
  Previous: <div class="trix-content">
  <p><strong>Repro steps</strong></p>
<p><strong>Expected results</strong>...
Processing issue 333/439: ISP-1473
[DEBUG-LABELS] Total labels found for ISP-1473: 1
[USER-MATCH] Matched 'Dominic Mungai' by parsed first+last: Dominic Mungai -> ff2ed53b-182f-452b-8890-24faeed8a955
[USER-MATCH] Matched 'Robert Mbugua Kanyoro' by email: robert.mbugua@craftsilicon.com -> fb1e0a05-f047-4e22-a52b-b9b1fe4b4358
[STATUS-MATCH] Matched status 'In Progress' by name: In Progress -> c805a0e9-73fc-4726-a1ab-d28b9a36469e
[BANKING-MATCH] Found existing banking type 'ERP' -> d9a45733-9624-42c2-afcc-888ce998dbbe
📥 DOWNLOADING ISSUE-LEVEL ATTACHMENTS FOR ISP-1473
   Total files: 1 (2.07 MB)

   [1/1] 📥 Downloading: Cannot update user details.mp4 (2.07 MB)
  Attempt 1/3: Downloading from https://craftsilicon.atlassian.net/rest/api/3/attachment/content/121883...
  Following redirect 1/6 to: https://api.media.atlassian.com/file/0ec20a4a-35b3-47fb-883d-df9a1a501be6/binary?token=eyJhbGciOiJIUzI1NiJ9.eyJpc3MiOiJiN...
  Attempt 1/3: Downloading from https://api.media.atlassian.com/file/0ec20a4a-35b3-47fb-883d-df9a1a501be6/binary?token=eyJhbGciOiJIUzI1NiJ9.eyJpc3MiOiJiN...
  ✅ Downloaded 2166942 bytes successfully
   ✅ Successfully attached: Cannot update user details.mp4 (verified in storage)
  Attached Cannot update user details.mp4 to defect ISP-1473 (service_exists=true)

📊 Attachment Summary for ISP-1473:
   ✅ Uploaded: 1
   ⏭️  Skipped: 0
   ❌ Failed: 0

[LABEL] Processing 1 label(s) for ISP-1473
[LABEL-MATCH] Found existing label 'QA' (stored as 'qa') -> f66526ba-6a94-47b5-8239-f9fae5aa2248
[LABEL-ATTACH] Successfully attached label 'qa' (ID: f66526ba-6a94-47b5-8239-f9fae5aa2248) to ISP-1473
[LABEL] Completed processing labels for ISP-1473. Total attached: 1
[COMMENTS] Importing 2 comment(s) for ISP-1473...
[USER-MATCH] Matched 'Mureithi Maina' by parsed first+last: Mureithi Maina -> 48b6b96d-6b97-44ef-b692-40a2ad9d967e
[RICH-TEXT] Comment 1 contains: color
[IMPORT] Added rich text comment by Mureithi Maina to ISP-1473 (id=2e7efd6d-3e15-4cf7-b0d1-170b7bb7de91, length=65)
[USER-MATCH] Matched 'Daniel Mbugua' by parsed first+last: Daniel Mbugua -> 6715b9f3-0d67-4dc0-b8c7-dd0cc9e3740a
[IMPORT] Added rich text comment by Daniel Mbugua to ISP-1473 (id=c710a9b2-924a-4153-ac2e-8e221b940727, length=101)
[DESCRIPTION-VALIDATE] ISP-1473: new_len=218, existing_len=254
[DESCRIPTION-UPDATE] ISP-1473: Updated description (218 chars)
  Previous: <div class="trix-content">
  <p><strong>Repro steps</strong></p>
<p><strong>Actual results</strong></...
  Updated: <p><strong>Repro steps</strong></p>
<p><strong>Actual results</strong></p>
<p>User details are not up...
Processing issue 334/439: ISP-1472
[DEBUG-LABELS] Total labels found for ISP-1472: 1
[USER-MATCH] Matched 'Dominic Mungai' by parsed first+last: Dominic Mungai -> ff2ed53b-182f-452b-8890-24faeed8a955
[USER-MATCH] Matched 'Michael Wakhungu' by parsed first+last: Michael Wakhungu -> 597e3fd3-bd8d-4416-b3c9-e513fe79905f
[STATUS-MATCH] Matched status 'Closed' by name: Closed -> 8c60b5b6-b9e9-405d-8d7d-d672cb9b23f1
[BANKING-MATCH] Found existing banking type 'ERP' -> d9a45733-9624-42c2-afcc-888ce998dbbe
📥 DOWNLOADING ISSUE-LEVEL ATTACHMENTS FOR ISP-1472
   Total files: 2 (3.36 MB)

   [1/2] 📥 Downloading: Cancel unresponsive.mp4 (2.21 MB)
  Attempt 1/3: Downloading from https://craftsilicon.atlassian.net/rest/api/3/attachment/content/121881...
  Following redirect 1/6 to: https://api.media.atlassian.com/file/6436342e-c623-4690-977d-614acf0bee6f/binary?token=eyJhbGciOiJIUzI1NiJ9.eyJpc3MiOiJiN...
  Attempt 1/3: Downloading from https://api.media.atlassian.com/file/6436342e-c623-4690-977d-614acf0bee6f/binary?token=eyJhbGciOiJIUzI1NiJ9.eyJpc3MiOiJiN...
  ✅ Downloaded 2315127 bytes successfully
   ✅ Successfully attached: Cancel unresponsive.mp4 (verified in storage)
  Attached Cancel unresponsive.mp4 to defect ISP-1472 (service_exists=true)
   [2/2] 📥 Downloading: ISP-1472_Restest.mov (1.15 MB)
  Attempt 1/3: Downloading from https://craftsilicon.atlassian.net/rest/api/3/attachment/content/122693...
  Following redirect 1/6 to: https://api.media.atlassian.com/file/3a42e1b7-c1b6-489b-b17f-b7fa72ba08e2/binary?token=eyJhbGciOiJIUzI1NiJ9.eyJpc3MiOiJiN...
  Attempt 1/3: Downloading from https://api.media.atlassian.com/file/3a42e1b7-c1b6-489b-b17f-b7fa72ba08e2/binary?token=eyJhbGciOiJIUzI1NiJ9.eyJpc3MiOiJiN...
  ✅ Downloaded 1204082 bytes successfully
   ✅ Successfully attached: ISP-1472_Restest.mov (verified in storage)
  Attached ISP-1472_Restest.mov to defect ISP-1472 (service_exists=true)

📊 Attachment Summary for ISP-1472:
   ✅ Uploaded: 2
   ⏭️  Skipped: 0
   ❌ Failed: 0

[LABEL] Processing 1 label(s) for ISP-1472
[LABEL-MATCH] Found existing label 'QA' (stored as 'qa') -> f66526ba-6a94-47b5-8239-f9fae5aa2248
[LABEL-ATTACH] Successfully attached label 'qa' (ID: f66526ba-6a94-47b5-8239-f9fae5aa2248) to ISP-1472
[LABEL] Completed processing labels for ISP-1472. Total attached: 1
[COMMENTS] Importing 3 comment(s) for ISP-1472...
[USER-MATCH] Matched 'Mureithi Maina' by parsed first+last: Mureithi Maina -> 48b6b96d-6b97-44ef-b692-40a2ad9d967e
[RICH-TEXT] Comment 1 contains: color
[IMPORT] Added rich text comment by Mureithi Maina to ISP-1472 (id=3b3b7185-e25b-49f6-ab32-5b70b9d8c6cd, length=65)
[USER-MATCH] Matched 'Daniel Mbugua' by parsed first+last: Daniel Mbugua -> 6715b9f3-0d67-4dc0-b8c7-dd0cc9e3740a
[IMPORT] Added rich text comment by Daniel Mbugua to ISP-1472 (id=8e967de3-f666-4581-bf42-f3cec5d22e02, length=67)
[USER-MATCH] Matched 'Michael Wakhungu' by parsed first+last: Michael Wakhungu -> 597e3fd3-bd8d-4416-b3c9-e513fe79905f
[IMPORT] Added rich text comment by Michael Wakhungu to ISP-1472 (id=5c3010fb-773d-46e4-b041-9357d89b1011, length=439)
[DESCRIPTION-VALIDATE] ISP-1472: new_len=295, existing_len=331
[DESCRIPTION-UPDATE] ISP-1472: Updated description (295 chars)
  Previous: <div class="trix-content">
  <p><strong>Repro steps</strong></p>
<p><strong>Actual results</strong></...
  Updated: <p><strong>Repro steps</strong></p>
<p><strong>Actual results</strong></p>
<p>The window is not close...
Processing issue 335/439: ISP-1471
[DEBUG-LABELS] Total labels found for ISP-1471: 1
[USER-MATCH] Matched 'Dominic Mungai' by parsed first+last: Dominic Mungai -> ff2ed53b-182f-452b-8890-24faeed8a955
[USER-MATCH] Matched 'Mureithi Maina' by parsed first+last: Mureithi Maina -> 48b6b96d-6b97-44ef-b692-40a2ad9d967e
[STATUS-MATCH] Matched status 'To Do' by name: TO DO -> 26ce9725-f948-4e26-8bfd-5e353e685e59
[BANKING-MATCH] Found existing banking type 'ERP' -> d9a45733-9624-42c2-afcc-888ce998dbbe
📥 DOWNLOADING ISSUE-LEVEL ATTACHMENTS FOR ISP-1471
   Total files: 1 (4.2 MB)

   [1/1] 📥 Downloading: System allows creator of survey to approve survey.mp4 (4.2 MB)
  Attempt 1/3: Downloading from https://craftsilicon.atlassian.net/rest/api/3/attachment/content/121879...
  Following redirect 1/6 to: https://api.media.atlassian.com/file/80a509c5-3afa-4d54-85aa-ef72029a55ec/binary?token=eyJhbGciOiJIUzI1NiJ9.eyJpc3MiOiJiN...
  Attempt 1/3: Downloading from https://api.media.atlassian.com/file/80a509c5-3afa-4d54-85aa-ef72029a55ec/binary?token=eyJhbGciOiJIUzI1NiJ9.eyJpc3MiOiJiN...
  ✅ Downloaded 4401693 bytes successfully
   ✅ Successfully attached: System allows creator of survey to approve survey.mp4 (verified in storage)
  Attached System allows creator of survey to approve survey.mp4 to defect ISP-1471 (service_exists=true)

📊 Attachment Summary for ISP-1471:
   ✅ Uploaded: 1
   ⏭️  Skipped: 0
   ❌ Failed: 0

[LABEL] Processing 1 label(s) for ISP-1471
[LABEL-MATCH] Found existing label 'QA' (stored as 'qa') -> f66526ba-6a94-47b5-8239-f9fae5aa2248
[LABEL-ATTACH] Successfully attached label 'qa' (ID: f66526ba-6a94-47b5-8239-f9fae5aa2248) to ISP-1471
[LABEL] Completed processing labels for ISP-1471. Total attached: 1
[COMMENTS] Importing 1 comment(s) for ISP-1471...
[USER-MATCH] Matched 'Mureithi Maina' by parsed first+last: Mureithi Maina -> 48b6b96d-6b97-44ef-b692-40a2ad9d967e
[IMPORT] Added rich text comment by Mureithi Maina to ISP-1471 (id=472b138f-5c66-4aa8-a90e-8cc6c0d51456, length=142)
[DESCRIPTION-VALIDATE] ISP-1471: new_len=222, existing_len=258
[DESCRIPTION-UPDATE] ISP-1471: Updated description (222 chars)
  Previous: <div class="trix-content">
  <p><strong>Repro steps</strong></p>
<p><strong>Actual results</strong></...
  Updated: <p><strong>Repro steps</strong></p>
<p><strong>Actual results</strong></p>
<p>System displays the mes...
Processing issue 336/439: ISP-1470
[DEBUG-LABELS] Total labels found for ISP-1470: 1
[USER-MATCH] Matched 'archana.verma' by parsed first+last: archana verma -> 7b5370b5-abcd-4ad2-908b-1791ca40d9c9
[USER-MATCH] Matched 'Robert Mbugua Kanyoro' by email: robert.mbugua@craftsilicon.com -> fb1e0a05-f047-4e22-a52b-b9b1fe4b4358
[STATUS-MATCH] Matched status 'Failed-QA' by normalized name: Failed QA -> 42911275-9770-4690-9c7d-9f71e090f491
[BANKING-MATCH] Found existing banking type 'ERP' -> d9a45733-9624-42c2-afcc-888ce998dbbe
📥 DOWNLOADING ISSUE-LEVEL ATTACHMENTS FOR ISP-1470
   Total files: 3 (47.56 MB)

   [1/3] 📥 Downloading: isp1470_hI60PcXk.mp4 (8.9 MB)
  Attempt 1/3: Downloading from https://craftsilicon.atlassian.net/rest/api/3/attachment/content/121858...
  Following redirect 1/6 to: https://api.media.atlassian.com/file/8d997720-ad4f-4e71-9a9c-057d135519a0/binary?token=eyJhbGciOiJIUzI1NiJ9.eyJpc3MiOiJiN...
  Attempt 1/3: Downloading from https://api.media.atlassian.com/file/8d997720-ad4f-4e71-9a9c-057d135519a0/binary?token=eyJhbGciOiJIUzI1NiJ9.eyJpc3MiOiJiN...
  ✅ Downloaded 9331682 bytes successfully
   ✅ Successfully attached: isp1470_hI60PcXk.mp4 (verified in storage)
  Attached isp1470_hI60PcXk.mp4 to defect ISP-1470 (service_exists=true)
   [2/3] 📥 Downloading: Priority list under Purchase Requisition available.png (0.17 MB)
  Attempt 1/3: Downloading from https://craftsilicon.atlassian.net/rest/api/3/attachment/content/128397...
  Following redirect 1/6 to: https://api.media.atlassian.com/file/7b3e78dc-d7b0-4765-9f1f-4760cd7466c9/binary?token=eyJhbGciOiJIUzI1NiJ9.eyJpc3MiOiJiN...
  Attempt 1/3: Downloading from https://api.media.atlassian.com/file/7b3e78dc-d7b0-4765-9f1f-4760cd7466c9/binary?token=eyJhbGciOiJIUzI1NiJ9.eyJpc3MiOiJiN...
  ✅ Downloaded 183124 bytes successfully
   ✅ Successfully attached: Priority list under Purchase Requisition available.png (verified in storage)
  Attached Priority list under Purchase Requisition available.png to defect ISP-1470 (service_exists=true)
   [3/3] 📥 Downloading: Retest ISP-1470-FAIL-Priority list.mp4 (38.48 MB)
  Attempt 1/5: Downloading from https://craftsilicon.atlassian.net/rest/api/3/attachment/content/128551...
  Following redirect 1/6 to: https://api.media.atlassian.com/file/76630f38-dc76-47c4-8fe6-eb48c94784bd/binary?token=eyJhbGciOiJIUzI1NiJ9.eyJpc3MiOiJiN...
  Attempt 1/5: Downloading from https://api.media.atlassian.com/file/76630f38-dc76-47c4-8fe6-eb48c94784bd/binary?token=eyJhbGciOiJIUzI1NiJ9.eyJpc3MiOiJiN...
  📊 Downloaded 10.0/38.48 MB...
  📊 Downloaded 20.0/38.48 MB...
  📊 Downloaded 30.0/38.48 MB...
  ✅ Downloaded 40350624 bytes successfully
   ✅ Successfully attached: Retest ISP-1470-FAIL-Priority list.mp4 (verified in storage)
  Attached Retest ISP-1470-FAIL-Priority list.mp4 to defect ISP-1470 (service_exists=true)

📊 Attachment Summary for ISP-1470:
   ✅ Uploaded: 3
   ⏭️  Skipped: 0
   ❌ Failed: 0

[LABEL] Processing 1 label(s) for ISP-1470
[LABEL-MATCH] Found existing label 'QA' (stored as 'qa') -> f66526ba-6a94-47b5-8239-f9fae5aa2248
[LABEL-ATTACH] Successfully attached label 'qa' (ID: f66526ba-6a94-47b5-8239-f9fae5aa2248) to ISP-1470
[LABEL] Completed processing labels for ISP-1470. Total attached: 1
[COMMENTS] Importing 2 comment(s) for ISP-1470...
[USER-MATCH] Matched 'Robert Mbugua Kanyoro' by email: robert.mbugua@craftsilicon.com -> fb1e0a05-f047-4e22-a52b-b9b1fe4b4358
[IMPORT] Added rich text comment by Robert Mbugua Kanyoro to ISP-1470 (id=a29fd8a8-71f2-4ed5-bef8-6447954c1247, length=90)
[USER-MATCH] Matched 'archana.verma' by parsed first+last: archana verma -> 7b5370b5-abcd-4ad2-908b-1791ca40d9c9
[IMPORT] Added rich text comment by archana.verma to ISP-1470 (id=0237250e-1395-4d84-9248-d329b1a22816, length=106)
[DESCRIPTION-VALIDATE] ISP-1470: new_len=79, existing_len=115
[DESCRIPTION-UPDATE] ISP-1470: Updated description (79 chars)
  Previous: <div class="trix-content">
  <p><strong>Actual Result-</strong></p>
<p><strong>Expected Result-</stro...
Processing issue 337/439: ISP-1469
[DEBUG-LABELS] Total labels found for ISP-1469: 1
[USER-MATCH] Matched 'archana.verma' by parsed first+last: archana verma -> 7b5370b5-abcd-4ad2-908b-1791ca40d9c9
[USER-MATCH] Matched 'Robert Mbugua Kanyoro' by email: robert.mbugua@craftsilicon.com -> fb1e0a05-f047-4e22-a52b-b9b1fe4b4358
[STATUS-MATCH] Matched status 'In Progress' by name: In Progress -> c805a0e9-73fc-4726-a1ab-d28b9a36469e
[BANKING-MATCH] Found existing banking type 'ERP' -> d9a45733-9624-42c2-afcc-888ce998dbbe
📥 DOWNLOADING ISSUE-LEVEL ATTACHMENTS FOR ISP-1469
   Total files: 1 (19.6 MB)

   [1/1] 📥 Downloading: ISP-1469 and Retest ISP-1389-Pass.mp4 (19.6 MB)
  Attempt 1/3: Downloading from https://craftsilicon.atlassian.net/rest/api/3/attachment/content/121857...
  Following redirect 1/6 to: https://api.media.atlassian.com/file/7338de15-d859-47cc-bfeb-9ad96628f997/binary?token=eyJhbGciOiJIUzI1NiJ9.eyJpc3MiOiJiN...
  Attempt 1/3: Downloading from https://api.media.atlassian.com/file/7338de15-d859-47cc-bfeb-9ad96628f997/binary?token=eyJhbGciOiJIUzI1NiJ9.eyJpc3MiOiJiN...
  📊 Downloaded 10.0/19.6 MB...
  ✅ Downloaded 20553086 bytes successfully
   ✅ Successfully attached: ISP-1469 and Retest ISP-1389-Pass.mp4 (verified in storage)
  Attached ISP-1469 and Retest ISP-1389-Pass.mp4 to defect ISP-1469 (service_exists=true)

📊 Attachment Summary for ISP-1469:
   ✅ Uploaded: 1
   ⏭️  Skipped: 0
   ❌ Failed: 0

[LABEL] Processing 1 label(s) for ISP-1469
[LABEL-MATCH] Found existing label 'QA' (stored as 'qa') -> f66526ba-6a94-47b5-8239-f9fae5aa2248
[LABEL-ATTACH] Successfully attached label 'qa' (ID: f66526ba-6a94-47b5-8239-f9fae5aa2248) to ISP-1469
[LABEL] Completed processing labels for ISP-1469. Total attached: 1
[COMMENTS] Importing 1 comment(s) for ISP-1469...
[USER-MATCH] Matched 'Edwin Luseno Amalemba' by parsed first+last (Edwin+Amalemba): Edwin Amalemba -> bb3df791-898f-4274-9814-14bb24a55c8b
[IMPORT] Added rich text comment by Edwin Luseno Amalemba to ISP-1469 (id=46ab6ec7-3e24-4599-8846-0785a8f81f27, length=67)
[DESCRIPTION-VALIDATE] ISP-1469: new_len=363, existing_len=376
[DESCRIPTION-UPDATE] ISP-1469: Updated description (363 chars)
  Previous: <div class="trix-content">
  <p><strong>Actual Result-</strong><span>Item is added successfully to th...
  Updated: <p><strong>Actual Result-</strong><span style="color: #ff5630">Item is added successfully to the Purc...
Processing issue 338/439: ISP-1468
[DEBUG-LABELS] Total labels found for ISP-1468: 1
[USER-MATCH] Matched 'archana.verma' by parsed first+last: archana verma -> 7b5370b5-abcd-4ad2-908b-1791ca40d9c9
[USER-MATCH] Matched 'Robert Mbugua Kanyoro' by email: robert.mbugua@craftsilicon.com -> fb1e0a05-f047-4e22-a52b-b9b1fe4b4358
[STATUS-MATCH] Matched status 'Failed-QA' by normalized name: Failed QA -> 42911275-9770-4690-9c7d-9f71e090f491
[BANKING-MATCH] Found existing banking type 'ERP' -> d9a45733-9624-42c2-afcc-888ce998dbbe
📥 DOWNLOADING ISSUE-LEVEL ATTACHMENTS FOR ISP-1468
   Total files: 4 (36.06 MB)

   [1/4] 📥 Downloading: image-20251107-074658.png (0.05 MB)
  Attempt 1/3: Downloading from https://craftsilicon.atlassian.net/rest/api/3/attachment/content/128458...
  Following redirect 1/6 to: https://api.media.atlassian.com/file/4b4d5ef0-4a43-42a1-b18b-5f9a7c6c5ef1/binary?token=eyJhbGciOiJIUzI1NiJ9.eyJpc3MiOiJiN...
  Attempt 1/3: Downloading from https://api.media.atlassian.com/file/4b4d5ef0-4a43-42a1-b18b-5f9a7c6c5ef1/binary?token=eyJhbGciOiJIUzI1NiJ9.eyJpc3MiOiJiN...
  ✅ Downloaded 49995 bytes successfully
   ✅ Successfully attached: image-20251107-074658.png (verified in storage)
  Attached image-20251107-074658.png to defect ISP-1468 (service_exists=true)
   [2/4] 📥 Downloading: image-20251107-074812.png (0.03 MB)
  Attempt 1/3: Downloading from https://craftsilicon.atlassian.net/rest/api/3/attachment/content/128457...
  Following redirect 1/6 to: https://api.media.atlassian.com/file/51365108-ab25-4baf-9733-e3865dda8f5b/binary?token=eyJhbGciOiJIUzI1NiJ9.eyJpc3MiOiJiN...
  Attempt 1/3: Downloading from https://api.media.atlassian.com/file/51365108-ab25-4baf-9733-e3865dda8f5b/binary?token=eyJhbGciOiJIUzI1NiJ9.eyJpc3MiOiJiN...
  ✅ Downloaded 31935 bytes successfully
   ✅ Successfully attached: image-20251107-074812.png (verified in storage)
  Attached image-20251107-074812.png to defect ISP-1468 (service_exists=true)
   [3/4] 📥 Downloading: ISP-1468-Purchase Req-based on plan.webm (10.43 MB)
  Attempt 1/3: Downloading from https://craftsilicon.atlassian.net/rest/api/3/attachment/content/121854...
  Following redirect 1/6 to: https://api.media.atlassian.com/file/761aaa31-9f5b-4f8c-b998-0ae7eba16cce/binary?token=eyJhbGciOiJIUzI1NiJ9.eyJpc3MiOiJiN...
  Attempt 1/3: Downloading from https://api.media.atlassian.com/file/761aaa31-9f5b-4f8c-b998-0ae7eba16cce/binary?token=eyJhbGciOiJIUzI1NiJ9.eyJpc3MiOiJiN...
  📊 Downloaded 10.0/10.43 MB...
  ✅ Downloaded 10938852 bytes successfully
   ✅ Successfully attached: ISP-1468-Purchase Req-based on plan.webm (verified in storage)
  Attached ISP-1468-Purchase Req-based on plan.webm to defect ISP-1468 (service_exists=true)
   [4/4] 📥 Downloading: Retest ISP-1468-Requsition Items-FAIL.mp4 (25.55 MB)
  Attempt 1/5: Downloading from https://craftsilicon.atlassian.net/rest/api/3/attachment/content/128544...
  Following redirect 1/6 to: https://api.media.atlassian.com/file/e0af6af5-ebfd-4bb8-902d-3c616854f6ca/binary?token=eyJhbGciOiJIUzI1NiJ9.eyJpc3MiOiJiN...
  Attempt 1/5: Downloading from https://api.media.atlassian.com/file/e0af6af5-ebfd-4bb8-902d-3c616854f6ca/binary?token=eyJhbGciOiJIUzI1NiJ9.eyJpc3MiOiJiN...
  📊 Downloaded 10.0/25.55 MB...
  📊 Downloaded 20.0/25.55 MB...
  ✅ Downloaded 26792531 bytes successfully
   ✅ Successfully attached: Retest ISP-1468-Requsition Items-FAIL.mp4 (verified in storage)
  Attached Retest ISP-1468-Requsition Items-FAIL.mp4 to defect ISP-1468 (service_exists=true)

📊 Attachment Summary for ISP-1468:
   ✅ Uploaded: 4
   ⏭️  Skipped: 0
   ❌ Failed: 0

[LABEL] Processing 1 label(s) for ISP-1468
[LABEL-MATCH] Found existing label 'QA' (stored as 'qa') -> f66526ba-6a94-47b5-8239-f9fae5aa2248
[LABEL-ATTACH] Successfully attached label 'qa' (ID: f66526ba-6a94-47b5-8239-f9fae5aa2248) to ISP-1468
[LABEL] Completed processing labels for ISP-1468. Total attached: 1
[COMMENTS] Importing 2 comment(s) for ISP-1468...
[USER-MATCH] Matched 'Robert Mbugua Kanyoro' by email: robert.mbugua@craftsilicon.com -> fb1e0a05-f047-4e22-a52b-b9b1fe4b4358
[IMPORT] Added rich text comment by Robert Mbugua Kanyoro to ISP-1468 (id=43b0dab2-4fa7-4a43-b6b5-db4c9e6e2c12, length=102)
[USER-MATCH] Matched 'archana.verma' by parsed first+last: archana verma -> 7b5370b5-abcd-4ad2-908b-1791ca40d9c9
[IMPORT] Added rich text comment by archana.verma to ISP-1468 (id=a2d07089-7b74-4c0a-9a78-6b02570fad93, length=313)
[DESCRIPTION-VALIDATE] ISP-1468: new_len=325, existing_len=361
[DESCRIPTION-UPDATE] ISP-1468: Updated description (325 chars)
  Previous: <div class="trix-content">
  <p><strong>Actual Result</strong>-User has to add items one by one. User...
  Updated: <p><strong>Actual Result</strong>-User has to add items one by one. User has to remember Item Type an...
Processing issue 339/439: ISP-1467
[DEBUG-LABELS] Total labels found for ISP-1467: 1
[USER-MATCH] Matched 'archana.verma' by parsed first+last: archana verma -> 7b5370b5-abcd-4ad2-908b-1791ca40d9c9
[USER-MATCH] Matched 'Robert Mbugua Kanyoro' by email: robert.mbugua@craftsilicon.com -> fb1e0a05-f047-4e22-a52b-b9b1fe4b4358
[STATUS-MATCH] Matched status 'To Do' by name: TO DO -> 26ce9725-f948-4e26-8bfd-5e353e685e59
[BANKING-MATCH] Found existing banking type 'ERP' -> d9a45733-9624-42c2-afcc-888ce998dbbe
📥 DOWNLOADING ISSUE-LEVEL ATTACHMENTS FOR ISP-1467
   Total files: 1 (36.43 MB)

   [1/1] 📥 Downloading: ISP-1467.webm (36.43 MB)
  Attempt 1/5: Downloading from https://craftsilicon.atlassian.net/rest/api/3/attachment/content/121853...
  Following redirect 1/6 to: https://api.media.atlassian.com/file/f4e1f195-c4dd-48f4-bee8-07c2f69fd6f5/binary?token=eyJhbGciOiJIUzI1NiJ9.eyJpc3MiOiJiN...
  Attempt 1/5: Downloading from https://api.media.atlassian.com/file/f4e1f195-c4dd-48f4-bee8-07c2f69fd6f5/binary?token=eyJhbGciOiJIUzI1NiJ9.eyJpc3MiOiJiN...
  📊 Downloaded 10.0/36.43 MB...
  📊 Downloaded 20.0/36.43 MB...
  📊 Downloaded 30.0/36.43 MB...
  ✅ Downloaded 38204317 bytes successfully
   ✅ Successfully attached: ISP-1467.webm (verified in storage)
  Attached ISP-1467.webm to defect ISP-1467 (service_exists=true)

📊 Attachment Summary for ISP-1467:
   ✅ Uploaded: 1
   ⏭️  Skipped: 0
   ❌ Failed: 0

[LABEL] Processing 1 label(s) for ISP-1467
[LABEL-MATCH] Found existing label 'QA' (stored as 'qa') -> f66526ba-6a94-47b5-8239-f9fae5aa2248
[LABEL-ATTACH] Successfully attached label 'qa' (ID: f66526ba-6a94-47b5-8239-f9fae5aa2248) to ISP-1467
[LABEL] Completed processing labels for ISP-1467. Total attached: 1
[COMMENTS] Importing 1 comment(s) for ISP-1467...
[USER-MATCH] Matched 'Robert Mbugua Kanyoro' by email: robert.mbugua@craftsilicon.com -> fb1e0a05-f047-4e22-a52b-b9b1fe4b4358
[IMPORT] Added rich text comment by Robert Mbugua Kanyoro to ISP-1467 (id=e41fe660-fe17-41ab-bb2b-1d4856cc449b, length=169)
[DESCRIPTION-VALIDATE] ISP-1467: new_len=79, existing_len=115
[DESCRIPTION-UPDATE] ISP-1467: Updated description (79 chars)
  Previous: <div class="trix-content">
  <p><strong>Actual Result</strong>-</p>
<p><strong>Expected Result</stron...
Processing issue 340/439: ISP-1466
[DEBUG-LABELS] Total labels found for ISP-1466: 2
[USER-MATCH] Matched 'archana.verma' by parsed first+last: archana verma -> 7b5370b5-abcd-4ad2-908b-1791ca40d9c9
[USER-MATCH] Matched 'archana.verma' by parsed first+last: archana verma -> 7b5370b5-abcd-4ad2-908b-1791ca40d9c9
[STATUS-MATCH] Matched status 'Closed' by name: Closed -> 8c60b5b6-b9e9-405d-8d7d-d672cb9b23f1
[BANKING-MATCH] Found existing banking type 'ERP' -> d9a45733-9624-42c2-afcc-888ce998dbbe
📥 DOWNLOADING ISSUE-LEVEL ATTACHMENTS FOR ISP-1466
   Total files: 4 (102.38 MB)

   [1/4] 📥 Downloading: image-20251107-124556.png (0.06 MB)
  Attempt 1/3: Downloading from https://craftsilicon.atlassian.net/rest/api/3/attachment/content/128513...
  Following redirect 1/6 to: https://api.media.atlassian.com/file/c628f860-9ab1-4471-9fd3-0dbc520c44c7/binary?token=eyJhbGciOiJIUzI1NiJ9.eyJpc3MiOiJiN...
  Attempt 1/3: Downloading from https://api.media.atlassian.com/file/c628f860-9ab1-4471-9fd3-0dbc520c44c7/binary?token=eyJhbGciOiJIUzI1NiJ9.eyJpc3MiOiJiN...
  ✅ Downloaded 57708 bytes successfully
   ✅ Successfully attached: image-20251107-124556.png (verified in storage)
  Attached image-20251107-124556.png to defect ISP-1466 (service_exists=true)
   [2/4] 📥 Downloading: ISP-1466 and Retest ISP-1366, 1369-Pass-scheduleplan_b00hpM4Q.mp4 (22.32 MB)
  Attempt 1/5: Downloading from https://craftsilicon.atlassian.net/rest/api/3/attachment/content/121851...
  Following redirect 1/6 to: https://api.media.atlassian.com/file/aa63a5f3-67a3-4181-bc42-24927abb7df2/binary?token=eyJhbGciOiJIUzI1NiJ9.eyJpc3MiOiJiN...
  Attempt 1/5: Downloading from https://api.media.atlassian.com/file/aa63a5f3-67a3-4181-bc42-24927abb7df2/binary?token=eyJhbGciOiJIUzI1NiJ9.eyJpc3MiOiJiN...
  📊 Downloaded 10.0/22.32 MB...
  📊 Downloaded 20.0/22.32 MB...
  ✅ Downloaded 23408112 bytes successfully
   ✅ Successfully attached: ISP-1466 and Retest ISP-1366, 1369-Pass-scheduleplan_b00hpM4Q.mp4 (verified in storage)
  Attached ISP-1466 and Retest ISP-1366, 1369-Pass-scheduleplan_b00hpM4Q.mp4 to defect ISP-1466 (service_exists=true)
   [3/4] 📥 Downloading: Retest ISP-1466-Need based plan-Pass-Monthly and Quarterly.mp4 (41.83 MB)
  Attempt 1/5: Downloading from https://craftsilicon.atlassian.net/rest/api/3/attachment/content/129347...
  Following redirect 1/6 to: https://api.media.atlassian.com/file/186380c7-652d-4ddb-86b4-28cd33abb59f/binary?token=eyJhbGciOiJIUzI1NiJ9.eyJpc3MiOiJiN...
  Attempt 1/5: Downloading from https://api.media.atlassian.com/file/186380c7-652d-4ddb-86b4-28cd33abb59f/binary?token=eyJhbGciOiJIUzI1NiJ9.eyJpc3MiOiJiN...
  📊 Downloaded 10.0/41.83 MB...
  📊 Downloaded 20.0/41.83 MB...
  📊 Downloaded 30.0/41.83 MB...
  📊 Downloaded 40.0/41.83 MB...
  ✅ Downloaded 43859621 bytes successfully
   ✅ Successfully attached: Retest ISP-1466-Need based plan-Pass-Monthly and Quarterly.mp4 (verified in storage)
  Attached Retest ISP-1466-Need based plan-Pass-Monthly and Quarterly.mp4 to defect ISP-1466 (service_exists=true)
   [4/4] 📥 Downloading: Retest ISP-1466-Pass-Without Need-Monthly and Quarterly.mp4 (38.17 MB)
  Attempt 1/5: Downloading from https://craftsilicon.atlassian.net/rest/api/3/attachment/content/129346...
  Following redirect 1/6 to: https://api.media.atlassian.com/file/6f53de01-d0a5-4d43-a220-1cda3e129dbd/binary?token=eyJhbGciOiJIUzI1NiJ9.eyJpc3MiOiJiN...
  Attempt 1/5: Downloading from https://api.media.atlassian.com/file/6f53de01-d0a5-4d43-a220-1cda3e129dbd/binary?token=eyJhbGciOiJIUzI1NiJ9.eyJpc3MiOiJiN...
  📊 Downloaded 10.0/38.17 MB...
  📊 Downloaded 20.0/38.17 MB...
  📊 Downloaded 30.0/38.17 MB...
  ✅ Downloaded 40023488 bytes successfully
   ✅ Successfully attached: Retest ISP-1466-Pass-Without Need-Monthly and Quarterly.mp4 (verified in storage)
  Attached Retest ISP-1466-Pass-Without Need-Monthly and Quarterly.mp4 to defect ISP-1466 (service_exists=true)

📊 Attachment Summary for ISP-1466:
   ✅ Uploaded: 4
   ⏭️  Skipped: 0
   ❌ Failed: 0

[LABEL] Processing 2 label(s) for ISP-1466
[LABEL-MATCH] Found existing label 'Blocker' (stored as 'blocker') -> 53446826-4aac-4ac5-bcac-9aadd9a0f375
[LABEL-ATTACH] Successfully attached label 'blocker' (ID: 53446826-4aac-4ac5-bcac-9aadd9a0f375) to ISP-1466
[LABEL-MATCH] Found existing label 'QA' (stored as 'qa') -> f66526ba-6a94-47b5-8239-f9fae5aa2248
[LABEL-ATTACH] Successfully attached label 'qa' (ID: f66526ba-6a94-47b5-8239-f9fae5aa2248) to ISP-1466
[LABEL] Completed processing labels for ISP-1466. Total attached: 2
[COMMENTS] Importing 4 comment(s) for ISP-1466...
[USER-MATCH] Matched 'Edwin Luseno Amalemba' by parsed first+last (Edwin+Amalemba): Edwin Amalemba -> bb3df791-898f-4274-9814-14bb24a55c8b
[IMPORT] Added rich text comment by Edwin Luseno Amalemba to ISP-1466 (id=90e6d586-0981-4159-ac2e-11d0440ce1c5, length=63)
[USER-MATCH] Matched 'Daniel Mbugua' by parsed first+last: Daniel Mbugua -> 6715b9f3-0d67-4dc0-b8c7-dd0cc9e3740a
[IMPORT] Added rich text comment by Daniel Mbugua to ISP-1466 (id=270316aa-4f6d-48dc-a420-e401f4e40098, length=59)
[USER-MATCH] Matched 'Mureithi Maina' by parsed first+last: Mureithi Maina -> 48b6b96d-6b97-44ef-b692-40a2ad9d967e
[IMPORT] Added rich text comment by Mureithi Maina to ISP-1466 (id=9780e9a9-3c86-466b-816d-d5ca9d03a246, length=53)
[USER-MATCH] Matched 'archana.verma' by parsed first+last: archana verma -> 7b5370b5-abcd-4ad2-908b-1791ca40d9c9
[IMPORT] Added rich text comment by archana.verma to ISP-1466 (id=40eb626b-f6ae-4970-86cc-f678d5603ab5, length=216)
[DESCRIPTION-VALIDATE] ISP-1466: new_len=524, existing_len=537
[DESCRIPTION-UPDATE] ISP-1466: Updated description (524 chars)
  Previous: <div class="trix-content">
  <p><strong>Actual Result</strong>-System is not allowing to save the Sch...
  Updated: <p><strong>Actual Result</strong>-System is not allowing to save the Schedule with Schedule Type as M...
Processing issue 341/439: ISP-1461
[DEBUG-LABELS] Total labels found for ISP-1461: 1
[USER-MATCH] Matched 'archana.verma' by parsed first+last: archana verma -> 7b5370b5-abcd-4ad2-908b-1791ca40d9c9
[USER-MATCH] Matched 'Robert Mbugua Kanyoro' by email: robert.mbugua@craftsilicon.com -> fb1e0a05-f047-4e22-a52b-b9b1fe4b4358
[STATUS-MATCH] Matched status 'In Progress' by name: In Progress -> c805a0e9-73fc-4726-a1ab-d28b9a36469e
[BANKING-MATCH] Found existing banking type 'ERP' -> d9a45733-9624-42c2-afcc-888ce998dbbe
📥 DOWNLOADING ISSUE-LEVEL ATTACHMENTS FOR ISP-1461
   Total files: 1 (13.08 MB)

   [1/1] 📥 Downloading: ISP-1461.webm (13.08 MB)
  Attempt 1/3: Downloading from https://craftsilicon.atlassian.net/rest/api/3/attachment/content/121795...
  Following redirect 1/6 to: https://api.media.atlassian.com/file/4100ad2b-595c-4d85-94a8-04ad8b92b376/binary?token=eyJhbGciOiJIUzI1NiJ9.eyJpc3MiOiJiN...
  Attempt 1/3: Downloading from https://api.media.atlassian.com/file/4100ad2b-595c-4d85-94a8-04ad8b92b376/binary?token=eyJhbGciOiJIUzI1NiJ9.eyJpc3MiOiJiN...
  📊 Downloaded 10.0/13.08 MB...
  ✅ Downloaded 13715328 bytes successfully
   ✅ Successfully attached: ISP-1461.webm (verified in storage)
  Attached ISP-1461.webm to defect ISP-1461 (service_exists=true)

📊 Attachment Summary for ISP-1461:
   ✅ Uploaded: 1
   ⏭️  Skipped: 0
   ❌ Failed: 0

[LABEL] Processing 1 label(s) for ISP-1461
[LABEL-MATCH] Found existing label 'QA' (stored as 'qa') -> f66526ba-6a94-47b5-8239-f9fae5aa2248
[LABEL-ATTACH] Successfully attached label 'qa' (ID: f66526ba-6a94-47b5-8239-f9fae5aa2248) to ISP-1461
[LABEL] Completed processing labels for ISP-1461. Total attached: 1
[COMMENTS] Importing 1 comment(s) for ISP-1461...
[USER-MATCH] Matched 'Edwin Luseno Amalemba' by parsed first+last (Edwin+Amalemba): Edwin Amalemba -> bb3df791-898f-4274-9814-14bb24a55c8b
[IMPORT] Added rich text comment by Edwin Luseno Amalemba to ISP-1461 (id=cc5da823-ca9c-461f-8ad4-dc09e9609dfd, length=304)
[DESCRIPTION-VALIDATE] ISP-1461: new_len=590, existing_len=626
[DESCRIPTION-UPDATE] ISP-1461: Updated description (590 chars)
  Previous: <div class="trix-content">
  <p><strong>Actual Result</strong>-Success feedback is displayed and Adju...
  Updated: <p><strong>Actual Result</strong>-Success feedback is displayed and Adjust Qty and Current Qty value ...
Processing issue 342/439: ISP-1459
[DEBUG-LABELS] Total labels found for ISP-1459: 1
[USER-MATCH] Matched 'archana.verma' by parsed first+last: archana verma -> 7b5370b5-abcd-4ad2-908b-1791ca40d9c9
[USER-MATCH] Matched 'archana.verma' by parsed first+last: archana verma -> 7b5370b5-abcd-4ad2-908b-1791ca40d9c9
[STATUS-MATCH] Matched status 'Closed' by name: Closed -> 8c60b5b6-b9e9-405d-8d7d-d672cb9b23f1
[BANKING-MATCH] Found existing banking type 'ERP' -> d9a45733-9624-42c2-afcc-888ce998dbbe
📥 DOWNLOADING ISSUE-LEVEL ATTACHMENTS FOR ISP-1459
   Total files: 2 (26.83 MB)

   [1/2] 📥 Downloading: ISP-1459 and Retest ISP-1359-Fail, ISP-1360-Pass.mp4 (21.46 MB)
  Attempt 1/5: Downloading from https://craftsilicon.atlassian.net/rest/api/3/attachment/content/121794...
  Following redirect 1/6 to: https://api.media.atlassian.com/file/f946d379-6eec-4ef0-90ba-0e94b6e6306c/binary?token=eyJhbGciOiJIUzI1NiJ9.eyJpc3MiOiJiN...
  Attempt 1/5: Downloading from https://api.media.atlassian.com/file/f946d379-6eec-4ef0-90ba-0e94b6e6306c/binary?token=eyJhbGciOiJIUzI1NiJ9.eyJpc3MiOiJiN...
  📊 Downloaded 10.0/21.46 MB...
  📊 Downloaded 20.0/21.46 MB...
  ✅ Downloaded 22499344 bytes successfully
   ✅ Successfully attached: ISP-1459 and Retest ISP-1359-Fail, ISP-1360-Pass.mp4 (verified in storage)
  Attached ISP-1459 and Retest ISP-1359-Fail, ISP-1360-Pass.mp4 to defect ISP-1459 (service_exists=true)
   [2/2] 📥 Downloading: Retest-ISP-1459-Pass.mp4 (5.37 MB)
  Attempt 1/3: Downloading from https://craftsilicon.atlassian.net/rest/api/3/attachment/content/123188...
  Following redirect 1/6 to: https://api.media.atlassian.com/file/e18e0a00-c4e5-4bc6-97c3-08bd43548152/binary?token=eyJhbGciOiJIUzI1NiJ9.eyJpc3MiOiJiN...
  Attempt 1/3: Downloading from https://api.media.atlassian.com/file/e18e0a00-c4e5-4bc6-97c3-08bd43548152/binary?token=eyJhbGciOiJIUzI1NiJ9.eyJpc3MiOiJiN...
  ✅ Downloaded 5632242 bytes successfully
   ✅ Successfully attached: Retest-ISP-1459-Pass.mp4 (verified in storage)
  Attached Retest-ISP-1459-Pass.mp4 to defect ISP-1459 (service_exists=true)

📊 Attachment Summary for ISP-1459:
   ✅ Uploaded: 2
   ⏭️  Skipped: 0
   ❌ Failed: 0

[LABEL] Processing 1 label(s) for ISP-1459
[LABEL-MATCH] Found existing label 'QA' (stored as 'qa') -> f66526ba-6a94-47b5-8239-f9fae5aa2248
[LABEL-ATTACH] Successfully attached label 'qa' (ID: f66526ba-6a94-47b5-8239-f9fae5aa2248) to ISP-1459
[LABEL] Completed processing labels for ISP-1459. Total attached: 1
[COMMENTS] Importing 2 comment(s) for ISP-1459...
[USER-MATCH] Matched 'Edwin Luseno Amalemba' by parsed first+last (Edwin+Amalemba): Edwin Amalemba -> bb3df791-898f-4274-9814-14bb24a55c8b
[IMPORT] Added rich text comment by Edwin Luseno Amalemba to ISP-1459 (id=a1d492d3-bed0-4dcd-92dd-8e376c0ac8e7, length=35)
[USER-MATCH] Matched 'archana.verma' by parsed first+last: archana verma -> 7b5370b5-abcd-4ad2-908b-1791ca40d9c9
[IMPORT] Added rich text comment by archana.verma to ISP-1459 (id=9471c9d1-80f4-4903-ad37-97fdad7d874b, length=155)
[DESCRIPTION-VALIDATE] ISP-1459: new_len=503, existing_len=539
[DESCRIPTION-UPDATE] ISP-1459: Updated description (503 chars)
  Previous: <div class="trix-content">
  <p><strong>Actual Result</strong>-Manual Entry-Procurement Plan Items sc...
  Updated: <p><strong>Actual Result</strong>-Manual Entry-Procurement Plan Items screen is displayed where Plann...
Processing issue 343/439: ISP-1458
[DEBUG-LABELS] Total labels found for ISP-1458: 1
[USER-MATCH] Matched 'archana.verma' by parsed first+last: archana verma -> 7b5370b5-abcd-4ad2-908b-1791ca40d9c9
[USER-MATCH] Matched 'Robert Mbugua Kanyoro' by email: robert.mbugua@craftsilicon.com -> fb1e0a05-f047-4e22-a52b-b9b1fe4b4358
[STATUS-MATCH] Matched status 'In Progress' by name: In Progress -> c805a0e9-73fc-4726-a1ab-d28b9a36469e
[BANKING-MATCH] Found existing banking type 'ERP' -> d9a45733-9624-42c2-afcc-888ce998dbbe
📥 DOWNLOADING ISSUE-LEVEL ATTACHMENTS FOR ISP-1458
   Total files: 2 (9.84 MB)

   [1/2] 📥 Downloading: image-20250805-082358.png (0.04 MB)
  Attempt 1/3: Downloading from https://craftsilicon.atlassian.net/rest/api/3/attachment/content/123448...
  Following redirect 1/6 to: https://api.media.atlassian.com/file/7ca66b7c-0008-416d-a23e-4e7a9a0d9799/binary?token=eyJhbGciOiJIUzI1NiJ9.eyJpc3MiOiJiN...
  Attempt 1/3: Downloading from https://api.media.atlassian.com/file/7ca66b7c-0008-416d-a23e-4e7a9a0d9799/binary?token=eyJhbGciOiJIUzI1NiJ9.eyJpc3MiOiJiN...
  ✅ Downloaded 47000 bytes successfully
   ✅ Successfully attached: image-20250805-082358.png (verified in storage)
  Attached image-20250805-082358.png to defect ISP-1458 (service_exists=true)
   [2/2] 📥 Downloading: ISP-1458.webm (9.79 MB)
  Attempt 1/3: Downloading from https://craftsilicon.atlassian.net/rest/api/3/attachment/content/121793...
  Following redirect 1/6 to: https://api.media.atlassian.com/file/7ec09be9-3f2a-441a-8ff0-47214294839e/binary?token=eyJhbGciOiJIUzI1NiJ9.eyJpc3MiOiJiN...
  Attempt 1/3: Downloading from https://api.media.atlassian.com/file/7ec09be9-3f2a-441a-8ff0-47214294839e/binary?token=eyJhbGciOiJIUzI1NiJ9.eyJpc3MiOiJiN...
  ✅ Downloaded 10268191 bytes successfully
   ✅ Successfully attached: ISP-1458.webm (verified in storage)
  Attached ISP-1458.webm to defect ISP-1458 (service_exists=true)

📊 Attachment Summary for ISP-1458:
   ✅ Uploaded: 2
   ⏭️  Skipped: 0
   ❌ Failed: 0

[LABEL] Processing 1 label(s) for ISP-1458
[LABEL-MATCH] Found existing label 'QA' (stored as 'qa') -> f66526ba-6a94-47b5-8239-f9fae5aa2248
[LABEL-ATTACH] Successfully attached label 'qa' (ID: f66526ba-6a94-47b5-8239-f9fae5aa2248) to ISP-1458
[LABEL] Completed processing labels for ISP-1458. Total attached: 1
[COMMENTS] Importing 2 comment(s) for ISP-1458...
[USER-MATCH] Matched 'Edwin Luseno Amalemba' by parsed first+last (Edwin+Amalemba): Edwin Amalemba -> bb3df791-898f-4274-9814-14bb24a55c8b
[IMPORT] Added rich text comment by Edwin Luseno Amalemba to ISP-1458 (id=ed2e5a3d-4cea-4e6e-a147-87335b581a6a, length=41)
[USER-MATCH] Matched 'Daniel Mbugua' by parsed first+last: Daniel Mbugua -> 6715b9f3-0d67-4dc0-b8c7-dd0cc9e3740a
[IMPORT] Added rich text comment by Daniel Mbugua to ISP-1458 (id=d5ff0920-ce5d-45c2-a8fa-682485e46bbc, length=65)
[DESCRIPTION-VALIDATE] ISP-1458: new_len=79, existing_len=115
[DESCRIPTION-UPDATE] ISP-1458: Updated description (79 chars)
  Previous: <div class="trix-content">
  <p><strong>Actual Result</strong>-</p>
<p><strong>Expected Result</stron...
Processing issue 344/439: ISP-1454
[DEBUG-LABELS] Total labels found for ISP-1454: 1
[USER-MATCH] Matched 'archana.verma' by parsed first+last: archana verma -> 7b5370b5-abcd-4ad2-908b-1791ca40d9c9
[USER-MATCH] Matched 'archana.verma' by parsed first+last: archana verma -> 7b5370b5-abcd-4ad2-908b-1791ca40d9c9
[STATUS-MATCH] Matched status 'Closed' by name: Closed -> 8c60b5b6-b9e9-405d-8d7d-d672cb9b23f1
[BANKING-MATCH] Found existing banking type 'ERP' -> d9a45733-9624-42c2-afcc-888ce998dbbe
📥 DOWNLOADING ISSUE-LEVEL ATTACHMENTS FOR ISP-1454
   Total files: 2 (42.32 MB)

   [1/2] 📥 Downloading: ISP-1454, Retest ISP-1357-Pass.mp4 (18.44 MB)
  Attempt 1/3: Downloading from https://craftsilicon.atlassian.net/rest/api/3/attachment/content/121790...
  Following redirect 1/6 to: https://api.media.atlassian.com/file/ff91c802-1852-4888-9f0e-f1114fd8f4dd/binary?token=eyJhbGciOiJIUzI1NiJ9.eyJpc3MiOiJiN...
  Attempt 1/3: Downloading from https://api.media.atlassian.com/file/ff91c802-1852-4888-9f0e-f1114fd8f4dd/binary?token=eyJhbGciOiJIUzI1NiJ9.eyJpc3MiOiJiN...
  📊 Downloaded 10.0/18.44 MB...
  ✅ Downloaded 19340644 bytes successfully
   ✅ Successfully attached: ISP-1454, Retest ISP-1357-Pass.mp4 (verified in storage)
  Attached ISP-1454, Retest ISP-1357-Pass.mp4 to defect ISP-1454 (service_exists=true)
   [2/2] 📥 Downloading: Retest ISP-1454-Pass-Proc plan.mp4 (23.88 MB)
  Attempt 1/5: Downloading from https://craftsilicon.atlassian.net/rest/api/3/attachment/content/129258...
  Following redirect 1/6 to: https://api.media.atlassian.com/file/f449d9c3-e869-4e9e-bfb4-71a92ea1b4ab/binary?token=eyJhbGciOiJIUzI1NiJ9.eyJpc3MiOiJiN...
  Attempt 1/5: Downloading from https://api.media.atlassian.com/file/f449d9c3-e869-4e9e-bfb4-71a92ea1b4ab/binary?token=eyJhbGciOiJIUzI1NiJ9.eyJpc3MiOiJiN...
  📊 Downloaded 10.0/23.88 MB...
  📊 Downloaded 20.0/23.88 MB...
  ✅ Downloaded 25039624 bytes successfully
   ✅ Successfully attached: Retest ISP-1454-Pass-Proc plan.mp4 (verified in storage)
  Attached Retest ISP-1454-Pass-Proc plan.mp4 to defect ISP-1454 (service_exists=true)

📊 Attachment Summary for ISP-1454:
   ✅ Uploaded: 2
   ⏭️  Skipped: 0
   ❌ Failed: 0

[LABEL] Processing 1 label(s) for ISP-1454
[LABEL-MATCH] Found existing label 'QA' (stored as 'qa') -> f66526ba-6a94-47b5-8239-f9fae5aa2248
[LABEL-ATTACH] Successfully attached label 'qa' (ID: f66526ba-6a94-47b5-8239-f9fae5aa2248) to ISP-1454
[LABEL] Completed processing labels for ISP-1454. Total attached: 1
[COMMENTS] Importing 4 comment(s) for ISP-1454...
[USER-MATCH] Matched 'Edwin Luseno Amalemba' by parsed first+last (Edwin+Amalemba): Edwin Amalemba -> bb3df791-898f-4274-9814-14bb24a55c8b
[IMPORT] Added rich text comment by Edwin Luseno Amalemba to ISP-1454 (id=5b45ef3b-15e3-4177-af75-0fda61a0d243, length=249)
[USER-MATCH] Matched 'Mureithi Maina' by parsed first+last: Mureithi Maina -> 48b6b96d-6b97-44ef-b692-40a2ad9d967e
[IMPORT] Added rich text comment by Mureithi Maina to ISP-1454 (id=cb32ac40-5f35-4874-933a-14f504f006f5, length=58)
[USER-MATCH] Matched 'archana.verma' by parsed first+last: archana verma -> 7b5370b5-abcd-4ad2-908b-1791ca40d9c9
[IMPORT] Added rich text comment by archana.verma to ISP-1454 (id=34adc090-6e37-49c9-ac86-8720666ed3f4, length=76)
[USER-MATCH] Matched 'archana.verma' by parsed first+last: archana verma -> 7b5370b5-abcd-4ad2-908b-1791ca40d9c9
[IMPORT] Added rich text comment by archana.verma to ISP-1454 (id=c38b89a3-9d9f-4244-b0be-31603cf49713, length=96)
[DESCRIPTION-VALIDATE] ISP-1454: new_len=235, existing_len=271
[DESCRIPTION-UPDATE] ISP-1454: Updated description (235 chars)
  Previous: <div class="trix-content">
  <p><strong>Actual Result</strong>-System displays the feedback <strong>i...
  Updated: <p><strong>Actual Result</strong>-System displays the feedback <strong>i.e. Draft plan items updated ...
Processing issue 345/439: ISP-1453
[DEBUG-LABELS] Total labels found for ISP-1453: 1
[USER-MATCH] Matched 'archana.verma' by parsed first+last: archana verma -> 7b5370b5-abcd-4ad2-908b-1791ca40d9c9
[USER-MATCH] Matched 'Robert Mbugua Kanyoro' by email: robert.mbugua@craftsilicon.com -> fb1e0a05-f047-4e22-a52b-b9b1fe4b4358
[STATUS-MATCH] Matched status 'Awaiting Build' by name: Awaiting Build -> bf46baa0-8c97-4afe-a65a-a300e43d70e6
[BANKING-MATCH] Found existing banking type 'ERP' -> d9a45733-9624-42c2-afcc-888ce998dbbe
📥 DOWNLOADING ISSUE-LEVEL ATTACHMENTS FOR ISP-1453
   Total files: 2 (15.55 MB)

   [1/2] 📥 Downloading: ISP-1453, ISP-1452.mp4 (15.55 MB)
  Attempt 1/3: Downloading from https://craftsilicon.atlassian.net/rest/api/3/attachment/content/121784...
  Following redirect 1/6 to: https://api.media.atlassian.com/file/dcc6ce7b-9072-4717-a1cc-9869d851d983/binary?token=eyJhbGciOiJIUzI1NiJ9.eyJpc3MiOiJiN...
  Attempt 1/3: Downloading from https://api.media.atlassian.com/file/dcc6ce7b-9072-4717-a1cc-9869d851d983/binary?token=eyJhbGciOiJIUzI1NiJ9.eyJpc3MiOiJiN...
  📊 Downloaded 10.0/15.55 MB...
  ✅ Downloaded 16302498 bytes successfully
   ✅ Successfully attached: ISP-1453, ISP-1452.mp4 (verified in storage)
  Attached ISP-1453, ISP-1452.mp4 to defect ISP-1453 (service_exists=true)
   [2/2] 📥 Downloading: ISP-1453-consolidated_needs.xlsx (0.01 MB)
  Attempt 1/3: Downloading from https://craftsilicon.atlassian.net/rest/api/3/attachment/content/121785...
  Following redirect 1/6 to: https://api.media.atlassian.com/file/599a015d-5bd2-47ec-930d-64cf37d4b26e/binary?token=eyJhbGciOiJIUzI1NiJ9.eyJpc3MiOiJiN...
  Attempt 1/3: Downloading from https://api.media.atlassian.com/file/599a015d-5bd2-47ec-930d-64cf37d4b26e/binary?token=eyJhbGciOiJIUzI1NiJ9.eyJpc3MiOiJiN...
  ✅ Downloaded 7086 bytes successfully
   ✅ Successfully attached: ISP-1453-consolidated_needs.xlsx (verified in storage)
  Attached ISP-1453-consolidated_needs.xlsx to defect ISP-1453 (service_exists=true)

📊 Attachment Summary for ISP-1453:
   ✅ Uploaded: 2
   ⏭️  Skipped: 0
   ❌ Failed: 0

[LABEL] Processing 1 label(s) for ISP-1453
[LABEL-MATCH] Found existing label 'QA' (stored as 'qa') -> f66526ba-6a94-47b5-8239-f9fae5aa2248
[LABEL-ATTACH] Successfully attached label 'qa' (ID: f66526ba-6a94-47b5-8239-f9fae5aa2248) to ISP-1453
[LABEL] Completed processing labels for ISP-1453. Total attached: 1
[COMMENTS] Importing 1 comment(s) for ISP-1453...
[USER-MATCH] Matched 'Edwin Luseno Amalemba' by parsed first+last (Edwin+Amalemba): Edwin Amalemba -> bb3df791-898f-4274-9814-14bb24a55c8b
[IMPORT] Added rich text comment by Edwin Luseno Amalemba to ISP-1453 (id=8124401e-9e2c-4b95-b695-b12aa7bec0b1, length=77)
[DESCRIPTION-VALIDATE] ISP-1453: new_len=79, existing_len=115
[DESCRIPTION-UPDATE] ISP-1453: Updated description (79 chars)
  Previous: <div class="trix-content">
  <p><strong>Actual Result-</strong></p>
<p><strong>Expected Result-</stro...
Processing issue 346/439: ISP-1452
[DEBUG-LABELS] Total labels found for ISP-1452: 1
[USER-MATCH] Matched 'archana.verma' by parsed first+last: archana verma -> 7b5370b5-abcd-4ad2-908b-1791ca40d9c9
[USER-MATCH] Matched 'Robert Mbugua Kanyoro' by email: robert.mbugua@craftsilicon.com -> fb1e0a05-f047-4e22-a52b-b9b1fe4b4358
[STATUS-MATCH] Matched status 'Awaiting Build' by name: Awaiting Build -> bf46baa0-8c97-4afe-a65a-a300e43d70e6
[BANKING-MATCH] Found existing banking type 'ERP' -> d9a45733-9624-42c2-afcc-888ce998dbbe
📥 DOWNLOADING ISSUE-LEVEL ATTACHMENTS FOR ISP-1452
   Total files: 1 (15.55 MB)

   [1/1] 📥 Downloading: ISP-1452.mp4 (15.55 MB)
  Attempt 1/3: Downloading from https://craftsilicon.atlassian.net/rest/api/3/attachment/content/121782...
  Following redirect 1/6 to: https://api.media.atlassian.com/file/a2bf23e8-c697-473f-a2cc-46f39cc08d2e/binary?token=eyJhbGciOiJIUzI1NiJ9.eyJpc3MiOiJiN...
  Attempt 1/3: Downloading from https://api.media.atlassian.com/file/a2bf23e8-c697-473f-a2cc-46f39cc08d2e/binary?token=eyJhbGciOiJIUzI1NiJ9.eyJpc3MiOiJiN...
  📊 Downloaded 10.0/15.55 MB...
  ✅ Downloaded 16302498 bytes successfully
   ✅ Successfully attached: ISP-1452.mp4 (verified in storage)
  Attached ISP-1452.mp4 to defect ISP-1452 (service_exists=true)

📊 Attachment Summary for ISP-1452:
   ✅ Uploaded: 1
   ⏭️  Skipped: 0
   ❌ Failed: 0

[LABEL] Processing 1 label(s) for ISP-1452
[LABEL-MATCH] Found existing label 'QA' (stored as 'qa') -> f66526ba-6a94-47b5-8239-f9fae5aa2248
[LABEL-ATTACH] Successfully attached label 'qa' (ID: f66526ba-6a94-47b5-8239-f9fae5aa2248) to ISP-1452
[LABEL] Completed processing labels for ISP-1452. Total attached: 1
[COMMENTS] Importing 1 comment(s) for ISP-1452...
[USER-MATCH] Matched 'Edwin Luseno Amalemba' by parsed first+last (Edwin+Amalemba): Edwin Amalemba -> bb3df791-898f-4274-9814-14bb24a55c8b
[IMPORT] Added rich text comment by Edwin Luseno Amalemba to ISP-1452 (id=c9e5face-50bd-4633-bc3d-e474f520a7bf, length=39)
[DESCRIPTION-VALIDATE] ISP-1452: new_len=172, existing_len=208
[DESCRIPTION-UPDATE] ISP-1452: Updated description (172 chars)
  Previous: <div class="trix-content">
  <p><strong>Actual Result-</strong>On Edit Department Need Lines, value i...
  Updated: <p><strong>Actual Result-</strong>On Edit Department Need Lines, value is displayed as 57 for the fie...
Processing issue 347/439: ISP-1451
[DEBUG-LABELS] Total labels found for ISP-1451: 1
[USER-MATCH] Matched 'Wilberforce Wakhungu' by parsed first+last: wilberforce Wakhungu -> 03c960cf-9cd1-41dc-8a6b-669843030d52
[USER-MATCH] Matched 'Wilberforce Wakhungu' by parsed first+last: wilberforce Wakhungu -> 03c960cf-9cd1-41dc-8a6b-669843030d52
[STATUS-MATCH] Matched status 'Closed' by name: Closed -> 8c60b5b6-b9e9-405d-8d7d-d672cb9b23f1
[BANKING-MATCH] Found existing banking type 'ERP' -> d9a45733-9624-42c2-afcc-888ce998dbbe
📥 DOWNLOADING ISSUE-LEVEL ATTACHMENTS FOR ISP-1451
   Total files: 4 (9.87 MB)

   [1/4] 📥 Downloading: Leads(Appointment).mp4 (1.41 MB)
  Attempt 1/3: Downloading from https://craftsilicon.atlassian.net/rest/api/3/attachment/content/121710...
  Following redirect 1/6 to: https://api.media.atlassian.com/file/de9ab663-9efd-48ff-a714-4d35f54c6641/binary?token=eyJhbGciOiJIUzI1NiJ9.eyJpc3MiOiJiN...
  Attempt 1/3: Downloading from https://api.media.atlassian.com/file/de9ab663-9efd-48ff-a714-4d35f54c6641/binary?token=eyJhbGciOiJIUzI1NiJ9.eyJpc3MiOiJiN...
  ✅ Downloaded 1478882 bytes successfully
   ✅ Successfully attached: Leads(Appointment).mp4 (verified in storage)
  Attached Leads(Appointment).mp4 to defect ISP-1451 (service_exists=true)
   [2/4] 📥 Downloading: schedule call(30mins).mp4 (6.18 MB)
  Attempt 1/3: Downloading from https://craftsilicon.atlassian.net/rest/api/3/attachment/content/122700...
  Following redirect 1/6 to: https://api.media.atlassian.com/file/c403c314-c09b-4569-acbc-c723e859f5db/binary?token=eyJhbGciOiJIUzI1NiJ9.eyJpc3MiOiJiN...
  Attempt 1/3: Downloading from https://api.media.atlassian.com/file/c403c314-c09b-4569-acbc-c723e859f5db/binary?token=eyJhbGciOiJIUzI1NiJ9.eyJpc3MiOiJiN...
  ✅ Downloaded 6478957 bytes successfully
   ✅ Successfully attached: schedule call(30mins).mp4 (verified in storage)
  Attached schedule call(30mins).mp4 to defect ISP-1451 (service_exists=true)
   [3/4] 📥 Downloading: Scheduled call(No Title).mp4 (1.3 MB)
  Attempt 1/3: Downloading from https://craftsilicon.atlassian.net/rest/api/3/attachment/content/121711...
  Following redirect 1/6 to: https://api.media.atlassian.com/file/c267c586-cc1c-4919-8fb7-732051203189/binary?token=eyJhbGciOiJIUzI1NiJ9.eyJpc3MiOiJiN...
  Attempt 1/3: Downloading from https://api.media.atlassian.com/file/c267c586-cc1c-4919-8fb7-732051203189/binary?token=eyJhbGciOiJIUzI1NiJ9.eyJpc3MiOiJiN...
  ✅ Downloaded 1368019 bytes successfully
   ✅ Successfully attached: Scheduled call(No Title).mp4 (verified in storage)
  Attached Scheduled call(No Title).mp4 to defect ISP-1451 (service_exists=true)
   [4/4] 📥 Downloading: Staff meeting(No Title).mp4 (0.98 MB)
  Attempt 1/3: Downloading from https://craftsilicon.atlassian.net/rest/api/3/attachment/content/121712...
  Following redirect 1/6 to: https://api.media.atlassian.com/file/73855f71-41bc-4a31-975c-1c8345f392d4/binary?token=eyJhbGciOiJIUzI1NiJ9.eyJpc3MiOiJiN...
  Attempt 1/3: Downloading from https://api.media.atlassian.com/file/73855f71-41bc-4a31-975c-1c8345f392d4/binary?token=eyJhbGciOiJIUzI1NiJ9.eyJpc3MiOiJiN...
  ✅ Downloaded 1023552 bytes successfully
   ✅ Successfully attached: Staff meeting(No Title).mp4 (verified in storage)
  Attached Staff meeting(No Title).mp4 to defect ISP-1451 (service_exists=true)

📊 Attachment Summary for ISP-1451:
   ✅ Uploaded: 4
   ⏭️  Skipped: 0
   ❌ Failed: 0

[LABEL] Processing 1 label(s) for ISP-1451
[LABEL-MATCH] Found existing label 'QA' (stored as 'qa') -> f66526ba-6a94-47b5-8239-f9fae5aa2248
[LABEL-ATTACH] Successfully attached label 'qa' (ID: f66526ba-6a94-47b5-8239-f9fae5aa2248) to ISP-1451
[LABEL] Completed processing labels for ISP-1451. Total attached: 1
[COMMENTS] Importing 2 comment(s) for ISP-1451...
[USER-MATCH] Matched 'Mureithi Maina' by parsed first+last: Mureithi Maina -> 48b6b96d-6b97-44ef-b692-40a2ad9d967e
[RICH-TEXT] Comment 1 contains: color
[IMPORT] Added rich text comment by Mureithi Maina to ISP-1451 (id=2c9d4131-be3e-4c13-bb5b-22833b6b4a7e, length=65)
[USER-MATCH] Matched 'Wilberforce Wakhungu' by parsed first+last: wilberforce Wakhungu -> 03c960cf-9cd1-41dc-8a6b-669843030d52
[IMPORT] Added rich text comment by Wilberforce Wakhungu to ISP-1451 (id=a2d4f282-55d2-4353-a0f5-b2142b9db10d, length=207)
[DESCRIPTION-VALIDATE] ISP-1451: new_len=495, existing_len=531
[DESCRIPTION-UPDATE] ISP-1451: Updated description (495 chars)
  Previous: <div class="trix-content">
  <p><strong>Repro steps</strong></p>
<p><strong>Actual results</strong></...
  Updated: <p><strong>Repro steps</strong></p>
<p><strong>Actual results</strong></p>
<p><strong>Expected result...
Processing issue 348/439: ISP-1450
[DEBUG-LABELS] Total labels found for ISP-1450: 1
[USER-MATCH] Matched 'Wilberforce Wakhungu' by parsed first+last: wilberforce Wakhungu -> 03c960cf-9cd1-41dc-8a6b-669843030d52
[USER-MATCH] Matched 'Mureithi Maina' by parsed first+last: Mureithi Maina -> 48b6b96d-6b97-44ef-b692-40a2ad9d967e
[STATUS-MATCH] Matched status 'Awaiting Build' by name: Awaiting Build -> bf46baa0-8c97-4afe-a65a-a300e43d70e6
[BANKING-MATCH] Found existing banking type 'ERP' -> d9a45733-9624-42c2-afcc-888ce998dbbe
📥 DOWNLOADING ISSUE-LEVEL ATTACHMENTS FOR ISP-1450
   Total files: 2 (5.63 MB)

   [1/2] 📥 Downloading: Ticket(Failed QA).mp4 (4.34 MB)
  Attempt 1/3: Downloading from https://craftsilicon.atlassian.net/rest/api/3/attachment/content/122695...
  Following redirect 1/6 to: https://api.media.atlassian.com/file/562964b2-edc7-452c-99ce-e3d6cef24062/binary?token=eyJhbGciOiJIUzI1NiJ9.eyJpc3MiOiJiN...
  Attempt 1/3: Downloading from https://api.media.atlassian.com/file/562964b2-edc7-452c-99ce-e3d6cef24062/binary?token=eyJhbGciOiJIUzI1NiJ9.eyJpc3MiOiJiN...
  ✅ Downloaded 4548342 bytes successfully
   ✅ Successfully attached: Ticket(Failed QA).mp4 (verified in storage)
  Attached Ticket(Failed QA).mp4 to defect ISP-1450 (service_exists=true)
   [2/2] 📥 Downloading: Tickets(Assignee name).mp4 (1.29 MB)
  Attempt 1/3: Downloading from https://craftsilicon.atlassian.net/rest/api/3/attachment/content/121701...
  Following redirect 1/6 to: https://api.media.atlassian.com/file/1a29e49b-30b6-42e7-ba6e-f5528df7ae2f/binary?token=eyJhbGciOiJIUzI1NiJ9.eyJpc3MiOiJiN...
  Attempt 1/3: Downloading from https://api.media.atlassian.com/file/1a29e49b-30b6-42e7-ba6e-f5528df7ae2f/binary?token=eyJhbGciOiJIUzI1NiJ9.eyJpc3MiOiJiN...
  ✅ Downloaded 1352936 bytes successfully
   ✅ Successfully attached: Tickets(Assignee name).mp4 (verified in storage)
  Attached Tickets(Assignee name).mp4 to defect ISP-1450 (service_exists=true)

📊 Attachment Summary for ISP-1450:
   ✅ Uploaded: 2
   ⏭️  Skipped: 0
   ❌ Failed: 0

[LABEL] Processing 1 label(s) for ISP-1450
[LABEL-MATCH] Found existing label 'QA' (stored as 'qa') -> f66526ba-6a94-47b5-8239-f9fae5aa2248
[LABEL-ATTACH] Successfully attached label 'qa' (ID: f66526ba-6a94-47b5-8239-f9fae5aa2248) to ISP-1450
[LABEL] Completed processing labels for ISP-1450. Total attached: 1
[COMMENTS] Importing 2 comment(s) for ISP-1450...
[USER-MATCH] Matched 'Mureithi Maina' by parsed first+last: Mureithi Maina -> 48b6b96d-6b97-44ef-b692-40a2ad9d967e
[RICH-TEXT] Comment 1 contains: color
[IMPORT] Added rich text comment by Mureithi Maina to ISP-1450 (id=f20010f8-bae1-4db4-ac6b-6f18e059c270, length=65)
[USER-MATCH] Matched 'Wilberforce Wakhungu' by parsed first+last: wilberforce Wakhungu -> 03c960cf-9cd1-41dc-8a6b-669843030d52
[IMPORT] Added rich text comment by Wilberforce Wakhungu to ISP-1450 (id=35821c45-ad45-42e1-bb52-04003aabc63f, length=163)
[DESCRIPTION-VALIDATE] ISP-1450: new_len=255, existing_len=291
[DESCRIPTION-UPDATE] ISP-1450: Updated description (255 chars)
  Previous: <div class="trix-content">
  <p><strong>Repro steps</strong></p>
<p><strong>Actual results</strong></...
  Updated: <p><strong>Repro steps</strong></p>
<p><strong>Actual results</strong></p>
<p>The name of the Assigne...
Processing issue 349/439: ISP-1449
[DEBUG-LABELS] Total labels found for ISP-1449: 1
[USER-MATCH] Matched 'Wilberforce Wakhungu' by parsed first+last: wilberforce Wakhungu -> 03c960cf-9cd1-41dc-8a6b-669843030d52
[USER-MATCH] Matched 'Wilberforce Wakhungu' by parsed first+last: wilberforce Wakhungu -> 03c960cf-9cd1-41dc-8a6b-669843030d52
[STATUS-MATCH] Matched status 'Closed' by name: Closed -> 8c60b5b6-b9e9-405d-8d7d-d672cb9b23f1
[BANKING-MATCH] Found existing banking type 'ERP' -> d9a45733-9624-42c2-afcc-888ce998dbbe
📥 DOWNLOADING ISSUE-LEVEL ATTACHMENTS FOR ISP-1449
   Total files: 3 (2.85 MB)

   [1/3] 📥 Downloading: Board(Notifications).mp4 (0.72 MB)
  Attempt 1/3: Downloading from https://craftsilicon.atlassian.net/rest/api/3/attachment/content/121699...
  Following redirect 1/6 to: https://api.media.atlassian.com/file/6715a414-95ba-49a1-8d25-c192cf88dc31/binary?token=eyJhbGciOiJIUzI1NiJ9.eyJpc3MiOiJiN...
  Attempt 1/3: Downloading from https://api.media.atlassian.com/file/6715a414-95ba-49a1-8d25-c192cf88dc31/binary?token=eyJhbGciOiJIUzI1NiJ9.eyJpc3MiOiJiN...
  ✅ Downloaded 756817 bytes successfully
   ✅ Successfully attached: Board(Notifications).mp4 (verified in storage)
  Attached Board(Notifications).mp4 to defect ISP-1449 (service_exists=true)
   [2/3] 📥 Downloading: image-20251105-083140.png (0.03 MB)
  Attempt 1/3: Downloading from https://craftsilicon.atlassian.net/rest/api/3/attachment/content/128313...
  Following redirect 1/6 to: https://api.media.atlassian.com/file/21f75725-ed5f-44a4-b05c-2045992d49c0/binary?token=eyJhbGciOiJIUzI1NiJ9.eyJpc3MiOiJiN...
  Attempt 1/3: Downloading from https://api.media.atlassian.com/file/21f75725-ed5f-44a4-b05c-2045992d49c0/binary?token=eyJhbGciOiJIUzI1NiJ9.eyJpc3MiOiJiN...
  ✅ Downloaded 31441 bytes successfully
   ✅ Successfully attached: image-20251105-083140.png (verified in storage)
  Attached image-20251105-083140.png to defect ISP-1449 (service_exists=true)
   [3/3] 📥 Downloading: pass-isp-1449.mp4 (2.1 MB)
  Attempt 1/3: Downloading from https://craftsilicon.atlassian.net/rest/api/3/attachment/content/128326...
  Following redirect 1/6 to: https://api.media.atlassian.com/file/8e72e81e-68ed-4e5f-bada-d0755c7997a3/binary?token=eyJhbGciOiJIUzI1NiJ9.eyJpc3MiOiJiN...
  Attempt 1/3: Downloading from https://api.media.atlassian.com/file/8e72e81e-68ed-4e5f-bada-d0755c7997a3/binary?token=eyJhbGciOiJIUzI1NiJ9.eyJpc3MiOiJiN...
  ✅ Downloaded 2199717 bytes successfully
   ✅ Successfully attached: pass-isp-1449.mp4 (verified in storage)
  Attached pass-isp-1449.mp4 to defect ISP-1449 (service_exists=true)

📊 Attachment Summary for ISP-1449:
   ✅ Uploaded: 3
   ⏭️  Skipped: 0
   ❌ Failed: 0

[LABEL] Processing 1 label(s) for ISP-1449
[LABEL-MATCH] Found existing label 'QA' (stored as 'qa') -> f66526ba-6a94-47b5-8239-f9fae5aa2248
[LABEL-ATTACH] Successfully attached label 'qa' (ID: f66526ba-6a94-47b5-8239-f9fae5aa2248) to ISP-1449
[LABEL] Completed processing labels for ISP-1449. Total attached: 1
[COMMENTS] Importing 5 comment(s) for ISP-1449...
[USER-MATCH] Matched 'Mureithi Maina' by parsed first+last: Mureithi Maina -> 48b6b96d-6b97-44ef-b692-40a2ad9d967e
[IMPORT] Added rich text comment by Mureithi Maina to ISP-1449 (id=8dfe1d4e-5afd-4125-a754-4448b3b79d4f, length=99)
[USER-MATCH] Matched 'Daniel Mbugua' by parsed first+last: Daniel Mbugua -> 6715b9f3-0d67-4dc0-b8c7-dd0cc9e3740a
[IMPORT] Added rich text comment by Daniel Mbugua to ISP-1449 (id=3bf5c650-6579-402f-8d8b-b49b0b5b5bf6, length=107)
[USER-MATCH] Matched 'archana.verma' by parsed first+last: archana verma -> 7b5370b5-abcd-4ad2-908b-1791ca40d9c9
[IMPORT] Added rich text comment by archana.verma to ISP-1449 (id=4d0209dc-54e7-44bc-b25a-52ea8aa07197, length=155)
[USER-MATCH] Matched 'Robert Mbugua Kanyoro' by email: robert.mbugua@craftsilicon.com -> fb1e0a05-f047-4e22-a52b-b9b1fe4b4358
[IMPORT] Added rich text comment by Robert Mbugua Kanyoro to ISP-1449 (id=613831d0-3892-43a8-a762-39962466b22e, length=14)
[USER-MATCH] Matched 'Wilberforce Wakhungu' by parsed first+last: wilberforce Wakhungu -> 03c960cf-9cd1-41dc-8a6b-669843030d52
[RICH-TEXT] Comment 5 contains: color
[IMPORT] Added rich text comment by Wilberforce Wakhungu to ISP-1449 (id=03968936-38ae-495b-9d1e-4323a2141853, length=203)
[DESCRIPTION-VALIDATE] ISP-1449: new_len=370, existing_len=406
[DESCRIPTION-UPDATE] ISP-1449: Updated description (370 chars)
  Previous: <div class="trix-content">
  <p><strong>Repro steps</strong></p>
<p><strong>Actual results</strong></...
  Updated: <p><strong>Repro steps</strong></p>
<p><strong>Actual results</strong></p>
<p>On clicking ‘send messa...
Processing issue 350/439: ISP-1448
[DEBUG-LABELS] Total labels found for ISP-1448: 1
[USER-MATCH] Matched 'Wilberforce Wakhungu' by parsed first+last: wilberforce Wakhungu -> 03c960cf-9cd1-41dc-8a6b-669843030d52
[USER-MATCH] Matched 'Mureithi Maina' by parsed first+last: Mureithi Maina -> 48b6b96d-6b97-44ef-b692-40a2ad9d967e
[STATUS-MATCH] Matched status 'To Do' by name: TO DO -> 26ce9725-f948-4e26-8bfd-5e353e685e59
[BANKING-MATCH] Found existing banking type 'ERP' -> d9a45733-9624-42c2-afcc-888ce998dbbe
📥 DOWNLOADING ISSUE-LEVEL ATTACHMENTS FOR ISP-1448
   Total files: 4 (14.88 MB)

   [1/4] 📥 Downloading: Failed-ISP-1448.mp4 (9.14 MB)
  Attempt 1/3: Downloading from https://craftsilicon.atlassian.net/rest/api/3/attachment/content/128546...
  Following redirect 1/6 to: https://api.media.atlassian.com/file/1b5077a4-af27-4b8d-8f0a-1e1015057ec8/binary?token=eyJhbGciOiJIUzI1NiJ9.eyJpc3MiOiJiN...
  Attempt 1/3: Downloading from https://api.media.atlassian.com/file/1b5077a4-af27-4b8d-8f0a-1e1015057ec8/binary?token=eyJhbGciOiJIUzI1NiJ9.eyJpc3MiOiJiN...
  ✅ Downloaded 9580019 bytes successfully
   ✅ Successfully attached: Failed-ISP-1448.mp4 (verified in storage)
  Attached Failed-ISP-1448.mp4 to defect ISP-1448 (service_exists=true)
   [2/4] 📥 Downloading: Leads(Unreachable & reschedule).mp4 (2.2 MB)
  Attempt 1/3: Downloading from https://craftsilicon.atlassian.net/rest/api/3/attachment/content/121696...
  Following redirect 1/6 to: https://api.media.atlassian.com/file/56cac8d8-a1a6-4b47-a8a2-a40c2c378f56/binary?token=eyJhbGciOiJIUzI1NiJ9.eyJpc3MiOiJiN...
  Attempt 1/3: Downloading from https://api.media.atlassian.com/file/56cac8d8-a1a6-4b47-a8a2-a40c2c378f56/binary?token=eyJhbGciOiJIUzI1NiJ9.eyJpc3MiOiJiN...
  ✅ Downloaded 2304091 bytes successfully
   ✅ Successfully attached: Leads(Unreachable & reschedule).mp4 (verified in storage)
  Attached Leads(Unreachable & reschedule).mp4 to defect ISP-1448 (service_exists=true)
   [3/4] 📥 Downloading: Scheduled meeting.mp4 (2.51 MB)
  Attempt 1/3: Downloading from https://craftsilicon.atlassian.net/rest/api/3/attachment/content/122791...
  Following redirect 1/6 to: https://api.media.atlassian.com/file/eb0f1f42-2ac8-4bed-856a-5a6c3bae8104/binary?token=eyJhbGciOiJIUzI1NiJ9.eyJpc3MiOiJiN...
  Attempt 1/3: Downloading from https://api.media.atlassian.com/file/eb0f1f42-2ac8-4bed-856a-5a6c3bae8104/binary?token=eyJhbGciOiJIUzI1NiJ9.eyJpc3MiOiJiN...
  ✅ Downloaded 2629998 bytes successfully
   ✅ Successfully attached: Scheduled meeting.mp4 (verified in storage)
  Attached Scheduled meeting.mp4 to defect ISP-1448 (service_exists=true)
   [4/4] 📥 Downloading: Scheduled meeting(Unreachable).mp4 (1.04 MB)
  Attempt 1/3: Downloading from https://craftsilicon.atlassian.net/rest/api/3/attachment/content/122790...
  Following redirect 1/6 to: https://api.media.atlassian.com/file/72363758-a18a-44ff-a8c6-c30de325248e/binary?token=eyJhbGciOiJIUzI1NiJ9.eyJpc3MiOiJiN...
  Attempt 1/3: Downloading from https://api.media.atlassian.com/file/72363758-a18a-44ff-a8c6-c30de325248e/binary?token=eyJhbGciOiJIUzI1NiJ9.eyJpc3MiOiJiN...
  ✅ Downloaded 1086297 bytes successfully
   ✅ Successfully attached: Scheduled meeting(Unreachable).mp4 (verified in storage)
  Attached Scheduled meeting(Unreachable).mp4 to defect ISP-1448 (service_exists=true)

📊 Attachment Summary for ISP-1448:
   ✅ Uploaded: 4
   ⏭️  Skipped: 0
   ❌ Failed: 0

[LABEL] Processing 1 label(s) for ISP-1448
[LABEL-MATCH] Found existing label 'QA' (stored as 'qa') -> f66526ba-6a94-47b5-8239-f9fae5aa2248
[LABEL-ATTACH] Successfully attached label 'qa' (ID: f66526ba-6a94-47b5-8239-f9fae5aa2248) to ISP-1448
[LABEL] Completed processing labels for ISP-1448. Total attached: 1
[COMMENTS] Importing 5 comment(s) for ISP-1448...
[USER-MATCH] Matched 'Mureithi Maina' by parsed first+last: Mureithi Maina -> 48b6b96d-6b97-44ef-b692-40a2ad9d967e
[SKIP] Empty comment at index 0 for ISP-1448
[USER-MATCH] Matched 'Daniel Mbugua' by parsed first+last: Daniel Mbugua -> 6715b9f3-0d67-4dc0-b8c7-dd0cc9e3740a
[IMPORT] Added rich text comment by Daniel Mbugua to ISP-1448 (id=221dc107-c368-40be-92fc-41cedca59d28, length=81)
[USER-MATCH] Matched 'Wilberforce Wakhungu' by parsed first+last: wilberforce Wakhungu -> 03c960cf-9cd1-41dc-8a6b-669843030d52
[RICH-TEXT] Comment 3 contains: color
[IMPORT] Added rich text comment by Wilberforce Wakhungu to ISP-1448 (id=c36f3b4f-6ad1-4ebe-838d-e8be5c57952f, length=841)
[USER-MATCH] Matched 'Mureithi Maina' by parsed first+last: Mureithi Maina -> 48b6b96d-6b97-44ef-b692-40a2ad9d967e
[IMPORT] Added rich text comment by Mureithi Maina to ISP-1448 (id=ae05f839-fc50-440e-aad7-c104fefde85e, length=42)
[USER-MATCH] Matched 'Wilberforce Wakhungu' by parsed first+last: wilberforce Wakhungu -> 03c960cf-9cd1-41dc-8a6b-669843030d52
[RICH-TEXT] Comment 5 contains: color
[IMPORT] Added rich text comment by Wilberforce Wakhungu to ISP-1448 (id=ad4476fa-c336-4521-a4b0-37423c4aa62e, length=890)
[DESCRIPTION-VALIDATE] ISP-1448: new_len=231, existing_len=267
[DESCRIPTION-UPDATE] ISP-1448: Updated description (231 chars)
  Previous: <div class="trix-content">
  <p><strong>Repro steps</strong></p>
<p><strong>Actual results</strong></...
  Updated: <p><strong>Repro steps</strong></p>
<p><strong>Actual results</strong></p>
<p><strong>Expected result...
Processing issue 351/439: ISP-1447
[DEBUG-LABELS] Total labels found for ISP-1447: 1
[USER-MATCH] Matched 'Wilberforce Wakhungu' by parsed first+last: wilberforce Wakhungu -> 03c960cf-9cd1-41dc-8a6b-669843030d52
[USER-MATCH] Matched 'Wilberforce Wakhungu' by parsed first+last: wilberforce Wakhungu -> 03c960cf-9cd1-41dc-8a6b-669843030d52
[STATUS-MATCH] Matched status 'Closed' by name: Closed -> 8c60b5b6-b9e9-405d-8d7d-d672cb9b23f1
[BANKING-MATCH] Found existing banking type 'ERP' -> d9a45733-9624-42c2-afcc-888ce998dbbe
📥 DOWNLOADING ISSUE-LEVEL ATTACHMENTS FOR ISP-1447
   Total files: 6 (16.43 MB)

   [1/6] 📥 Downloading: Clients(Longer emails).mp4 (0.45 MB)
  Attempt 1/3: Downloading from https://craftsilicon.atlassian.net/rest/api/3/attachment/content/121694...
  Following redirect 1/6 to: https://api.media.atlassian.com/file/6f91eb5a-bba9-498a-8a34-bd5b935413b0/binary?token=eyJhbGciOiJIUzI1NiJ9.eyJpc3MiOiJiN...
  Attempt 1/3: Downloading from https://api.media.atlassian.com/file/6f91eb5a-bba9-498a-8a34-bd5b935413b0/binary?token=eyJhbGciOiJIUzI1NiJ9.eyJpc3MiOiJiN...
  ✅ Downloaded 472033 bytes successfully
   ✅ Successfully attached: Clients(Longer emails).mp4 (verified in storage)
  Attached Clients(Longer emails).mp4 to defect ISP-1447 (service_exists=true)
   [2/6] 📥 Downloading: image-20251107-075516.png (0.17 MB)
  Attempt 1/3: Downloading from https://craftsilicon.atlassian.net/rest/api/3/attachment/content/128460...
  Following redirect 1/6 to: https://api.media.atlassian.com/file/bb2ee03d-4937-4ee8-9928-a258a405f6f1/binary?token=eyJhbGciOiJIUzI1NiJ9.eyJpc3MiOiJiN...
  Attempt 1/3: Downloading from https://api.media.atlassian.com/file/bb2ee03d-4937-4ee8-9928-a258a405f6f1/binary?token=eyJhbGciOiJIUzI1NiJ9.eyJpc3MiOiJiN...
  ✅ Downloaded 174457 bytes successfully
   ✅ Successfully attached: image-20251107-075516.png (verified in storage)
  Attached image-20251107-075516.png to defect ISP-1447 (service_exists=true)
   [3/6] 📥 Downloading: image-20251107-075645.png (0.16 MB)
  Attempt 1/3: Downloading from https://craftsilicon.atlassian.net/rest/api/3/attachment/content/128461...
  Following redirect 1/6 to: https://api.media.atlassian.com/file/094f0453-7073-48a6-9f20-b005816a3cb4/binary?token=eyJhbGciOiJIUzI1NiJ9.eyJpc3MiOiJiN...
  Attempt 1/3: Downloading from https://api.media.atlassian.com/file/094f0453-7073-48a6-9f20-b005816a3cb4/binary?token=eyJhbGciOiJIUzI1NiJ9.eyJpc3MiOiJiN...
  ✅ Downloaded 165301 bytes successfully
   ✅ Successfully attached: image-20251107-075645.png (verified in storage)
  Attached image-20251107-075645.png to defect ISP-1447 (service_exists=true)
   [4/6] 📥 Downloading: Leads(email ID).mp4 (1.32 MB)
  Attempt 1/3: Downloading from https://craftsilicon.atlassian.net/rest/api/3/attachment/content/122706...
  Following redirect 1/6 to: https://api.media.atlassian.com/file/82d551af-db7c-4f66-8381-363cb67dc070/binary?token=eyJhbGciOiJIUzI1NiJ9.eyJpc3MiOiJiN...
  Attempt 1/3: Downloading from https://api.media.atlassian.com/file/82d551af-db7c-4f66-8381-363cb67dc070/binary?token=eyJhbGciOiJIUzI1NiJ9.eyJpc3MiOiJiN...
  ✅ Downloaded 1385942 bytes successfully
   ✅ Successfully attached: Leads(email ID).mp4 (verified in storage)
  Attached Leads(email ID).mp4 to defect ISP-1447 (service_exists=true)
   [5/6] 📥 Downloading: Leads(Long emails).mp4 (0.48 MB)
  Attempt 1/3: Downloading from https://craftsilicon.atlassian.net/rest/api/3/attachment/content/121693...
  Following redirect 1/6 to: https://api.media.atlassian.com/file/ff34ad0e-2902-4b36-bb51-6fc73f6010e6/binary?token=eyJhbGciOiJIUzI1NiJ9.eyJpc3MiOiJiN...
  Attempt 1/3: Downloading from https://api.media.atlassian.com/file/ff34ad0e-2902-4b36-bb51-6fc73f6010e6/binary?token=eyJhbGciOiJIUzI1NiJ9.eyJpc3MiOiJiN...
  ✅ Downloaded 498523 bytes successfully
   ✅ Successfully attached: Leads(Long emails).mp4 (verified in storage)
  Attached Leads(Long emails).mp4 to defect ISP-1447 (service_exists=true)
   [6/6] 📥 Downloading: Pass-ISP-1447.mp4 (13.86 MB)
  Attempt 1/3: Downloading from https://craftsilicon.atlassian.net/rest/api/3/attachment/content/128479...
  Following redirect 1/6 to: https://api.media.atlassian.com/file/a4ed2614-0194-4b56-9f74-1fb5afe6fc3f/binary?token=eyJhbGciOiJIUzI1NiJ9.eyJpc3MiOiJiN...
  Attempt 1/3: Downloading from https://api.media.atlassian.com/file/a4ed2614-0194-4b56-9f74-1fb5afe6fc3f/binary?token=eyJhbGciOiJIUzI1NiJ9.eyJpc3MiOiJiN...
  📊 Downloaded 10.0/13.86 MB...
  ✅ Downloaded 14532711 bytes successfully
   ✅ Successfully attached: Pass-ISP-1447.mp4 (verified in storage)
  Attached Pass-ISP-1447.mp4 to defect ISP-1447 (service_exists=true)

📊 Attachment Summary for ISP-1447:
   ✅ Uploaded: 6
   ⏭️  Skipped: 0
   ❌ Failed: 0

[LABEL] Processing 1 label(s) for ISP-1447
[LABEL-MATCH] Found existing label 'QA' (stored as 'qa') -> f66526ba-6a94-47b5-8239-f9fae5aa2248
[LABEL-ATTACH] Successfully attached label 'qa' (ID: f66526ba-6a94-47b5-8239-f9fae5aa2248) to ISP-1447
[LABEL] Completed processing labels for ISP-1447. Total attached: 1
[COMMENTS] Importing 7 comment(s) for ISP-1447...
[USER-MATCH] Matched 'Mureithi Maina' by parsed first+last: Mureithi Maina -> 48b6b96d-6b97-44ef-b692-40a2ad9d967e
[RICH-TEXT] Comment 1 contains: color
[IMPORT] Added rich text comment by Mureithi Maina to ISP-1447 (id=80002aa9-db85-4d31-b4e7-d611b013d454, length=65)
[USER-MATCH] Matched 'Daniel Mbugua' by parsed first+last: Daniel Mbugua -> 6715b9f3-0d67-4dc0-b8c7-dd0cc9e3740a
[IMPORT] Added rich text comment by Daniel Mbugua to ISP-1447 (id=ccf2e77e-5723-4f55-be3e-2f86c3713fa4, length=22)
[USER-MATCH] Matched 'Daniel Mbugua' by parsed first+last: Daniel Mbugua -> 6715b9f3-0d67-4dc0-b8c7-dd0cc9e3740a
[IMPORT] Added rich text comment by Daniel Mbugua to ISP-1447 (id=a0d69d2d-aaee-46c9-8bfd-d8ce2d5f1f2b, length=102)
[USER-MATCH] Matched 'Wilberforce Wakhungu' by parsed first+last: wilberforce Wakhungu -> 03c960cf-9cd1-41dc-8a6b-669843030d52
[RICH-TEXT] Comment 4 contains: color
[IMPORT] Added rich text comment by Wilberforce Wakhungu to ISP-1447 (id=a147df8d-49b1-42e4-9b63-79ea54d1ad7b, length=469)
[USER-MATCH] Matched 'Mureithi Maina' by parsed first+last: Mureithi Maina -> 48b6b96d-6b97-44ef-b692-40a2ad9d967e
[IMPORT] Added rich text comment by Mureithi Maina to ISP-1447 (id=cb8bd014-2093-46c0-945a-bd1be89c42b7, length=28)
[USER-MATCH] Matched 'Mureithi Maina' by parsed first+last: Mureithi Maina -> 48b6b96d-6b97-44ef-b692-40a2ad9d967e
[IMPORT] Added rich text comment by Mureithi Maina to ISP-1447 (id=1925dff5-95fd-465f-8c75-6be3188251f2, length=45)
[USER-MATCH] Matched 'Wilberforce Wakhungu' by parsed first+last: wilberforce Wakhungu -> 03c960cf-9cd1-41dc-8a6b-669843030d52
[RICH-TEXT] Comment 7 contains: color
[IMPORT] Added rich text comment by Wilberforce Wakhungu to ISP-1447 (id=8f371430-16ae-42aa-a012-966e89f0aa59, length=559)
[DESCRIPTION-VALIDATE] ISP-1447: new_len=334, existing_len=370
[DESCRIPTION-UPDATE] ISP-1447: Updated description (334 chars)
  Previous: <div class="trix-content">
  <p><strong>Repro steps</strong></p>
<p><strong>Actual results</strong></...
  Updated: <p><strong>Repro steps</strong></p>
<p><strong>Actual results</strong></p>
<p>The email ID is display...
Processing issue 352/439: ISP-1446
[DEBUG-LABELS] Total labels found for ISP-1446: 1
[USER-MATCH] Matched 'Wilberforce Wakhungu' by parsed first+last: wilberforce Wakhungu -> 03c960cf-9cd1-41dc-8a6b-669843030d52
[USER-MATCH] Matched 'Mureithi Maina' by parsed first+last: Mureithi Maina -> 48b6b96d-6b97-44ef-b692-40a2ad9d967e
[STATUS-MATCH] Matched status 'Awaiting Build' by name: Awaiting Build -> bf46baa0-8c97-4afe-a65a-a300e43d70e6
[BANKING-MATCH] Found existing banking type 'ERP' -> d9a45733-9624-42c2-afcc-888ce998dbbe
📥 DOWNLOADING ISSUE-LEVEL ATTACHMENTS FOR ISP-1446
   Total files: 3 (3.24 MB)

   [1/3] 📥 Downloading: emails(Status).mp4 (1.16 MB)
  Attempt 1/3: Downloading from https://craftsilicon.atlassian.net/rest/api/3/attachment/content/122792...
  Following redirect 1/6 to: https://api.media.atlassian.com/file/02119831-1a1c-4c70-8623-8dfebb361fdf/binary?token=eyJhbGciOiJIUzI1NiJ9.eyJpc3MiOiJiN...
  Attempt 1/3: Downloading from https://api.media.atlassian.com/file/02119831-1a1c-4c70-8623-8dfebb361fdf/binary?token=eyJhbGciOiJIUzI1NiJ9.eyJpc3MiOiJiN...
  ✅ Downloaded 1212229 bytes successfully
   ✅ Successfully attached: emails(Status).mp4 (verified in storage)
  Attached emails(Status).mp4 to defect ISP-1446 (service_exists=true)
   [2/3] 📥 Downloading: Leads(Emails unresponsive).mp4 (1.19 MB)
  Attempt 1/3: Downloading from https://craftsilicon.atlassian.net/rest/api/3/attachment/content/121689...
  Following redirect 1/6 to: https://api.media.atlassian.com/file/db9919c1-b99e-4996-b903-ff5dd627061a/binary?token=eyJhbGciOiJIUzI1NiJ9.eyJpc3MiOiJiN...
  Attempt 1/3: Downloading from https://api.media.atlassian.com/file/db9919c1-b99e-4996-b903-ff5dd627061a/binary?token=eyJhbGciOiJIUzI1NiJ9.eyJpc3MiOiJiN...
  ✅ Downloaded 1244685 bytes successfully
   ✅ Successfully attached: Leads(Emails unresponsive).mp4 (verified in storage)
  Attached Leads(Emails unresponsive).mp4 to defect ISP-1446 (service_exists=true)
   [3/3] 📥 Downloading: Reference video(Messages).mp4 (0.9 MB)
  Attempt 1/3: Downloading from https://craftsilicon.atlassian.net/rest/api/3/attachment/content/121690...
  Following redirect 1/6 to: https://api.media.atlassian.com/file/ddaa0a68-88ad-47c5-a216-0c45c353887d/binary?token=eyJhbGciOiJIUzI1NiJ9.eyJpc3MiOiJiN...
  Attempt 1/3: Downloading from https://api.media.atlassian.com/file/ddaa0a68-88ad-47c5-a216-0c45c353887d/binary?token=eyJhbGciOiJIUzI1NiJ9.eyJpc3MiOiJiN...
  ✅ Downloaded 941867 bytes successfully
   ✅ Successfully attached: Reference video(Messages).mp4 (verified in storage)
  Attached Reference video(Messages).mp4 to defect ISP-1446 (service_exists=true)

📊 Attachment Summary for ISP-1446:
   ✅ Uploaded: 3
   ⏭️  Skipped: 0
   ❌ Failed: 0

[LABEL] Processing 1 label(s) for ISP-1446
[LABEL-MATCH] Found existing label 'QA' (stored as 'qa') -> f66526ba-6a94-47b5-8239-f9fae5aa2248
[LABEL-ATTACH] Successfully attached label 'qa' (ID: f66526ba-6a94-47b5-8239-f9fae5aa2248) to ISP-1446
[LABEL] Completed processing labels for ISP-1446. Total attached: 1
[COMMENTS] Importing 2 comment(s) for ISP-1446...
[USER-MATCH] Matched 'Mureithi Maina' by parsed first+last: Mureithi Maina -> 48b6b96d-6b97-44ef-b692-40a2ad9d967e
[RICH-TEXT] Comment 1 contains: color
[IMPORT] Added rich text comment by Mureithi Maina to ISP-1446 (id=95ddac24-f69f-480b-b738-7c72ec544385, length=127)
[USER-MATCH] Matched 'Wilberforce Wakhungu' by parsed first+last: wilberforce Wakhungu -> 03c960cf-9cd1-41dc-8a6b-669843030d52
[RICH-TEXT] Comment 2 contains: color
[IMPORT] Added rich text comment by Wilberforce Wakhungu to ISP-1446 (id=364697fb-d5ce-4ea5-aa92-fce408d59780, length=378)
[DESCRIPTION-VALIDATE] ISP-1446: new_len=425, existing_len=461
[DESCRIPTION-UPDATE] ISP-1446: Updated description (425 chars)
  Previous: <div class="trix-content">
  <p><strong>Repro steps</strong></p>
<p><strong>Actual results</strong></...
  Updated: <p><strong>Repro steps</strong></p>
<p><strong>Actual results</strong></p>
<p>Details of the sent ema...
Processing issue 353/439: ISP-1445
[DEBUG-LABELS] Total labels found for ISP-1445: 1
[USER-FALLBACK] Using default user for 'Stephen Mungai' -> b3613172-fc54-4742-b2ba-c10b97d15bf4
[USER-FALLBACK] Using default user for 'Stephen Mungai' -> b3613172-fc54-4742-b2ba-c10b97d15bf4
[STATUS-MATCH] Matched status 'Closed' by name: Closed -> 8c60b5b6-b9e9-405d-8d7d-d672cb9b23f1
[BANKING-MATCH] Found existing banking type 'ERP' -> d9a45733-9624-42c2-afcc-888ce998dbbe
📥 DOWNLOADING ISSUE-LEVEL ATTACHMENTS FOR ISP-1445
   Total files: 3 (5.69 MB)

   [1/3] 📥 Downloading: marketing Plan Error from right side panel.mp4 (1.59 MB)
  Attempt 1/3: Downloading from https://craftsilicon.atlassian.net/rest/api/3/attachment/content/121686...
  Following redirect 1/6 to: https://api.media.atlassian.com/file/77174a06-ef4e-44bb-84ba-285da013e9fb/binary?token=eyJhbGciOiJIUzI1NiJ9.eyJpc3MiOiJiN...
  Attempt 1/3: Downloading from https://api.media.atlassian.com/file/77174a06-ef4e-44bb-84ba-285da013e9fb/binary?token=eyJhbGciOiJIUzI1NiJ9.eyJpc3MiOiJiN...
  ✅ Downloaded 1670127 bytes successfully
   ✅ Successfully attached: marketing Plan Error from right side panel.mp4 (verified in storage)
  Attached marketing Plan Error from right side panel.mp4 to defect ISP-1445 (service_exists=true)
   [2/3] 📥 Downloading: Retest 1445 Pass  (1).mp4 (3.06 MB)
  Attempt 1/3: Downloading from https://craftsilicon.atlassian.net/rest/api/3/attachment/content/122699...
  Following redirect 1/6 to: https://api.media.atlassian.com/file/5dd851d7-188d-405c-98eb-05cb66104876/binary?token=eyJhbGciOiJIUzI1NiJ9.eyJpc3MiOiJiN...
  Attempt 1/3: Downloading from https://api.media.atlassian.com/file/5dd851d7-188d-405c-98eb-05cb66104876/binary?token=eyJhbGciOiJIUzI1NiJ9.eyJpc3MiOiJiN...
  ✅ Downloaded 3209851 bytes successfully
   ✅ Successfully attached: Retest 1445 Pass  (1).mp4 (verified in storage)
  Attached Retest 1445 Pass  (1).mp4 to defect ISP-1445 (service_exists=true)
   [3/3] 📥 Downloading: Retest 1445 Pass CEO  (1).mp4 (1.03 MB)
  Attempt 1/3: Downloading from https://craftsilicon.atlassian.net/rest/api/3/attachment/content/122698...
  Following redirect 1/6 to: https://api.media.atlassian.com/file/87ef80e1-1cd6-4998-9e3b-d585d49a1cd7/binary?token=eyJhbGciOiJIUzI1NiJ9.eyJpc3MiOiJiN...
  Attempt 1/3: Downloading from https://api.media.atlassian.com/file/87ef80e1-1cd6-4998-9e3b-d585d49a1cd7/binary?token=eyJhbGciOiJIUzI1NiJ9.eyJpc3MiOiJiN...
  ✅ Downloaded 1083714 bytes successfully
   ✅ Successfully attached: Retest 1445 Pass CEO  (1).mp4 (verified in storage)
  Attached Retest 1445 Pass CEO  (1).mp4 to defect ISP-1445 (service_exists=true)

📊 Attachment Summary for ISP-1445:
   ✅ Uploaded: 3
   ⏭️  Skipped: 0
   ❌ Failed: 0

[LABEL] Processing 1 label(s) for ISP-1445
[LABEL-MATCH] Found existing label 'QA' (stored as 'qa') -> f66526ba-6a94-47b5-8239-f9fae5aa2248
[LABEL-ATTACH] Successfully attached label 'qa' (ID: f66526ba-6a94-47b5-8239-f9fae5aa2248) to ISP-1445
[LABEL] Completed processing labels for ISP-1445. Total attached: 1
[COMMENTS] Importing 4 comment(s) for ISP-1445...
[USER-MATCH] Matched 'Mureithi Maina' by parsed first+last: Mureithi Maina -> 48b6b96d-6b97-44ef-b692-40a2ad9d967e
[RICH-TEXT] Comment 1 contains: color
[IMPORT] Added rich text comment by Mureithi Maina to ISP-1445 (id=dfdd6315-78b1-4750-8872-b23e06516008, length=65)
[USER-MATCH] Matched 'Daniel Mbugua' by parsed first+last: Daniel Mbugua -> 6715b9f3-0d67-4dc0-b8c7-dd0cc9e3740a
[IMPORT] Added rich text comment by Daniel Mbugua to ISP-1445 (id=6cee5f8d-5ff3-4d94-8cec-98621a686ed2, length=43)
[USER-MATCH] Matched 'Daniel Mbugua' by parsed first+last: Daniel Mbugua -> 6715b9f3-0d67-4dc0-b8c7-dd0cc9e3740a
[IMPORT] Added rich text comment by Daniel Mbugua to ISP-1445 (id=0f256dc0-11d4-451f-ae22-f3081562d02b, length=70)
[USER-FALLBACK] Using default user for 'Stephen Mungai' -> b3613172-fc54-4742-b2ba-c10b97d15bf4
[IMPORT] Added rich text comment by Stephen Mungai to ISP-1445 (id=9a821fa2-ac57-4a39-bf17-29c10dd36854, length=180)
[DESCRIPTION-VALIDATE] ISP-1445: new_len=495, existing_len=536
[DESCRIPTION-UPDATE] ISP-1445: Updated description (495 chars)
  Previous: <div class="trix-content">
  <p><strong>&nbsp;Repro Steps</strong></p>
<p><strong>Actual results-</st...
  Updated: <p><strong> Repro Steps</strong></p>
<p><strong>Actual results-</strong></p>
<p>The summary sidebar o...
Processing issue 354/439: ISP-1444
[DEBUG-LABELS] Total labels found for ISP-1444: 1
[USER-FALLBACK] Using default user for 'Stephen Mungai' -> b3613172-fc54-4742-b2ba-c10b97d15bf4
[USER-MATCH] Matched 'Mureithi Maina' by parsed first+last: Mureithi Maina -> 48b6b96d-6b97-44ef-b692-40a2ad9d967e
[STATUS-MATCH] Matched status 'Failed-QA' by normalized name: Failed QA -> 42911275-9770-4690-9c7d-9f71e090f491
[BANKING-MATCH] Found existing banking type 'ERP' -> d9a45733-9624-42c2-afcc-888ce998dbbe
📥 DOWNLOADING ISSUE-LEVEL ATTACHMENTS FOR ISP-1444
   Total files: 5 (11.25 MB)

   [1/5] 📥 Downloading: Branch-details-Error.mp4 (2.37 MB)
  Attempt 1/3: Downloading from https://craftsilicon.atlassian.net/rest/api/3/attachment/content/121684...
  Following redirect 1/6 to: https://api.media.atlassian.com/file/23a478c6-0401-4eed-8293-d6699bee3363/binary?token=eyJhbGciOiJIUzI1NiJ9.eyJpc3MiOiJiN...
  Attempt 1/3: Downloading from https://api.media.atlassian.com/file/23a478c6-0401-4eed-8293-d6699bee3363/binary?token=eyJhbGciOiJIUzI1NiJ9.eyJpc3MiOiJiN...
  ✅ Downloaded 2488099 bytes successfully
   ✅ Successfully attached: Branch-details-Error.mp4 (verified in storage)
  Attached Branch-details-Error.mp4 to defect ISP-1444 (service_exists=true)
   [2/5] 📥 Downloading: Retest ISP-1444 Fail Global Planner.mp4 (2.54 MB)
  Attempt 1/3: Downloading from https://craftsilicon.atlassian.net/rest/api/3/attachment/content/128509...
  Following redirect 1/6 to: https://api.media.atlassian.com/file/6203ade1-2b52-4fec-abd0-e7bebb3d0df9/binary?token=eyJhbGciOiJIUzI1NiJ9.eyJpc3MiOiJiN...
  Attempt 1/3: Downloading from https://api.media.atlassian.com/file/6203ade1-2b52-4fec-abd0-e7bebb3d0df9/binary?token=eyJhbGciOiJIUzI1NiJ9.eyJpc3MiOiJiN...
  ✅ Downloaded 2658910 bytes successfully
   ✅ Successfully attached: Retest ISP-1444 Fail Global Planner.mp4 (verified in storage)
  Attached Retest ISP-1444 Fail Global Planner.mp4 to defect ISP-1444 (service_exists=true)
   [3/5] 📥 Downloading: Retest ISP-1444 Pass (Dodoma Branch).mp4 (2.04 MB)
  Attempt 1/3: Downloading from https://craftsilicon.atlassian.net/rest/api/3/attachment/content/128506...
  Following redirect 1/6 to: https://api.media.atlassian.com/file/86146e2f-daed-41cf-a167-1c4d98405a06/binary?token=eyJhbGciOiJIUzI1NiJ9.eyJpc3MiOiJiN...
  Attempt 1/3: Downloading from https://api.media.atlassian.com/file/86146e2f-daed-41cf-a167-1c4d98405a06/binary?token=eyJhbGciOiJIUzI1NiJ9.eyJpc3MiOiJiN...
  ✅ Downloaded 2143426 bytes successfully
   ✅ Successfully attached: Retest ISP-1444 Pass (Dodoma Branch).mp4 (verified in storage)
  Attached Retest ISP-1444 Pass (Dodoma Branch).mp4 to defect ISP-1444 (service_exists=true)
   [4/5] 📥 Downloading: Retest ISP-1444 Pass (Moshi Branch).mp4 (2.49 MB)
  Attempt 1/3: Downloading from https://craftsilicon.atlassian.net/rest/api/3/attachment/content/128508...
  Following redirect 1/6 to: https://api.media.atlassian.com/file/6b284151-fbc6-4c9d-800b-384ff6a0d9db/binary?token=eyJhbGciOiJIUzI1NiJ9.eyJpc3MiOiJiN...
  Attempt 1/3: Downloading from https://api.media.atlassian.com/file/6b284151-fbc6-4c9d-800b-384ff6a0d9db/binary?token=eyJhbGciOiJIUzI1NiJ9.eyJpc3MiOiJiN...
  ✅ Downloaded 2610440 bytes successfully
   ✅ Successfully attached: Retest ISP-1444 Pass (Moshi Branch).mp4 (verified in storage)
  Attached Retest ISP-1444 Pass (Moshi Branch).mp4 to defect ISP-1444 (service_exists=true)
   [5/5] 📥 Downloading: Retest ISP-1444 Pass (Moshi Branch) (2).mp4 (1.8 MB)
  Attempt 1/3: Downloading from https://craftsilicon.atlassian.net/rest/api/3/attachment/content/128507...
  Following redirect 1/6 to: https://api.media.atlassian.com/file/0264dc34-a24f-4a98-b15c-c068710665f7/binary?token=eyJhbGciOiJIUzI1NiJ9.eyJpc3MiOiJiN...
  Attempt 1/3: Downloading from https://api.media.atlassian.com/file/0264dc34-a24f-4a98-b15c-c068710665f7/binary?token=eyJhbGciOiJIUzI1NiJ9.eyJpc3MiOiJiN...
  ✅ Downloaded 1892418 bytes successfully
   ✅ Successfully attached: Retest ISP-1444 Pass (Moshi Branch) (2).mp4 (verified in storage)
  Attached Retest ISP-1444 Pass (Moshi Branch) (2).mp4 to defect ISP-1444 (service_exists=true)

📊 Attachment Summary for ISP-1444:
   ✅ Uploaded: 5
   ⏭️  Skipped: 0
   ❌ Failed: 0

[LABEL] Processing 1 label(s) for ISP-1444
[LABEL-MATCH] Found existing label 'QA' (stored as 'qa') -> f66526ba-6a94-47b5-8239-f9fae5aa2248
[LABEL-ATTACH] Successfully attached label 'qa' (ID: f66526ba-6a94-47b5-8239-f9fae5aa2248) to ISP-1444
[LABEL] Completed processing labels for ISP-1444. Total attached: 1
[COMMENTS] Importing 3 comment(s) for ISP-1444...
[USER-MATCH] Matched 'Mureithi Maina' by parsed first+last: Mureithi Maina -> 48b6b96d-6b97-44ef-b692-40a2ad9d967e
[RICH-TEXT] Comment 1 contains: color
[IMPORT] Added rich text comment by Mureithi Maina to ISP-1444 (id=d675f221-ba1d-48e1-98be-77356e3df856, length=65)
[USER-MATCH] Matched 'Mureithi Maina' by parsed first+last: Mureithi Maina -> 48b6b96d-6b97-44ef-b692-40a2ad9d967e
[IMPORT] Added rich text comment by Mureithi Maina to ISP-1444 (id=675874c2-5714-49f7-a3b8-d58c8f42814e, length=79)
[USER-FALLBACK] Using default user for 'Stephen Mungai' -> b3613172-fc54-4742-b2ba-c10b97d15bf4
[IMPORT] Added rich text comment by Stephen Mungai to ISP-1444 (id=86463115-c3ce-4222-8e5e-614e9a6c1c8d, length=64)
[DESCRIPTION-VALIDATE] ISP-1444: new_len=115, existing_len=151
[DESCRIPTION-UPDATE] ISP-1444: Updated description (115 chars)
  Previous: <div class="trix-content">
  <p><strong>Repro Steps</strong></p>
<p><strong>Actual Results</strong></...
  Updated: <p><strong>Repro Steps</strong></p>
<p><strong>Actual Results</strong></p>
<p><strong>Expected result...
Processing issue 355/439: ISP-1443
[DEBUG-LABELS] Total labels found for ISP-1443: 1
[USER-MATCH] Matched 'gideon' by single name: gideon gideon -> a2f6fdcb-6a66-4ace-992b-0f3cd5e9cc53
[USER-MATCH] Matched 'gideon' by single name: gideon gideon -> a2f6fdcb-6a66-4ace-992b-0f3cd5e9cc53
[STATUS-MATCH] Matched status 'Closed' by name: Closed -> 8c60b5b6-b9e9-405d-8d7d-d672cb9b23f1
[BANKING-MATCH] Found existing banking type 'ERP' -> d9a45733-9624-42c2-afcc-888ce998dbbe
📥 DOWNLOADING ISSUE-LEVEL ATTACHMENTS FOR ISP-1443
   Total files: 2 (5.02 MB)

   [1/2] 📥 Downloading: CRM-mailbox-system-is-not-displaying-emails-sent-to-imarisha-craftsilico_9NWDNShG.mp4 (1.49 MB)
  Attempt 1/3: Downloading from https://craftsilicon.atlassian.net/rest/api/3/attachment/content/121682...
  Following redirect 1/6 to: https://api.media.atlassian.com/file/5be1f8de-1a49-4892-bffd-a45208681542/binary?token=eyJhbGciOiJIUzI1NiJ9.eyJpc3MiOiJiN...
  Attempt 1/3: Downloading from https://api.media.atlassian.com/file/5be1f8de-1a49-4892-bffd-a45208681542/binary?token=eyJhbGciOiJIUzI1NiJ9.eyJpc3MiOiJiN...
  ✅ Downloaded 1562251 bytes successfully
   ✅ Successfully attached: CRM-mailbox-system-is-not-displaying-emails-sent-to-imarisha-craftsilico_9NWDNShG.mp4 (verified in storage)
  Attached CRM-mailbox-system-is-not-displaying-emails-sent-to-imarisha-craftsilico_9NWDNShG.mp4 to defect ISP-1443 (service_exists=true)
   [2/2] 📥 Downloading: issue-no-1443-is-a-pass-system-is-senting-a-mail-to-erp-craftsiliconcom-and-its_9pVYhUvV.mp4 (3.53 MB)
  Attempt 1/3: Downloading from https://craftsilicon.atlassian.net/rest/api/3/attachment/content/128514...
  Following redirect 1/6 to: https://api.media.atlassian.com/file/be87df55-cd00-4385-976e-66573fef38f5/binary?token=eyJhbGciOiJIUzI1NiJ9.eyJpc3MiOiJiN...
  Attempt 1/3: Downloading from https://api.media.atlassian.com/file/be87df55-cd00-4385-976e-66573fef38f5/binary?token=eyJhbGciOiJIUzI1NiJ9.eyJpc3MiOiJiN...
  ✅ Downloaded 3705914 bytes successfully
   ✅ Successfully attached: issue-no-1443-is-a-pass-system-is-senting-a-mail-to-erp-craftsiliconcom-and-its_9pVYhUvV.mp4 (verified in storage)
  Attached issue-no-1443-is-a-pass-system-is-senting-a-mail-to-erp-craftsiliconcom-and-its_9pVYhUvV.mp4 to defect ISP-1443 (service_exists=true)

📊 Attachment Summary for ISP-1443:
   ✅ Uploaded: 2
   ⏭️  Skipped: 0
   ❌ Failed: 0

[LABEL] Processing 1 label(s) for ISP-1443
[LABEL-MATCH] Found existing label 'QA' (stored as 'qa') -> f66526ba-6a94-47b5-8239-f9fae5aa2248
[LABEL-ATTACH] Successfully attached label 'qa' (ID: f66526ba-6a94-47b5-8239-f9fae5aa2248) to ISP-1443
[LABEL] Completed processing labels for ISP-1443. Total attached: 1
[COMMENTS] Importing 2 comment(s) for ISP-1443...
[USER-MATCH] Matched 'Mureithi Maina' by parsed first+last: Mureithi Maina -> 48b6b96d-6b97-44ef-b692-40a2ad9d967e
[IMPORT] Added rich text comment by Mureithi Maina to ISP-1443 (id=0e99f528-46ed-4148-9ecb-dde50487820c, length=82)
[USER-MATCH] Matched 'gideon' by single name: gideon gideon -> a2f6fdcb-6a66-4ace-992b-0f3cd5e9cc53
[IMPORT] Added rich text comment by gideon to ISP-1443 (id=3d75114a-bd9e-4551-b9f8-b6e6049d5a28, length=241)
[DESCRIPTION-VALIDATE] ISP-1443: new_len=566, existing_len=632
[DESCRIPTION-UPDATE] ISP-1443: Updated description (566 chars)
  Previous: <div class="trix-content">
  <p><strong>Repro Steps</strong></p>
<p>From another source, send an emai...
  Updated: <p><strong>Repro Steps</strong></p>
<p>From another source, send an email to the address, <a href="ma...
Processing issue 356/439: ISP-1442
[DEBUG-LABELS] Total labels found for ISP-1442: 1
[USER-FALLBACK] Using default user for 'Stephen Mungai' -> b3613172-fc54-4742-b2ba-c10b97d15bf4
[USER-FALLBACK] Using default user for 'Stephen Mungai' -> b3613172-fc54-4742-b2ba-c10b97d15bf4
[STATUS-MATCH] Matched status 'Closed' by name: Closed -> 8c60b5b6-b9e9-405d-8d7d-d672cb9b23f1
[BANKING-MATCH] Found existing banking type 'ERP' -> d9a45733-9624-42c2-afcc-888ce998dbbe
📥 DOWNLOADING ISSUE-LEVEL ATTACHMENTS FOR ISP-1442
   Total files: 6 (10.53 MB)

   [1/6] 📥 Downloading: image-20251105-083011.png (0.04 MB)
  Attempt 1/3: Downloading from https://craftsilicon.atlassian.net/rest/api/3/attachment/content/128312...
  Following redirect 1/6 to: https://api.media.atlassian.com/file/fb1e4223-382b-46c5-920e-d9fbbc5035ac/binary?token=eyJhbGciOiJIUzI1NiJ9.eyJpc3MiOiJiN...
  Attempt 1/3: Downloading from https://api.media.atlassian.com/file/fb1e4223-382b-46c5-920e-d9fbbc5035ac/binary?token=eyJhbGciOiJIUzI1NiJ9.eyJpc3MiOiJiN...
  ✅ Downloaded 43340 bytes successfully
   ✅ Successfully attached: image-20251105-083011.png (verified in storage)
  Attached image-20251105-083011.png to defect ISP-1442 (service_exists=true)
   [2/6] 📥 Downloading: Retest ISP-1442 Fail.mp4 (2.66 MB)
  Attempt 1/3: Downloading from https://craftsilicon.atlassian.net/rest/api/3/attachment/content/128375...
  Following redirect 1/6 to: https://api.media.atlassian.com/file/00f468f3-d047-4518-aafa-aa84f7cbfa20/binary?token=eyJhbGciOiJIUzI1NiJ9.eyJpc3MiOiJiN...
  Attempt 1/3: Downloading from https://api.media.atlassian.com/file/00f468f3-d047-4518-aafa-aa84f7cbfa20/binary?token=eyJhbGciOiJIUzI1NiJ9.eyJpc3MiOiJiN...
  ✅ Downloaded 2787029 bytes successfully
   ✅ Successfully attached: Retest ISP-1442 Fail.mp4 (verified in storage)
  Attached Retest ISP-1442 Fail.mp4 to defect ISP-1442 (service_exists=true)
   [3/6] 📥 Downloading: Retest ISP-1442 Pass (Marketing Officer Dodoma).mp4 (2.6 MB)
  Attempt 1/3: Downloading from https://craftsilicon.atlassian.net/rest/api/3/attachment/content/128480...
  Following redirect 1/6 to: https://api.media.atlassian.com/file/ee59c45b-26df-422d-b65e-94b5e3fc4c0e/binary?token=eyJhbGciOiJIUzI1NiJ9.eyJpc3MiOiJiN...
  Attempt 1/3: Downloading from https://api.media.atlassian.com/file/ee59c45b-26df-422d-b65e-94b5e3fc4c0e/binary?token=eyJhbGciOiJIUzI1NiJ9.eyJpc3MiOiJiN...
  ✅ Downloaded 2731261 bytes successfully
   ✅ Successfully attached: Retest ISP-1442 Pass (Marketing Officer Dodoma).mp4 (verified in storage)
  Attached Retest ISP-1442 Pass (Marketing Officer Dodoma).mp4 to defect ISP-1442 (service_exists=true)
   [4/6] 📥 Downloading: Retest ISP-1442 Pass (Marketing Officer Moshi Branch).mp4 (3.15 MB)
  Attempt 1/3: Downloading from https://craftsilicon.atlassian.net/rest/api/3/attachment/content/128481...
  Following redirect 1/6 to: https://api.media.atlassian.com/file/6be32da0-e919-4132-956c-7ffce047f1cf/binary?token=eyJhbGciOiJIUzI1NiJ9.eyJpc3MiOiJiN...
  Attempt 1/3: Downloading from https://api.media.atlassian.com/file/6be32da0-e919-4132-956c-7ffce047f1cf/binary?token=eyJhbGciOiJIUzI1NiJ9.eyJpc3MiOiJiN...
  ✅ Downloaded 3301131 bytes successfully
   ✅ Successfully attached: Retest ISP-1442 Pass (Marketing Officer Moshi Branch).mp4 (verified in storage)
  Attached Retest ISP-1442 Pass (Marketing Officer Moshi Branch).mp4 to defect ISP-1442 (service_exists=true)
   [5/6] 📥 Downloading: Submitting Marketing Plan Branch Manager 26th June.mp4 (1.64 MB)
  Attempt 1/3: Downloading from https://craftsilicon.atlassian.net/rest/api/3/attachment/content/121670...
  Following redirect 1/6 to: https://api.media.atlassian.com/file/814ad67a-265b-4799-a55a-697b94f3d67a/binary?token=eyJhbGciOiJIUzI1NiJ9.eyJpc3MiOiJiN...
  Attempt 1/3: Downloading from https://api.media.atlassian.com/file/814ad67a-265b-4799-a55a-697b94f3d67a/binary?token=eyJhbGciOiJIUzI1NiJ9.eyJpc3MiOiJiN...
  ✅ Downloaded 1719683 bytes successfully
   ✅ Successfully attached: Submitting Marketing Plan Branch Manager 26th June.mp4 (verified in storage)
  Attached Submitting Marketing Plan Branch Manager 26th June.mp4 to defect ISP-1442 (service_exists=true)
   [6/6] 📥 Downloading: Submitting Marketing plan Marketing Officer 26th June.mp4 (0.44 MB)
  Attempt 1/3: Downloading from https://craftsilicon.atlassian.net/rest/api/3/attachment/content/121669...
  Following redirect 1/6 to: https://api.media.atlassian.com/file/8947a263-a390-4ca7-9dcd-88d99e37e3ad/binary?token=eyJhbGciOiJIUzI1NiJ9.eyJpc3MiOiJiN...
  Attempt 1/3: Downloading from https://api.media.atlassian.com/file/8947a263-a390-4ca7-9dcd-88d99e37e3ad/binary?token=eyJhbGciOiJIUzI1NiJ9.eyJpc3MiOiJiN...
  ✅ Downloaded 461705 bytes successfully
   ✅ Successfully attached: Submitting Marketing plan Marketing Officer 26th June.mp4 (verified in storage)
  Attached Submitting Marketing plan Marketing Officer 26th June.mp4 to defect ISP-1442 (service_exists=true)

📊 Attachment Summary for ISP-1442:
   ✅ Uploaded: 6
   ⏭️  Skipped: 0
   ❌ Failed: 0

[LABEL] Processing 1 label(s) for ISP-1442
[LABEL-MATCH] Found existing label 'QA' (stored as 'qa') -> f66526ba-6a94-47b5-8239-f9fae5aa2248
[LABEL-ATTACH] Successfully attached label 'qa' (ID: f66526ba-6a94-47b5-8239-f9fae5aa2248) to ISP-1442
[LABEL] Completed processing labels for ISP-1442. Total attached: 1
[COMMENTS] Importing 6 comment(s) for ISP-1442...
[USER-MATCH] Matched 'Mureithi Maina' by parsed first+last: Mureithi Maina -> 48b6b96d-6b97-44ef-b692-40a2ad9d967e
[IMPORT] Added rich text comment by Mureithi Maina to ISP-1442 (id=45b8dc7f-2ee2-4535-9df8-7e085ca3c25d, length=87)
[USER-MATCH] Matched 'archana.verma' by parsed first+last: archana verma -> 7b5370b5-abcd-4ad2-908b-1791ca40d9c9
[IMPORT] Added rich text comment by archana.verma to ISP-1442 (id=3ebdd8a9-706d-451e-9537-89bdef7b2f57, length=155)
[USER-MATCH] Matched 'Robert Mbugua Kanyoro' by email: robert.mbugua@craftsilicon.com -> fb1e0a05-f047-4e22-a52b-b9b1fe4b4358
[IMPORT] Added rich text comment by Robert Mbugua Kanyoro to ISP-1442 (id=7891890e-7a16-4a45-83a6-91f94704204a, length=13)
[USER-FALLBACK] Using default user for 'Stephen Mungai' -> b3613172-fc54-4742-b2ba-c10b97d15bf4
[IMPORT] Added rich text comment by Stephen Mungai to ISP-1442 (id=e8e12057-030e-492d-aa70-27c339dcffc2, length=250)
[USER-MATCH] Matched 'Mureithi Maina' by parsed first+last: Mureithi Maina -> 48b6b96d-6b97-44ef-b692-40a2ad9d967e
[IMPORT] Added rich text comment by Mureithi Maina to ISP-1442 (id=201220b4-87f3-41ed-a03b-b668aa5c406e, length=78)
[USER-FALLBACK] Using default user for 'Stephen Mungai' -> b3613172-fc54-4742-b2ba-c10b97d15bf4
[IMPORT] Added rich text comment by Stephen Mungai to ISP-1442 (id=e488ba7b-aae4-40ee-bf65-63fbf6eeaaa1, length=312)
[DESCRIPTION-VALIDATE] ISP-1442: new_len=540, existing_len=581
[DESCRIPTION-UPDATE] ISP-1442: Updated description (540 chars)
  Previous: <div class="trix-content">
  <p><strong>Repro Steps</strong></p>
<p><strong>Actual Results-</strong><...
  Updated: <p><strong>Repro Steps</strong></p>
<p><strong>Actual Results-</strong></p>
<p>System displays an err...
Processing issue 357/439: ISP-1441
[DEBUG-LABELS] Total labels found for ISP-1441: 1
[USER-MATCH] Matched 'Wilberforce Wakhungu' by parsed first+last: wilberforce Wakhungu -> 03c960cf-9cd1-41dc-8a6b-669843030d52
[USER-MATCH] Matched 'Wilberforce Wakhungu' by parsed first+last: wilberforce Wakhungu -> 03c960cf-9cd1-41dc-8a6b-669843030d52
[STATUS-MATCH] Matched status 'Closed' by name: Closed -> 8c60b5b6-b9e9-405d-8d7d-d672cb9b23f1
[BANKING-MATCH] Found existing banking type 'ERP' -> d9a45733-9624-42c2-afcc-888ce998dbbe
📥 DOWNLOADING ISSUE-LEVEL ATTACHMENTS FOR ISP-1441
   Total files: 2 (7.49 MB)

   [1/2] 📥 Downloading: Board(Search).mp4 (3.69 MB)
  Attempt 1/3: Downloading from https://craftsilicon.atlassian.net/rest/api/3/attachment/content/121617...
  Following redirect 1/6 to: https://api.media.atlassian.com/file/5e979596-5f43-4916-a868-9aaed299a638/binary?token=eyJhbGciOiJIUzI1NiJ9.eyJpc3MiOiJiN...
  Attempt 1/3: Downloading from https://api.media.atlassian.com/file/5e979596-5f43-4916-a868-9aaed299a638/binary?token=eyJhbGciOiJIUzI1NiJ9.eyJpc3MiOiJiN...
  ✅ Downloaded 3867230 bytes successfully
   ✅ Successfully attached: Board(Search).mp4 (verified in storage)
  Attached Board(Search).mp4 to defect ISP-1441 (service_exists=true)
   [2/2] 📥 Downloading: Boards(search retest2).mp4 (3.8 MB)
  Attempt 1/3: Downloading from https://craftsilicon.atlassian.net/rest/api/3/attachment/content/122770...
  Following redirect 1/6 to: https://api.media.atlassian.com/file/ac494be6-24c0-4f0f-82b2-085d06ec0e04/binary?token=eyJhbGciOiJIUzI1NiJ9.eyJpc3MiOiJiN...
  Attempt 1/3: Downloading from https://api.media.atlassian.com/file/ac494be6-24c0-4f0f-82b2-085d06ec0e04/binary?token=eyJhbGciOiJIUzI1NiJ9.eyJpc3MiOiJiN...
  ✅ Downloaded 3989213 bytes successfully
   ✅ Successfully attached: Boards(search retest2).mp4 (verified in storage)
  Attached Boards(search retest2).mp4 to defect ISP-1441 (service_exists=true)

📊 Attachment Summary for ISP-1441:
   ✅ Uploaded: 2
   ⏭️  Skipped: 0
   ❌ Failed: 0

[LABEL] Processing 1 label(s) for ISP-1441
[LABEL-MATCH] Found existing label 'QA' (stored as 'qa') -> f66526ba-6a94-47b5-8239-f9fae5aa2248
[LABEL-ATTACH] Successfully attached label 'qa' (ID: f66526ba-6a94-47b5-8239-f9fae5aa2248) to ISP-1441
[LABEL] Completed processing labels for ISP-1441. Total attached: 1
[COMMENTS] Importing 4 comment(s) for ISP-1441...
[USER-MATCH] Matched 'Mureithi Maina' by parsed first+last: Mureithi Maina -> 48b6b96d-6b97-44ef-b692-40a2ad9d967e
[RICH-TEXT] Comment 1 contains: color
[IMPORT] Added rich text comment by Mureithi Maina to ISP-1441 (id=0d890082-eca6-43e9-841b-f0aab3a47ca8, length=65)
[USER-MATCH] Matched 'Daniel Mbugua' by parsed first+last: Daniel Mbugua -> 6715b9f3-0d67-4dc0-b8c7-dd0cc9e3740a
[IMPORT] Added rich text comment by Daniel Mbugua to ISP-1441 (id=34a09d26-b41b-43d3-a683-a20d04155cf3, length=43)
[USER-MATCH] Matched 'Daniel Mbugua' by parsed first+last: Daniel Mbugua -> 6715b9f3-0d67-4dc0-b8c7-dd0cc9e3740a
[IMPORT] Added rich text comment by Daniel Mbugua to ISP-1441 (id=54007da3-8c9f-4af5-9555-d83d9755f3ec, length=75)
[USER-MATCH] Matched 'Wilberforce Wakhungu' by parsed first+last: wilberforce Wakhungu -> 03c960cf-9cd1-41dc-8a6b-669843030d52
[IMPORT] Added rich text comment by Wilberforce Wakhungu to ISP-1441 (id=8fa085d2-02d2-4ce4-9348-20ec8fa2f2cd, length=205)
[DESCRIPTION-VALIDATE] ISP-1441: new_len=549, existing_len=585
[DESCRIPTION-UPDATE] ISP-1441: Updated description (549 chars)
  Previous: <div class="trix-content">
  <p><strong>Repro steps</strong></p>
<p><strong>Actual results</strong></...
  Updated: <p><strong>Repro steps</strong></p>
<p><strong>Actual results</strong></p>
<p>No search results are r...
Processing issue 358/439: ISP-1440
[DEBUG-LABELS] Total labels found for ISP-1440: 2
[USER-FALLBACK] Using default user for 'Stephen Mungai' -> b3613172-fc54-4742-b2ba-c10b97d15bf4
[USER-FALLBACK] Using default user for 'Stephen Mungai' -> b3613172-fc54-4742-b2ba-c10b97d15bf4
[STATUS-MATCH] Matched status 'Closed' by name: Closed -> 8c60b5b6-b9e9-405d-8d7d-d672cb9b23f1
[BANKING-MATCH] Found existing banking type 'ERP' -> d9a45733-9624-42c2-afcc-888ce998dbbe
📥 DOWNLOADING ISSUE-LEVEL ATTACHMENTS FOR ISP-1440
   Total files: 5 (13.25 MB)

   [1/5] 📥 Downloading: image-20251106-140701.png (0.44 MB)
  Attempt 1/3: Downloading from https://craftsilicon.atlassian.net/rest/api/3/attachment/content/128414...
  Following redirect 1/6 to: https://api.media.atlassian.com/file/72161a05-84ad-40ce-962d-59bd09299e84/binary?token=eyJhbGciOiJIUzI1NiJ9.eyJpc3MiOiJiN...
  Attempt 1/3: Downloading from https://api.media.atlassian.com/file/72161a05-84ad-40ce-962d-59bd09299e84/binary?token=eyJhbGciOiJIUzI1NiJ9.eyJpc3MiOiJiN...
  ✅ Downloaded 462458 bytes successfully
   ✅ Successfully attached: image-20251106-140701.png (verified in storage)
  Attached image-20251106-140701.png to defect ISP-1440 (service_exists=true)
   [2/5] 📥 Downloading: image-20251106-140723.png (0.18 MB)
  Attempt 1/3: Downloading from https://craftsilicon.atlassian.net/rest/api/3/attachment/content/128415...
  Following redirect 1/6 to: https://api.media.atlassian.com/file/8f6684ff-adbb-4c80-9967-ca14ea268fe5/binary?token=eyJhbGciOiJIUzI1NiJ9.eyJpc3MiOiJiN...
  Attempt 1/3: Downloading from https://api.media.atlassian.com/file/8f6684ff-adbb-4c80-9967-ca14ea268fe5/binary?token=eyJhbGciOiJIUzI1NiJ9.eyJpc3MiOiJiN...
  ✅ Downloaded 185593 bytes successfully
   ✅ Successfully attached: image-20251106-140723.png (verified in storage)
  Attached image-20251106-140723.png to defect ISP-1440 (service_exists=true)
   [3/5] 📥 Downloading: Incorrecct Configurations Integrations X- Servers encountered an error.mp4 (9.91 MB)
  Attempt 1/3: Downloading from https://craftsilicon.atlassian.net/rest/api/3/attachment/content/121615...
  Following redirect 1/6 to: https://api.media.atlassian.com/file/27f50111-e4a4-48fb-a00e-6eb9739e674e/binary?token=eyJhbGciOiJIUzI1NiJ9.eyJpc3MiOiJiN...
  Attempt 1/3: Downloading from https://api.media.atlassian.com/file/27f50111-e4a4-48fb-a00e-6eb9739e674e/binary?token=eyJhbGciOiJIUzI1NiJ9.eyJpc3MiOiJiN...
  ✅ Downloaded 10386349 bytes successfully
   ✅ Successfully attached: Incorrecct Configurations Integrations X- Servers encountered an error.mp4 (verified in storage)
  Attached Incorrecct Configurations Integrations X- Servers encountered an error.mp4 to defect ISP-1440 (service_exists=true)
   [4/5] 📥 Downloading: Integrations X- Servers encountered an error.mp4 (0.23 MB)
  Attempt 1/3: Downloading from https://craftsilicon.atlassian.net/rest/api/3/attachment/content/121614...
  Following redirect 1/6 to: https://api.media.atlassian.com/file/2da10cc1-56b4-4818-b6f3-c596c58137e0/binary?token=eyJhbGciOiJIUzI1NiJ9.eyJpc3MiOiJiN...
  Attempt 1/3: Downloading from https://api.media.atlassian.com/file/2da10cc1-56b4-4818-b6f3-c596c58137e0/binary?token=eyJhbGciOiJIUzI1NiJ9.eyJpc3MiOiJiN...
  ✅ Downloaded 241597 bytes successfully
   ✅ Successfully attached: Integrations X- Servers encountered an error.mp4 (verified in storage)
  Attached Integrations X- Servers encountered an error.mp4 to defect ISP-1440 (service_exists=true)
   [5/5] 📥 Downloading: Retest ISP-1440 Pass (Twitter Configurations).mp4 (2.49 MB)
  Attempt 1/3: Downloading from https://craftsilicon.atlassian.net/rest/api/3/attachment/content/128491...
  Following redirect 1/6 to: https://api.media.atlassian.com/file/0b32999a-1ad0-47c3-97f7-73fec1bf9619/binary?token=eyJhbGciOiJIUzI1NiJ9.eyJpc3MiOiJiN...
  Attempt 1/3: Downloading from https://api.media.atlassian.com/file/0b32999a-1ad0-47c3-97f7-73fec1bf9619/binary?token=eyJhbGciOiJIUzI1NiJ9.eyJpc3MiOiJiN...
  ✅ Downloaded 2615848 bytes successfully
   ✅ Successfully attached: Retest ISP-1440 Pass (Twitter Configurations).mp4 (verified in storage)
  Attached Retest ISP-1440 Pass (Twitter Configurations).mp4 to defect ISP-1440 (service_exists=true)

📊 Attachment Summary for ISP-1440:
   ✅ Uploaded: 5
   ⏭️  Skipped: 0
   ❌ Failed: 0

[LABEL] Processing 2 label(s) for ISP-1440
[LABEL-MATCH] Found existing label 'Blocker' (stored as 'blocker') -> 53446826-4aac-4ac5-bcac-9aadd9a0f375
[LABEL-ATTACH] Successfully attached label 'blocker' (ID: 53446826-4aac-4ac5-bcac-9aadd9a0f375) to ISP-1440
[LABEL-MATCH] Found existing label 'QA' (stored as 'qa') -> f66526ba-6a94-47b5-8239-f9fae5aa2248
[LABEL-ATTACH] Successfully attached label 'qa' (ID: f66526ba-6a94-47b5-8239-f9fae5aa2248) to ISP-1440
[LABEL] Completed processing labels for ISP-1440. Total attached: 2
[COMMENTS] Importing 5 comment(s) for ISP-1440...
[USER-MATCH] Matched 'archana.verma' by parsed first+last: archana verma -> 7b5370b5-abcd-4ad2-908b-1791ca40d9c9
[IMPORT] Added rich text comment by archana.verma to ISP-1440 (id=0c7ee30e-563c-4c7a-bd41-8f1d1ef91d6f, length=155)
[USER-MATCH] Matched 'Robert Mbugua Kanyoro' by email: robert.mbugua@craftsilicon.com -> fb1e0a05-f047-4e22-a52b-b9b1fe4b4358
[IMPORT] Added rich text comment by Robert Mbugua Kanyoro to ISP-1440 (id=3e5e7f8d-9980-4181-808a-8d77d25d5b4d, length=118)
[USER-MATCH] Matched 'Mureithi Maina' by parsed first+last: Mureithi Maina -> 48b6b96d-6b97-44ef-b692-40a2ad9d967e
[SKIP] Empty comment at index 2 for ISP-1440
[USER-MATCH] Matched 'Mureithi Maina' by parsed first+last: Mureithi Maina -> 48b6b96d-6b97-44ef-b692-40a2ad9d967e
[SKIP] Empty comment at index 3 for ISP-1440
[USER-FALLBACK] Using default user for 'Stephen Mungai' -> b3613172-fc54-4742-b2ba-c10b97d15bf4
[IMPORT] Added rich text comment by Stephen Mungai to ISP-1440 (id=2b0fb24a-4d43-4806-b086-c3d9c8f0070b, length=392)
[DESCRIPTION-VALIDATE] ISP-1440: new_len=397, existing_len=433
[DESCRIPTION-UPDATE] ISP-1440: Updated description (397 chars)
  Previous: <div class="trix-content">
  <p><strong>Repro Steps</strong></p>
<p><strong>Note: User’s IP address a...
  Updated: <p><strong>Repro Steps</strong></p>
<p><strong>Note: User’s IP address as well as the application IP ...
Processing issue 359/439: ISP-1439
[DEBUG-LABELS] Total labels found for ISP-1439: 1
[USER-MATCH] Matched 'archana.verma' by parsed first+last: archana verma -> 7b5370b5-abcd-4ad2-908b-1791ca40d9c9
[USER-MATCH] Matched 'Robert Mbugua Kanyoro' by email: robert.mbugua@craftsilicon.com -> fb1e0a05-f047-4e22-a52b-b9b1fe4b4358
[STATUS-MATCH] Matched status 'In Progress' by name: In Progress -> c805a0e9-73fc-4726-a1ab-d28b9a36469e
[BANKING-MATCH] Found existing banking type 'ERP' -> d9a45733-9624-42c2-afcc-888ce998dbbe
📥 DOWNLOADING ISSUE-LEVEL ATTACHMENTS FOR ISP-1439
   Total files: 1 (14.65 MB)

   [1/1] 📥 Downloading: ISP-1439, 1437, 1435, 1433, 1432, 1431-evaluations_TzS2sunI.mp4 (14.65 MB)
  Attempt 1/3: Downloading from https://craftsilicon.atlassian.net/rest/api/3/attachment/content/121611...
  Following redirect 1/6 to: https://api.media.atlassian.com/file/3461fec5-9dac-4ea7-ad22-3dadaf8c893c/binary?token=eyJhbGciOiJIUzI1NiJ9.eyJpc3MiOiJiN...
  Attempt 1/3: Downloading from https://api.media.atlassian.com/file/3461fec5-9dac-4ea7-ad22-3dadaf8c893c/binary?token=eyJhbGciOiJIUzI1NiJ9.eyJpc3MiOiJiN...
  📊 Downloaded 10.0/14.65 MB...
  ✅ Downloaded 15359655 bytes successfully
   ✅ Successfully attached: ISP-1439, 1437, 1435, 1433, 1432, 1431-evaluations_TzS2sunI.mp4 (verified in storage)
  Attached ISP-1439, 1437, 1435, 1433, 1432, 1431-evaluations_TzS2sunI.mp4 to defect ISP-1439 (service_exists=true)

📊 Attachment Summary for ISP-1439:
   ✅ Uploaded: 1
   ⏭️  Skipped: 0
   ❌ Failed: 0

[LABEL] Processing 1 label(s) for ISP-1439
[LABEL-MATCH] Found existing label 'QA' (stored as 'qa') -> f66526ba-6a94-47b5-8239-f9fae5aa2248
[LABEL-ATTACH] Successfully attached label 'qa' (ID: f66526ba-6a94-47b5-8239-f9fae5aa2248) to ISP-1439
[LABEL] Completed processing labels for ISP-1439. Total attached: 1
[COMMENTS] Importing 2 comment(s) for ISP-1439...
[USER-MATCH] Matched 'Edwin Luseno Amalemba' by parsed first+last (Edwin+Amalemba): Edwin Amalemba -> bb3df791-898f-4274-9814-14bb24a55c8b
[IMPORT] Added rich text comment by Edwin Luseno Amalemba to ISP-1439 (id=e2b56fdf-06b3-4008-b31e-b566a83122d3, length=129)
[USER-MATCH] Matched 'Daniel Mbugua' by parsed first+last: Daniel Mbugua -> 6715b9f3-0d67-4dc0-b8c7-dd0cc9e3740a
[IMPORT] Added rich text comment by Daniel Mbugua to ISP-1439 (id=3bac5da7-7ead-42a6-bb3a-7ca148ed2e63, length=100)
[DESCRIPTION-VALIDATE] ISP-1439: new_len=385, existing_len=421
[DESCRIPTION-UPDATE] ISP-1439: Updated description (385 chars)
  Previous: <div class="trix-content">
  <p><strong>Actual Result-</strong>No error is displayed. Application rem...
  Updated: <p><strong>Actual Result-</strong>No error is displayed. Application remains at the same page but all...
Processing issue 360/439: ISP-1438
[DEBUG-LABELS] Total labels found for ISP-1438: 1
[USER-FALLBACK] Using default user for 'Stephen Mungai' -> b3613172-fc54-4742-b2ba-c10b97d15bf4
[USER-MATCH] Matched 'Robert Mbugua Kanyoro' by email: robert.mbugua@craftsilicon.com -> fb1e0a05-f047-4e22-a52b-b9b1fe4b4358
[STATUS-MATCH] Matched status 'Failed-QA' by normalized name: Failed QA -> 42911275-9770-4690-9c7d-9f71e090f491
[BANKING-MATCH] Found existing banking type 'ERP' -> d9a45733-9624-42c2-afcc-888ce998dbbe
📥 DOWNLOADING ISSUE-LEVEL ATTACHMENTS FOR ISP-1438
   Total files: 4 (6.98 MB)

   [1/4] 📥 Downloading: image-20251106-141133.png (0.19 MB)
  Attempt 1/3: Downloading from https://craftsilicon.atlassian.net/rest/api/3/attachment/content/128416...
  Following redirect 1/6 to: https://api.media.atlassian.com/file/42004bad-c297-4e25-8cda-2139b852770d/binary?token=eyJhbGciOiJIUzI1NiJ9.eyJpc3MiOiJiN...
  Attempt 1/3: Downloading from https://api.media.atlassian.com/file/42004bad-c297-4e25-8cda-2139b852770d/binary?token=eyJhbGciOiJIUzI1NiJ9.eyJpc3MiOiJiN...
  ✅ Downloaded 196154 bytes successfully
   ✅ Successfully attached: image-20251106-141133.png (verified in storage)
  Attached image-20251106-141133.png to defect ISP-1438 (service_exists=true)
   [2/4] 📥 Downloading: Retest ISP-1438 Failed Scedule Post.mp4 (0.44 MB)
  Attempt 1/3: Downloading from https://craftsilicon.atlassian.net/rest/api/3/attachment/content/128516...
  Following redirect 1/6 to: https://api.media.atlassian.com/file/7ccf1466-af10-42b5-88aa-36b1d96ecb62/binary?token=eyJhbGciOiJIUzI1NiJ9.eyJpc3MiOiJiN...
  Attempt 1/3: Downloading from https://api.media.atlassian.com/file/7ccf1466-af10-42b5-88aa-36b1d96ecb62/binary?token=eyJhbGciOiJIUzI1NiJ9.eyJpc3MiOiJiN...
  ✅ Downloaded 466311 bytes successfully
   ✅ Successfully attached: Retest ISP-1438 Failed Scedule Post.mp4 (verified in storage)
  Attached Retest ISP-1438 Failed Scedule Post.mp4 to defect ISP-1438 (service_exists=true)
   [3/4] 📥 Downloading: Retest ISP-1438 Pass (Facebook Configuraton & Post).mp4 (3.84 MB)
  Attempt 1/3: Downloading from https://craftsilicon.atlassian.net/rest/api/3/attachment/content/128487...
  Following redirect 1/6 to: https://api.media.atlassian.com/file/da3d065b-9b8c-4f8f-aaeb-68adfd46a5a8/binary?token=eyJhbGciOiJIUzI1NiJ9.eyJpc3MiOiJiN...
  Attempt 1/3: Downloading from https://api.media.atlassian.com/file/da3d065b-9b8c-4f8f-aaeb-68adfd46a5a8/binary?token=eyJhbGciOiJIUzI1NiJ9.eyJpc3MiOiJiN...
  ✅ Downloaded 4024450 bytes successfully
   ✅ Successfully attached: Retest ISP-1438 Pass (Facebook Configuraton & Post).mp4 (verified in storage)
  Attached Retest ISP-1438 Pass (Facebook Configuraton & Post).mp4 to defect ISP-1438 (service_exists=true)
   [4/4] 📥 Downloading: Social Media Facebook Error.mp4 (2.51 MB)
  Attempt 1/3: Downloading from https://craftsilicon.atlassian.net/rest/api/3/attachment/content/121610...
  Following redirect 1/6 to: https://api.media.atlassian.com/file/53bdd165-3813-40f0-b83c-a58ac411ad79/binary?token=eyJhbGciOiJIUzI1NiJ9.eyJpc3MiOiJiN...
  Attempt 1/3: Downloading from https://api.media.atlassian.com/file/53bdd165-3813-40f0-b83c-a58ac411ad79/binary?token=eyJhbGciOiJIUzI1NiJ9.eyJpc3MiOiJiN...
  ✅ Downloaded 2627563 bytes successfully
   ✅ Successfully attached: Social Media Facebook Error.mp4 (verified in storage)
  Attached Social Media Facebook Error.mp4 to defect ISP-1438 (service_exists=true)

📊 Attachment Summary for ISP-1438:
   ✅ Uploaded: 4
   ⏭️  Skipped: 0
   ❌ Failed: 0

[LABEL] Processing 1 label(s) for ISP-1438
[LABEL-MATCH] Found existing label 'QA' (stored as 'qa') -> f66526ba-6a94-47b5-8239-f9fae5aa2248
[LABEL-ATTACH] Successfully attached label 'qa' (ID: f66526ba-6a94-47b5-8239-f9fae5aa2248) to ISP-1438
[LABEL] Completed processing labels for ISP-1438. Total attached: 1
[COMMENTS] Importing 6 comment(s) for ISP-1438...
[USER-MATCH] Matched 'archana.verma' by parsed first+last: archana verma -> 7b5370b5-abcd-4ad2-908b-1791ca40d9c9
[IMPORT] Added rich text comment by archana.verma to ISP-1438 (id=5c2c6665-9cd2-4e22-93e7-fefd2e27f8d9, length=155)
[USER-MATCH] Matched 'Robert Mbugua Kanyoro' by email: robert.mbugua@craftsilicon.com -> fb1e0a05-f047-4e22-a52b-b9b1fe4b4358
[IMPORT] Added rich text comment by Robert Mbugua Kanyoro to ISP-1438 (id=d4190fbd-0c4c-4bc7-9deb-b6391e64e8d3, length=118)
[USER-MATCH] Matched 'Mureithi Maina' by parsed first+last: Mureithi Maina -> 48b6b96d-6b97-44ef-b692-40a2ad9d967e
[IMPORT] Added rich text comment by Mureithi Maina to ISP-1438 (id=9b61567a-11fb-428c-a6b6-36e1990d02d4, length=150)
[USER-FALLBACK] Using default user for 'Stephen Mungai' -> b3613172-fc54-4742-b2ba-c10b97d15bf4
[RICH-TEXT] Comment 4 contains: color
[IMPORT] Added rich text comment by Stephen Mungai to ISP-1438 (id=633eee85-5d0c-4832-9b9d-2a2be05ec731, length=409)
[USER-MATCH] Matched 'Robert Mbugua Kanyoro' by email: robert.mbugua@craftsilicon.com -> fb1e0a05-f047-4e22-a52b-b9b1fe4b4358
[IMPORT] Added rich text comment by Robert Mbugua Kanyoro to ISP-1438 (id=5c99f6b5-f149-4401-9b24-a642a7d74812, length=108)
[USER-FALLBACK] Using default user for 'Stephen Mungai' -> b3613172-fc54-4742-b2ba-c10b97d15bf4
[IMPORT] Added rich text comment by Stephen Mungai to ISP-1438 (id=dc2f3c45-9538-4f2d-bdb4-0a04bea7eaf6, length=415)
[DESCRIPTION-VALIDATE] ISP-1438: new_len=618, existing_len=658
[DESCRIPTION-UPDATE] ISP-1438: Updated description (618 chars)
  Previous: <div class="trix-content">
  <p><strong>Repro Steps</strong></p>
<p><strong>Actual Results</strong></...
  Updated: <p><strong>Repro Steps</strong></p>
<p><strong>Actual Results</strong></p>
<p>The system displays a m...
Processing issue 361/439: ISP-1437
[DEBUG-LABELS] Total labels found for ISP-1437: 1
[USER-MATCH] Matched 'archana.verma' by parsed first+last: archana verma -> 7b5370b5-abcd-4ad2-908b-1791ca40d9c9
[USER-MATCH] Matched 'archana.verma' by parsed first+last: archana verma -> 7b5370b5-abcd-4ad2-908b-1791ca40d9c9
[STATUS-MATCH] Matched status 'Closed' by name: Closed -> 8c60b5b6-b9e9-405d-8d7d-d672cb9b23f1
[BANKING-MATCH] Found existing banking type 'ERP' -> d9a45733-9624-42c2-afcc-888ce998dbbe
📥 DOWNLOADING ISSUE-LEVEL ATTACHMENTS FOR ISP-1437
   Total files: 3 (43.54 MB)

   [1/3] 📥 Downloading: ISP-1437, 1435, 1433, 1432, 1431-evaluations_TzS2sunI.mp4 (14.65 MB)
  Attempt 1/3: Downloading from https://craftsilicon.atlassian.net/rest/api/3/attachment/content/121608...
  Following redirect 1/6 to: https://api.media.atlassian.com/file/cb5f820d-b4ca-4bd8-96a6-0e7f9376dd5e/binary?token=eyJhbGciOiJIUzI1NiJ9.eyJpc3MiOiJiN...
  Attempt 1/3: Downloading from https://api.media.atlassian.com/file/cb5f820d-b4ca-4bd8-96a6-0e7f9376dd5e/binary?token=eyJhbGciOiJIUzI1NiJ9.eyJpc3MiOiJiN...
  📊 Downloaded 10.0/14.65 MB...
  ✅ Downloaded 15359655 bytes successfully
   ✅ Successfully attached: ISP-1437, 1435, 1433, 1432, 1431-evaluations_TzS2sunI.mp4 (verified in storage)
  Attached ISP-1437, 1435, 1433, 1432, 1431-evaluations_TzS2sunI.mp4 to defect ISP-1437 (service_exists=true)
   [2/3] 📥 Downloading: Retest ISP-1437-Part2-Pass.mp4 (20.25 MB)
  Attempt 1/5: Downloading from https://craftsilicon.atlassian.net/rest/api/3/attachment/content/128880...
  Following redirect 1/6 to: https://api.media.atlassian.com/file/87b71a72-d273-4eac-a631-149745adf1cf/binary?token=eyJhbGciOiJIUzI1NiJ9.eyJpc3MiOiJiN...
  Attempt 1/5: Downloading from https://api.media.atlassian.com/file/87b71a72-d273-4eac-a631-149745adf1cf/binary?token=eyJhbGciOiJIUzI1NiJ9.eyJpc3MiOiJiN...
  📊 Downloaded 10.0/20.25 MB...
  📊 Downloaded 20.0/20.25 MB...
  ✅ Downloaded 21236785 bytes successfully
   ✅ Successfully attached: Retest ISP-1437-Part2-Pass.mp4 (verified in storage)
  Attached Retest ISP-1437-Part2-Pass.mp4 to defect ISP-1437 (service_exists=true)
   [3/3] 📥 Downloading: Retest ISP-1437-Pass-Error displayed-Part 1.mp4 (8.64 MB)
  Attempt 1/3: Downloading from https://craftsilicon.atlassian.net/rest/api/3/attachment/content/128879...
  Following redirect 1/6 to: https://api.media.atlassian.com/file/b019d9a5-1664-4311-a09f-3e4abb0dc1fe/binary?token=eyJhbGciOiJIUzI1NiJ9.eyJpc3MiOiJiN...
  Attempt 1/3: Downloading from https://api.media.atlassian.com/file/b019d9a5-1664-4311-a09f-3e4abb0dc1fe/binary?token=eyJhbGciOiJIUzI1NiJ9.eyJpc3MiOiJiN...
  ✅ Downloaded 9062667 bytes successfully
   ✅ Successfully attached: Retest ISP-1437-Pass-Error displayed-Part 1.mp4 (verified in storage)
  Attached Retest ISP-1437-Pass-Error displayed-Part 1.mp4 to defect ISP-1437 (service_exists=true)

📊 Attachment Summary for ISP-1437:
   ✅ Uploaded: 3
   ⏭️  Skipped: 0
   ❌ Failed: 0

[LABEL] Processing 1 label(s) for ISP-1437
[LABEL-MATCH] Found existing label 'QA' (stored as 'qa') -> f66526ba-6a94-47b5-8239-f9fae5aa2248
[LABEL-ATTACH] Successfully attached label 'qa' (ID: f66526ba-6a94-47b5-8239-f9fae5aa2248) to ISP-1437
[LABEL] Completed processing labels for ISP-1437. Total attached: 1
[COMMENTS] Importing 2 comment(s) for ISP-1437...
[USER-MATCH] Matched 'Edwin Luseno Amalemba' by parsed first+last (Edwin+Amalemba): Edwin Amalemba -> bb3df791-898f-4274-9814-14bb24a55c8b
[IMPORT] Added rich text comment by Edwin Luseno Amalemba to ISP-1437 (id=e71d870e-a620-4559-b566-2d5e95fb7958, length=107)
[USER-MATCH] Matched 'archana.verma' by parsed first+last: archana verma -> 7b5370b5-abcd-4ad2-908b-1791ca40d9c9
[IMPORT] Added rich text comment by archana.verma to ISP-1437 (id=11dc83cc-eb25-4b84-adf7-043065513c80, length=443)
[DESCRIPTION-VALIDATE] ISP-1437: new_len=435, existing_len=471
[DESCRIPTION-UPDATE] ISP-1437: Updated description (435 chars)
  Previous: <div class="trix-content">
  <p><strong>Actual Result-</strong>No error is displayed. System allows t...
  Updated: <p><strong>Actual Result-</strong>No error is displayed. System allows to submit the Supplier Evaluat...
Processing issue 362/439: ISP-1436
[DEBUG-LABELS] Total labels found for ISP-1436: 1
[USER-MATCH] Matched 'archana.verma' by parsed first+last: archana verma -> 7b5370b5-abcd-4ad2-908b-1791ca40d9c9
[USER-MATCH] Matched 'archana.verma' by parsed first+last: archana verma -> 7b5370b5-abcd-4ad2-908b-1791ca40d9c9
[STATUS-MATCH] Matched status 'Closed' by name: Closed -> 8c60b5b6-b9e9-405d-8d7d-d672cb9b23f1
[BANKING-MATCH] Found existing banking type 'ERP' -> d9a45733-9624-42c2-afcc-888ce998dbbe
📥 DOWNLOADING ISSUE-LEVEL ATTACHMENTS FOR ISP-1436
   Total files: 2 (21.41 MB)

   [1/2] 📥 Downloading: ISP-1436, 1433 and ISP-1435-Quotation and response details.webm (15.28 MB)
  Attempt 1/3: Downloading from https://craftsilicon.atlassian.net/rest/api/3/attachment/content/121607...
  Following redirect 1/6 to: https://api.media.atlassian.com/file/27fea92b-b97b-4636-ab14-111b4912d07d/binary?token=eyJhbGciOiJIUzI1NiJ9.eyJpc3MiOiJiN...
  Attempt 1/3: Downloading from https://api.media.atlassian.com/file/27fea92b-b97b-4636-ab14-111b4912d07d/binary?token=eyJhbGciOiJIUzI1NiJ9.eyJpc3MiOiJiN...
  📊 Downloaded 10.0/15.28 MB...
  ✅ Downloaded 16022046 bytes successfully
   ✅ Successfully attached: ISP-1436, 1433 and ISP-1435-Quotation and response details.webm (verified in storage)
  Attached ISP-1436, 1433 and ISP-1435-Quotation and response details.webm to defect ISP-1436 (service_exists=true)
   [2/2] 📥 Downloading: Retest ISP-1436-Pass.mp4 (6.13 MB)
  Attempt 1/3: Downloading from https://craftsilicon.atlassian.net/rest/api/3/attachment/content/128877...
  Following redirect 1/6 to: https://api.media.atlassian.com/file/e2b7296b-2bab-4dd9-bc0c-71a33cb8760b/binary?token=eyJhbGciOiJIUzI1NiJ9.eyJpc3MiOiJiN...
  Attempt 1/3: Downloading from https://api.media.atlassian.com/file/e2b7296b-2bab-4dd9-bc0c-71a33cb8760b/binary?token=eyJhbGciOiJIUzI1NiJ9.eyJpc3MiOiJiN...
  ✅ Downloaded 6431012 bytes successfully
   ✅ Successfully attached: Retest ISP-1436-Pass.mp4 (verified in storage)
  Attached Retest ISP-1436-Pass.mp4 to defect ISP-1436 (service_exists=true)

📊 Attachment Summary for ISP-1436:
   ✅ Uploaded: 2
   ⏭️  Skipped: 0
   ❌ Failed: 0

[LABEL] Processing 1 label(s) for ISP-1436
[LABEL-MATCH] Found existing label 'QA' (stored as 'qa') -> f66526ba-6a94-47b5-8239-f9fae5aa2248
[LABEL-ATTACH] Successfully attached label 'qa' (ID: f66526ba-6a94-47b5-8239-f9fae5aa2248) to ISP-1436
[LABEL] Completed processing labels for ISP-1436. Total attached: 1
[COMMENTS] Importing 2 comment(s) for ISP-1436...
[USER-MATCH] Matched 'Edwin Luseno Amalemba' by parsed first+last (Edwin+Amalemba): Edwin Amalemba -> bb3df791-898f-4274-9814-14bb24a55c8b
[IMPORT] Added rich text comment by Edwin Luseno Amalemba to ISP-1436 (id=0ac3eaec-b8c6-486b-8e88-35b9a8a0b338, length=83)
[USER-MATCH] Matched 'archana.verma' by parsed first+last: archana verma -> 7b5370b5-abcd-4ad2-908b-1791ca40d9c9
[IMPORT] Added rich text comment by archana.verma to ISP-1436 (id=aa1d19dd-0b2c-46a2-8161-7f3f92c8042f, length=189)
[DESCRIPTION-VALIDATE] ISP-1436: new_len=264, existing_len=300
[DESCRIPTION-UPDATE] ISP-1436: Updated description (264 chars)
  Previous: <div class="trix-content">
  <p><strong>Actual Result-</strong>Incorrect Status is displayed<strong> ...
  Updated: <p><strong>Actual Result-</strong>Incorrect Status is displayed<strong> i.e. Submitted</strong> for t...
Processing issue 363/439: ISP-1435
[DEBUG-LABELS] Total labels found for ISP-1435: 1
[USER-MATCH] Matched 'archana.verma' by parsed first+last: archana verma -> 7b5370b5-abcd-4ad2-908b-1791ca40d9c9
[USER-MATCH] Matched 'archana.verma' by parsed first+last: archana verma -> 7b5370b5-abcd-4ad2-908b-1791ca40d9c9
[STATUS-MATCH] Matched status 'Closed' by name: Closed -> 8c60b5b6-b9e9-405d-8d7d-d672cb9b23f1
[BANKING-MATCH] Found existing banking type 'ERP' -> d9a45733-9624-42c2-afcc-888ce998dbbe
📥 DOWNLOADING ISSUE-LEVEL ATTACHMENTS FOR ISP-1435
   Total files: 3 (49.0 MB)

   [1/3] 📥 Downloading: ISP-1434 and ISP-1435-Quotation and response details.webm (15.28 MB)
  Attempt 1/3: Downloading from https://craftsilicon.atlassian.net/rest/api/3/attachment/content/121604...
  Following redirect 1/6 to: https://api.media.atlassian.com/file/d775a7b2-6a81-4c4a-b740-5cc19a91252d/binary?token=eyJhbGciOiJIUzI1NiJ9.eyJpc3MiOiJiN...
  Attempt 1/3: Downloading from https://api.media.atlassian.com/file/d775a7b2-6a81-4c4a-b740-5cc19a91252d/binary?token=eyJhbGciOiJIUzI1NiJ9.eyJpc3MiOiJiN...
  📊 Downloaded 10.0/15.28 MB...
  ✅ Downloaded 16022046 bytes successfully
   ✅ Successfully attached: ISP-1434 and ISP-1435-Quotation and response details.webm (verified in storage)
  Attached ISP-1434 and ISP-1435-Quotation and response details.webm to defect ISP-1435 (service_exists=true)
   [2/3] 📥 Downloading: ISP-1435, 1433, 1432, 1431-evaluations_TzS2sunI.mp4 (14.65 MB)
  Attempt 1/3: Downloading from https://craftsilicon.atlassian.net/rest/api/3/attachment/content/121603...
  Following redirect 1/6 to: https://api.media.atlassian.com/file/1a3d809c-ff95-444b-af40-e316558464ef/binary?token=eyJhbGciOiJIUzI1NiJ9.eyJpc3MiOiJiN...
  Attempt 1/3: Downloading from https://api.media.atlassian.com/file/1a3d809c-ff95-444b-af40-e316558464ef/binary?token=eyJhbGciOiJIUzI1NiJ9.eyJpc3MiOiJiN...
  📊 Downloaded 10.0/14.65 MB...
  ✅ Downloaded 15359655 bytes successfully
   ✅ Successfully attached: ISP-1435, 1433, 1432, 1431-evaluations_TzS2sunI.mp4 (verified in storage)
  Attached ISP-1435, 1433, 1432, 1431-evaluations_TzS2sunI.mp4 to defect ISP-1435 (service_exists=true)
   [3/3] 📥 Downloading: Retest ISP-1435-Pass and ISP-1431-Pass.mp4 (19.07 MB)
  Attempt 1/3: Downloading from https://craftsilicon.atlassian.net/rest/api/3/attachment/content/128881...
  Following redirect 1/6 to: https://api.media.atlassian.com/file/aa30612f-4715-4f0a-93ed-f602d8fc8c82/binary?token=eyJhbGciOiJIUzI1NiJ9.eyJpc3MiOiJiN...
  Attempt 1/3: Downloading from https://api.media.atlassian.com/file/aa30612f-4715-4f0a-93ed-f602d8fc8c82/binary?token=eyJhbGciOiJIUzI1NiJ9.eyJpc3MiOiJiN...
  📊 Downloaded 10.0/19.07 MB...
  ✅ Downloaded 19996477 bytes successfully
   ✅ Successfully attached: Retest ISP-1435-Pass and ISP-1431-Pass.mp4 (verified in storage)
  Attached Retest ISP-1435-Pass and ISP-1431-Pass.mp4 to defect ISP-1435 (service_exists=true)

📊 Attachment Summary for ISP-1435:
   ✅ Uploaded: 3
   ⏭️  Skipped: 0
   ❌ Failed: 0

[LABEL] Processing 1 label(s) for ISP-1435
[LABEL-MATCH] Found existing label 'QA' (stored as 'qa') -> f66526ba-6a94-47b5-8239-f9fae5aa2248
[LABEL-ATTACH] Successfully attached label 'qa' (ID: f66526ba-6a94-47b5-8239-f9fae5aa2248) to ISP-1435
[LABEL] Completed processing labels for ISP-1435. Total attached: 1
[COMMENTS] Importing 2 comment(s) for ISP-1435...
[USER-MATCH] Matched 'Edwin Luseno Amalemba' by parsed first+last (Edwin+Amalemba): Edwin Amalemba -> bb3df791-898f-4274-9814-14bb24a55c8b
[IMPORT] Added rich text comment by Edwin Luseno Amalemba to ISP-1435 (id=ef83977b-d1b4-48f7-9b45-c303584b958b, length=59)
[USER-MATCH] Matched 'archana.verma' by parsed first+last: archana verma -> 7b5370b5-abcd-4ad2-908b-1791ca40d9c9
[IMPORT] Added rich text comment by archana.verma to ISP-1435 (id=7fce70b7-4d29-4ec9-b52c-b4c696500bb0, length=109)
[DESCRIPTION-VALIDATE] ISP-1435: new_len=118, existing_len=154
[DESCRIPTION-UPDATE] ISP-1435: Updated description (118 chars)
  Previous: <div class="trix-content">
  <p><strong>Actual Result-</strong></p>
<p><strong>Expected Result-For al...
  Updated: <p><strong>Actual Result-</strong></p>
<p><strong>Expected Result-For all Saved and Submitted Evaluat...
Processing issue 364/439: ISP-1434
[DEBUG-LABELS] Total labels found for ISP-1434: 1
[USER-MATCH] Matched 'Dominic Mungai' by parsed first+last: Dominic Mungai -> ff2ed53b-182f-452b-8890-24faeed8a955
[USER-FALLBACK] Using default user for 'Stephen Mungai' -> b3613172-fc54-4742-b2ba-c10b97d15bf4
[STATUS-MATCH] Matched status 'Closed' by name: Closed -> 8c60b5b6-b9e9-405d-8d7d-d672cb9b23f1
[BANKING-MATCH] Found existing banking type 'ERP' -> d9a45733-9624-42c2-afcc-888ce998dbbe
📥 DOWNLOADING ISSUE-LEVEL ATTACHMENTS FOR ISP-1434
   Total files: 4 (12.26 MB)

   [1/4] 📥 Downloading: Cannot submit survey for approval.mp4 (9.0 MB)
  Attempt 1/3: Downloading from https://craftsilicon.atlassian.net/rest/api/3/attachment/content/121602...
  Following redirect 1/6 to: https://api.media.atlassian.com/file/6b23550e-e220-4c2f-b7ee-8ba1b2887063/binary?token=eyJhbGciOiJIUzI1NiJ9.eyJpc3MiOiJiN...
  Attempt 1/3: Downloading from https://api.media.atlassian.com/file/6b23550e-e220-4c2f-b7ee-8ba1b2887063/binary?token=eyJhbGciOiJIUzI1NiJ9.eyJpc3MiOiJiN...
  ✅ Downloaded 9434215 bytes successfully
   ✅ Successfully attached: Cannot submit survey for approval.mp4 (verified in storage)
  Attached Cannot submit survey for approval.mp4 to defect ISP-1434 (service_exists=true)
   [2/4] 📥 Downloading: image-20251105-070526.png (0.04 MB)
  Attempt 1/3: Downloading from https://craftsilicon.atlassian.net/rest/api/3/attachment/content/128309...
  Following redirect 1/6 to: https://api.media.atlassian.com/file/ac501788-18bb-415c-8c21-15df8dc0f3f6/binary?token=eyJhbGciOiJIUzI1NiJ9.eyJpc3MiOiJiN...
  Attempt 1/3: Downloading from https://api.media.atlassian.com/file/ac501788-18bb-415c-8c21-15df8dc0f3f6/binary?token=eyJhbGciOiJIUzI1NiJ9.eyJpc3MiOiJiN...
  ✅ Downloaded 41876 bytes successfully
   ✅ Successfully attached: image-20251105-070526.png (verified in storage)
  Attached image-20251105-070526.png to defect ISP-1434 (service_exists=true)
   [3/4] 📥 Downloading: Retest ISP-1434 Pass.mp4 (0.54 MB)
  Attempt 1/3: Downloading from https://craftsilicon.atlassian.net/rest/api/3/attachment/content/128373...
  Following redirect 1/6 to: https://api.media.atlassian.com/file/c93395d5-511b-4801-8299-9392ba21b0de/binary?token=eyJhbGciOiJIUzI1NiJ9.eyJpc3MiOiJiN...
  Attempt 1/3: Downloading from https://api.media.atlassian.com/file/c93395d5-511b-4801-8299-9392ba21b0de/binary?token=eyJhbGciOiJIUzI1NiJ9.eyJpc3MiOiJiN...
  ✅ Downloaded 565655 bytes successfully
   ✅ Successfully attached: Retest ISP-1434 Pass.mp4 (verified in storage)
  Attached Retest ISP-1434 Pass.mp4 to defect ISP-1434 (service_exists=true)
   [4/4] 📥 Downloading: Retest ISP-1434 Passed (Adding campaign).mp4 (2.68 MB)
  Attempt 1/3: Downloading from https://craftsilicon.atlassian.net/rest/api/3/attachment/content/128374...
  Following redirect 1/6 to: https://api.media.atlassian.com/file/360e9c6c-c0f1-4042-b266-2fb966840177/binary?token=eyJhbGciOiJIUzI1NiJ9.eyJpc3MiOiJiN...
  Attempt 1/3: Downloading from https://api.media.atlassian.com/file/360e9c6c-c0f1-4042-b266-2fb966840177/binary?token=eyJhbGciOiJIUzI1NiJ9.eyJpc3MiOiJiN...
  ✅ Downloaded 2810213 bytes successfully
/home/robert/Desktop/CSPM-New/Task_Fresh/TaskBridgeApp/scripts/import_jira_with_modules.rb:1734:in `sleep': Interrupt
	from /home/robert/Desktop/CSPM-New/Task_Fresh/TaskBridgeApp/scripts/import_jira_with_modules.rb:1734:in `block in fetch_and_attach_attachments'
	from /home/robert/Desktop/CSPM-New/Task_Fresh/TaskBridgeApp/scripts/import_jira_with_modules.rb:1522:in `each'
	from /home/robert/Desktop/CSPM-New/Task_Fresh/TaskBridgeApp/scripts/import_jira_with_modules.rb:1522:in `each_with_index'
	from /home/robert/Desktop/CSPM-New/Task_Fresh/TaskBridgeApp/scripts/import_jira_with_modules.rb:1522:in `fetch_and_attach_attachments'
	from /home/robert/Desktop/CSPM-New/Task_Fresh/TaskBridgeApp/scripts/import_jira_with_modules.rb:2469:in `import_issue_with_modules'
	from /home/robert/Desktop/CSPM-New/Task_Fresh/TaskBridgeApp/scripts/import_jira_with_modules.rb:2573:in `block in <main>'
	from /home/robert/Desktop/CSPM-New/Task_Fresh/TaskBridgeApp/scripts/import_jira_with_modules.rb:2568:in `each'
	from /home/robert/Desktop/CSPM-New/Task_Fresh/TaskBridgeApp/scripts/import_jira_with_modules.rb:2568:in `each_with_index'
	from /home/robert/Desktop/CSPM-New/Task_Fresh/TaskBridgeApp/scripts/import_jira_with_modules.rb:2568:in `<main>'
	from /home/robert/.rbenv/versions/3.3.5/lib/ruby/gems/3.3.0/gems/railties-7.2.2.2/lib/rails/commands/runner/runner_command.rb:44:in `load'
	from /home/robert/.rbenv/versions/3.3.5/lib/ruby/gems/3.3.0/gems/railties-7.2.2.2/lib/rails/commands/runner/runner_command.rb:44:in `block in perform'
	from /home/robert/.rbenv/versions/3.3.5/lib/ruby/gems/3.3.0/gems/activesupport-7.2.2.2/lib/active_support/execution_wrapper.rb:91:in `wrap'
	from /home/robert/.rbenv/versions/3.3.5/lib/ruby/gems/3.3.0/gems/railties-7.2.2.2/lib/rails/commands/runner/runner_command.rb:70:in `conditional_executor'
	from /home/robert/.rbenv/versions/3.3.5/lib/ruby/gems/3.3.0/gems/railties-7.2.2.2/lib/rails/commands/runner/runner_command.rb:43:in `perform'
	from /home/robert/.rbenv/versions/3.3.5/lib/ruby/gems/3.3.0/gems/thor-1.4.0/lib/thor/command.rb:28:in `run'
	from /home/robert/.rbenv/versions/3.3.5/lib/ruby/gems/3.3.0/gems/thor-1.4.0/lib/thor/invocation.rb:127:in `invoke_command'
	from /home/robert/.rbenv/versions/3.3.5/lib/ruby/gems/3.3.0/gems/railties-7.2.2.2/lib/rails/command/base.rb:178:in `invoke_command'
	from /home/robert/.rbenv/versions/3.3.5/lib/ruby/gems/3.3.0/gems/thor-1.4.0/lib/thor.rb:538:in `dispatch'
	from /home/robert/.rbenv/versions/3.3.5/lib/ruby/gems/3.3.0/gems/railties-7.2.2.2/lib/rails/command/base.rb:73:in `perform'
	from /home/robert/.rbenv/versions/3.3.5/lib/ruby/gems/3.3.0/gems/railties-7.2.2.2/lib/rails/command.rb:71:in `block in invoke'
	from /home/robert/.rbenv/versions/3.3.5/lib/ruby/gems/3.3.0/gems/railties-7.2.2.2/lib/rails/command.rb:149:in `with_argv'
	from /home/robert/.rbenv/versions/3.3.5/lib/ruby/gems/3.3.0/gems/railties-7.2.2.2/lib/rails/command.rb:69:in `invoke'
	from /home/robert/.rbenv/versions/3.3.5/lib/ruby/gems/3.3.0/gems/railties-7.2.2.2/lib/rails/commands.rb:18:in `<main>'
	from /home/robert/.rbenv/versions/3.3.5/lib/ruby/3.3.0/bundled_gems.rb:75:in `require'
	from /home/robert/.rbenv/versions/3.3.5/lib/ruby/3.3.0/bundled_gems.rb:75:in `block (2 levels) in replace_require'
	from /home/robert/.rbenv/versions/3.3.5/lib/ruby/gems/3.3.0/gems/bootsnap-1.18.6/lib/bootsnap/load_path_cache/core_ext/kernel_require.rb:30:in `require'
	from bin/rails:4:in `<main>'
   ✅ Successfully attached: Retest ISP-1434 Passed (Adding campaign).mp4 (verified in storage)
  Attached Retest ISP-1434 Passed (Adding campaign).mp4 to defect ISP-1434 (service_exists=true)
